message_type,element_count,serialized_bytes,latency_ms
amcl_pose,1,364,0.5140
amcl_pose,1,364,0.7042
amcl_pose,1,364,0.6588
amcl_pose,1,364,0.6162
amcl_pose,1,364,0.5633
amcl_pose,1,364,0.5300
amcl_pose,1,364,0.5284
amcl_pose,1,364,0.5049
amcl_pose,1,364,0.4547
amcl_pose,1,364,0.6408
amcl_pose,1,364,0.5699
amcl_pose,1,364,0.5739
amcl_pose,1,364,0.5475
amcl_pose,1,364,0.5608
amcl_pose,1,364,0.5566
amcl_pose,1,364,0.5133
amcl_pose,1,364,0.4938
amcl_pose,1,364,0.4905
amcl_pose,1,364,0.5051
amcl_pose,1,364,0.3277
amcl_pose,1,364,0.5623
amcl_pose,1,364,0.6503
amcl_pose,1,364,0.5748
amcl_pose,1,364,0.5615
amcl_pose,1,364,0.5561
amcl_pose,1,364,0.5855
amcl_pose,1,364,0.6012
amcl_pose,1,364,0.5639
amcl_pose,1,364,0.5565
amcl_pose,1,364,0.5561
amcl_pose,1,364,0.5411
amcl_pose,1,364,0.4821
amcl_pose,1,364,0.4070
amcl_pose,1,364,0.4444
amcl_pose,1,364,0.5088
amcl_pose,1,364,0.4832
amcl_pose,1,364,0.5597
amcl_pose,1,364,0.5586
amcl_pose,1,364,0.4592
amcl_pose,1,364,0.4677
amcl_pose,1,364,0.5349
amcl_pose,1,364,0.4499
amcl_pose,1,364,0.6006
amcl_pose,1,364,0.5578
amcl_pose,1,364,0.6358
amcl_pose,1,364,0.4999
amcl_pose,1,364,0.5341
amcl_pose,1,364,0.5401
amcl_pose,1,364,0.4589
amcl_pose,1,364,0.5462
amcl_pose,1,364,0.5488
amcl_pose,1,364,0.4083
amcl_pose,1,364,0.5594
amcl_pose,1,364,0.5286
amcl_pose,1,364,0.5067
amcl_pose,1,364,0.4987
amcl_pose,1,364,0.5167
amcl_pose,1,364,0.5396
amcl_pose,1,364,0.5117
amcl_pose,1,364,0.5732
amcl_pose,1,364,0.5207
amcl_pose,1,364,0.4967
amcl_pose,1,364,0.7099
amcl_pose,1,364,0.5453
amcl_pose,1,364,0.5158
amcl_pose,1,364,0.4881
amcl_pose,1,364,0.4642
amcl_pose,1,364,0.5600
amcl_pose,1,364,0.5911
amcl_pose,1,364,0.6091
amcl_pose,1,364,0.4769
amcl_pose,1,364,0.4866
amcl_pose,1,364,0.4825
amcl_pose,1,364,0.4997
amcl_pose,1,364,0.5864
amcl_pose,1,364,0.5779
amcl_pose,1,364,0.4716
amcl_pose,1,364,0.4709
amcl_pose,1,364,0.4867
amcl_pose,1,364,0.5639
amcl_pose,1,364,0.5378
amcl_pose,1,364,0.5925
amcl_pose,1,364,0.6489
amcl_pose,1,364,0.4856
amcl_pose,1,364,0.5290
amcl_pose,1,364,0.5459
amcl_pose,1,364,0.5431
amcl_pose,1,364,0.5874
amcl_pose,1,364,0.7001
amcl_pose,1,364,0.5754
amcl_pose,1,364,0.4919
amcl_pose,1,364,0.5453
amcl_pose,1,364,0.4873
amcl_pose,1,364,0.5363
amcl_pose,1,364,0.7089
amcl_pose,1,364,0.4697
amcl_pose,1,364,0.4755
amcl_pose,1,364,0.4690
amcl_pose,1,364,0.5511
amcl_pose,1,364,0.5223
amcl_pose,1,364,0.4807
amcl_pose,1,364,0.4846
amcl_pose,1,364,0.5123
amcl_pose,1,364,0.5507
amcl_pose,1,364,0.5517
amcl_pose,1,364,0.5836
amcl_pose,1,364,0.5692
amcl_pose,1,364,0.5343
amcl_pose,1,364,0.5227
amcl_pose,1,364,0.6919
amcl_pose,1,364,0.4968
amcl_pose,1,364,0.4597
amcl_pose,1,364,0.4610
amcl_pose,1,364,0.4434
amcl_pose,1,364,0.5017
amcl_pose,1,364,0.4633
amcl_pose,1,364,0.5000
amcl_pose,1,364,0.4439
amcl_pose,1,364,0.4783
amcl_pose,1,364,0.5117
amcl_pose,1,364,0.4756
amcl_pose,1,364,0.4541
amcl_pose,1,364,0.4582
amcl_pose,1,364,0.5535
amcl_pose,1,364,0.5298
amcl_pose,1,364,0.4752
amcl_pose,1,364,0.5605
amcl_pose,1,364,0.5539
amcl_pose,1,364,0.5548
amcl_pose,1,364,0.5507
amcl_pose,1,364,0.6544
amcl_pose,1,364,0.4897
amcl_pose,1,364,0.4687
amcl_pose,1,364,0.4686
amcl_pose,1,364,0.5350
amcl_pose,1,364,0.4824
amcl_pose,1,364,0.4415
amcl_pose,1,364,0.5225
amcl_pose,1,364,0.6444
amcl_pose,1,364,0.7550
amcl_pose,1,364,0.5097
amcl_pose,1,364,0.4626
amcl_pose,1,364,0.4986
amcl_pose,1,364,0.6307
amcl_pose,1,364,0.7331
amcl_pose,1,364,0.5517
amcl_pose,1,364,0.7645
amcl_pose,1,364,0.5072
amcl_pose,1,364,0.4993
amcl_pose,1,364,0.4518
amcl_pose,1,364,0.6873
amcl_pose,1,364,0.6239
amcl_pose,1,364,0.5288
amcl_pose,1,364,0.5760
amcl_pose,1,364,0.5889
amcl_pose,1,364,0.5935
amcl_pose,1,364,0.5244
amcl_pose,1,364,0.4141
amcl_pose,1,364,0.5584
amcl_pose,1,364,0.5097
amcl_pose,1,364,0.5592
amcl_pose,1,364,0.5635
amcl_pose,1,364,0.6118
amcl_pose,1,364,0.6417
amcl_pose,1,364,0.6071
amcl_pose,1,364,0.6221
amcl_pose,1,364,0.5513
amcl_pose,1,364,0.5639
amcl_pose,1,364,0.3830
amcl_pose,1,364,0.5685
amcl_pose,1,364,0.5500
amcl_pose,1,364,0.6014
amcl_pose,1,364,0.5127
amcl_pose,1,364,0.4817
amcl_pose,1,364,0.5749
amcl_pose,1,364,0.4427
amcl_pose,1,364,0.6644
amcl_pose,1,364,0.5119
amcl_pose,1,364,0.5111
amcl_pose,1,364,0.5787
amcl_pose,1,364,0.5110
amcl_pose,1,364,0.5956
amcl_pose,1,364,0.5975
amcl_pose,1,364,0.6541
amcl_pose,1,364,0.4519
amcl_pose,1,364,0.5079
amcl_pose,1,364,0.2513
amcl_pose,1,364,0.6153
amcl_pose,1,364,0.5927
amcl_pose,1,364,0.6638
amcl_pose,1,364,0.4807
amcl_pose,1,364,0.7998
amcl_pose,1,364,0.5950
amcl_pose,1,364,0.5877
amcl_pose,1,364,0.5470
amcl_pose,1,364,0.4663
amcl_pose,1,364,0.5438
amcl_pose,1,364,0.5403
amcl_pose,1,364,0.4500
amcl_pose,1,364,0.5076
amcl_pose,1,364,0.5043
amcl_pose,1,364,0.6358
amcl_pose,1,364,0.5325
amcl_pose,1,364,0.6010
amcl_pose,1,364,0.6783
amcl_pose,1,364,0.6253
amcl_pose,1,364,0.5471
amcl_pose,1,364,0.6246
amcl_pose,1,364,0.6260
amcl_pose,1,364,0.5538
amcl_pose,1,364,0.5964
amcl_pose,1,364,0.6370
amcl_pose,1,364,0.4265
amcl_pose,1,364,0.5444
amcl_pose,1,364,0.6479
amcl_pose,1,364,0.6184
amcl_pose,1,364,0.6097
amcl_pose,1,364,0.5685
amcl_pose,1,364,0.5688
amcl_pose,1,364,0.6101
amcl_pose,1,364,0.4908
amcl_pose,1,364,0.5789
amcl_pose,1,364,0.4820
amcl_pose,1,364,0.5874
amcl_pose,1,364,0.5484
amcl_pose,1,364,0.6776
amcl_pose,1,364,0.6069
amcl_pose,1,364,0.5781
amcl_pose,1,364,0.4638
amcl_pose,1,364,0.5982
amcl_pose,1,364,0.5537
amcl_pose,1,364,0.5854
amcl_pose,1,364,0.5973
amcl_pose,1,364,0.4003
amcl_pose,1,364,0.5940
amcl_pose,1,364,0.6593
amcl_pose,1,364,0.6045
amcl_pose,1,364,0.6286
amcl_pose,1,364,0.5504
amcl_pose,1,364,0.5497
amcl_pose,1,364,0.5905
amcl_pose,1,364,0.5072
amcl_pose,1,364,0.5844
amcl_pose,1,364,0.5492
amcl_pose,1,364,0.5960
amcl_pose,1,364,0.4251
amcl_pose,1,364,0.6614
amcl_pose,1,364,0.5121
amcl_pose,1,364,0.6324
amcl_pose,1,364,0.5771
amcl_pose,1,364,0.5286
amcl_pose,1,364,0.6185
amcl_pose,1,364,0.5833
amcl_pose,1,364,0.5585
amcl_pose,1,364,0.6206
amcl_pose,1,364,0.6696
amcl_pose,1,364,0.6713
amcl_pose,1,364,0.5744
amcl_pose,1,364,0.5851
amcl_pose,1,364,0.6185
amcl_pose,1,364,0.5648
amcl_pose,1,364,0.4339
amcl_pose,1,364,0.5255
amcl_pose,1,364,0.5082
amcl_pose,1,364,0.4830
amcl_pose,1,364,0.5438
amcl_pose,1,364,0.7021
amcl_pose,1,364,0.5555
amcl_pose,1,364,0.5766
amcl_pose,1,364,0.5361
amcl_pose,1,364,0.5742
amcl_pose,1,364,0.5896
amcl_pose,1,364,0.5818
amcl_pose,1,364,0.5721
amcl_pose,1,364,0.5971
amcl_pose,1,364,0.5975
amcl_pose,1,364,0.6117
amcl_pose,1,364,0.5554
amcl_pose,1,364,0.5203
amcl_pose,1,364,0.5127
amcl_pose,1,364,0.4908
amcl_pose,1,364,0.5688
amcl_pose,1,364,0.4245
amcl_pose,1,364,0.5384
amcl_pose,1,364,0.5699
amcl_pose,1,364,0.5103
amcl_pose,1,364,0.6141
amcl_pose,1,364,0.5700
amcl_pose,1,364,0.5623
amcl_pose,1,364,0.5910
amcl_pose,1,364,0.5698
amcl_pose,1,364,0.5896
amcl_pose,1,364,0.5418
amcl_pose,1,364,0.5288
amcl_pose,1,364,0.6045
amcl_pose,1,364,0.5721
amcl_pose,1,364,0.5488
amcl_pose,1,364,0.5589
amcl_pose,1,364,0.5581
amcl_pose,1,364,0.6171
amcl_pose,1,364,0.5671
amcl_pose,1,364,0.5937
amcl_pose,1,364,0.5743
amcl_pose,1,364,0.5355
amcl_pose,1,364,0.5325
amcl_pose,1,364,0.5492
amcl_pose,1,364,0.5323
amcl_pose,1,364,0.6461
amcl_pose,1,364,0.6154
amcl_pose,1,364,0.6373
amcl_pose,1,364,0.5712
amcl_pose,1,364,0.5575
amcl_pose,1,364,0.4903
amcl_pose,1,364,0.5323
amcl_pose,1,364,0.6206
amcl_pose,1,364,0.5618
amcl_pose,1,364,0.5792
amcl_pose,1,364,0.6205
amcl_pose,1,364,0.5760
amcl_pose,1,364,0.6117
amcl_pose,1,364,0.4660
amcl_pose,1,364,0.6115
amcl_pose,1,364,0.5568
amcl_pose,1,364,0.5536
amcl_pose,1,364,0.5161
amcl_pose,1,364,0.5441
amcl_pose,1,364,0.5813
amcl_pose,1,364,0.6363
amcl_pose,1,364,0.6452
amcl_pose,1,364,0.5715
amcl_pose,1,364,0.5748
amcl_pose,1,364,0.5565
amcl_pose,1,364,0.5609
amcl_pose,1,364,0.4900
amcl_pose,1,364,0.5932
amcl_pose,1,364,0.5653
amcl_pose,1,364,0.6039
amcl_pose,1,364,0.6387
amcl_pose,1,364,0.6365
amcl_pose,1,364,0.5817
amcl_pose,1,364,0.5432
amcl_pose,1,364,0.6111
amcl_pose,1,364,0.5432
amcl_pose,1,364,0.5469
amcl_pose,1,364,0.5785
amcl_pose,1,364,0.5592
amcl_pose,1,364,0.5449
amcl_pose,1,364,0.5303
amcl_pose,1,364,0.6469
amcl_pose,1,364,0.5882
amcl_pose,1,364,0.5706
amcl_pose,1,364,0.5672
amcl_pose,1,364,0.4847
amcl_pose,1,364,0.4688
amcl_pose,1,364,0.5153
amcl_pose,1,364,0.4931
amcl_pose,1,364,0.4688
amcl_pose,1,364,0.5067
amcl_pose,1,364,0.5442
amcl_pose,1,364,0.5642
amcl_pose,1,364,0.5517
amcl_pose,1,364,0.5541
amcl_pose,1,364,0.5591
amcl_pose,1,364,0.5640
amcl_pose,1,364,0.5603
amcl_pose,1,364,0.5758
amcl_pose,1,364,0.5374
amcl_pose,1,364,0.5259
amcl_pose,1,364,0.7041
amcl_pose,1,364,0.5747
amcl_pose,1,364,0.5592
amcl_pose,1,364,0.5291
amcl_pose,1,364,0.5285
amcl_pose,1,364,0.5622
amcl_pose,1,364,0.5629
amcl_pose,1,364,0.5462
amcl_pose,1,364,0.5398
amcl_pose,1,364,0.5458
amcl_pose,1,364,0.5476
amcl_pose,1,364,0.5834
amcl_pose,1,364,0.5576
amcl_pose,1,364,0.5340
amcl_pose,1,364,0.5403
amcl_pose,1,364,0.4973
amcl_pose,1,364,0.5899
amcl_pose,1,364,0.5475
amcl_pose,1,364,0.5426
amcl_pose,1,364,0.4710
amcl_pose,1,364,0.5664
amcl_pose,1,364,0.6311
amcl_pose,1,364,0.5982
amcl_pose,1,364,0.5724
amcl_pose,1,364,0.6145
amcl_pose,1,364,0.6418
amcl_pose,1,364,0.6607
amcl_pose,1,364,0.7379
amcl_pose,1,364,0.5530
amcl_pose,1,364,0.5270
amcl_pose,1,364,0.6331
amcl_pose,1,364,0.6142
amcl_pose,1,364,0.6296
amcl_pose,1,364,0.5496
amcl_pose,1,364,0.5540
amcl_pose,1,364,0.4847
amcl_pose,1,364,0.5753
amcl_pose,1,364,0.5576
amcl_pose,1,364,0.5386
amcl_pose,1,364,0.5045
amcl_pose,1,364,0.5442
amcl_pose,1,364,0.6752
amcl_pose,1,364,0.5631
amcl_pose,1,364,0.5975
amcl_pose,1,364,0.5594
amcl_pose,1,364,0.5735
amcl_pose,1,364,0.5997
amcl_pose,1,364,0.5674
amcl_pose,1,364,0.5232
amcl_pose,1,364,0.5668
amcl_pose,1,364,0.6339
amcl_pose,1,364,0.6135
amcl_pose,1,364,0.5467
amcl_pose,1,364,0.4845
amcl_pose,1,364,0.5262
amcl_pose,1,364,0.5939
amcl_pose,1,364,0.5637
amcl_pose,1,364,0.5513
amcl_pose,1,364,0.5452
amcl_pose,1,364,0.5507
amcl_pose,1,364,0.5345
amcl_pose,1,364,0.6226
amcl_pose,1,364,0.6612
amcl_pose,1,364,0.5261
amcl_pose,1,364,0.6097
amcl_pose,1,364,0.5673
amcl_pose,1,364,0.5846
amcl_pose,1,364,0.5623
amcl_pose,1,364,0.5407
amcl_pose,1,364,0.5732
amcl_pose,1,364,0.5499
amcl_pose,1,364,0.5675
amcl_pose,1,364,0.5855
amcl_pose,1,364,0.5957
amcl_pose,1,364,0.5838
amcl_pose,1,364,0.5773
amcl_pose,1,364,0.5990
amcl_pose,1,364,0.5655
amcl_pose,1,364,0.5599
amcl_pose,1,364,0.5846
amcl_pose,1,364,0.5374
amcl_pose,1,364,0.5036
amcl_pose,1,364,0.6238
amcl_pose,1,364,0.5867
amcl_pose,1,364,0.5749
amcl_pose,1,364,0.7237
amcl_pose,1,364,0.5967
amcl_pose,1,364,0.5503
amcl_pose,1,364,0.4880
amcl_pose,1,364,0.5546
amcl_pose,1,364,0.5630
amcl_pose,1,364,0.5591
amcl_pose,1,364,0.5606
amcl_pose,1,364,0.5755
amcl_pose,1,364,0.6152
amcl_pose,1,364,0.5431
amcl_pose,1,364,0.5659
amcl_pose,1,364,0.5290
amcl_pose,1,364,0.5318
amcl_pose,1,364,0.5337
amcl_pose,1,364,0.4955
amcl_pose,1,364,0.4776
amcl_pose,1,364,0.6147
amcl_pose,1,364,0.4734
amcl_pose,1,364,0.5938
amcl_pose,1,364,0.4741
amcl_pose,1,364,0.5847
amcl_pose,1,364,0.4764
amcl_pose,1,364,0.4720
amcl_pose,1,364,0.4808
amcl_pose,1,364,0.5044
amcl_pose,1,364,0.4713
amcl_pose,1,364,0.4898
amcl_pose,1,364,0.5113
amcl_pose,1,364,0.5261
amcl_pose,1,364,0.5888
amcl_pose,1,364,0.5541
amcl_pose,1,364,0.4106
amcl_pose,1,364,0.5388
amcl_pose,1,364,0.5247
amcl_pose,1,364,0.5298
amcl_pose,1,364,0.4573
amcl_pose,1,364,0.5122
amcl_pose,1,364,0.5325
amcl_pose,1,364,0.5492
amcl_pose,1,364,0.4710
amcl_pose,1,364,0.5453
amcl_pose,1,364,0.5118
amcl_pose,1,364,0.5225
amcl_pose,1,364,0.5140
amcl_pose,1,364,0.5397
amcl_pose,1,364,0.5629
amcl_pose,1,364,0.5415
amcl_pose,1,364,0.5315
amcl_pose,1,364,0.5492
amcl_pose,1,364,0.5539
amcl_pose,1,364,0.6612
amcl_pose,1,364,0.5390
amcl_pose,1,364,0.5433
amcl_pose,1,364,0.5697
amcl_pose,1,364,0.4906
amcl_pose,1,364,0.5137
amcl_pose,1,364,0.4875
amcl_pose,1,364,0.5462
amcl_pose,1,364,0.6171
amcl_pose,1,364,0.5240
amcl_pose,1,364,0.5845
amcl_pose,1,364,0.5318
amcl_pose,1,364,0.5729
amcl_pose,1,364,0.5220
amcl_pose,1,364,0.5369
amcl_pose,1,364,0.5811
twist_stamped,1,68,0.5133
twist_stamped,1,68,0.4307
twist_stamped,1,68,0.3605
twist_stamped,1,68,0.5475
twist_stamped,1,68,0.5654
twist_stamped,1,68,0.4545
twist_stamped,1,68,0.4207
twist_stamped,1,68,0.4926
twist_stamped,1,68,0.6536
twist_stamped,1,68,0.5444
twist_stamped,1,68,0.4528
twist_stamped,1,68,0.4964
twist_stamped,1,68,0.4752
twist_stamped,1,68,0.5868
twist_stamped,1,68,0.5668
twist_stamped,1,68,0.5887
twist_stamped,1,68,0.5129
twist_stamped,1,68,0.4502
twist_stamped,1,68,0.4921
twist_stamped,1,68,0.5009
twist_stamped,1,68,0.4320
twist_stamped,1,68,0.4419
twist_stamped,1,68,0.5618
twist_stamped,1,68,0.4681
twist_stamped,1,68,0.5789
twist_stamped,1,68,0.5519
twist_stamped,1,68,0.4789
twist_stamped,1,68,0.4630
twist_stamped,1,68,0.4738
twist_stamped,1,68,0.4637
twist_stamped,1,68,0.4429
twist_stamped,1,68,0.4309
twist_stamped,1,68,0.4737
twist_stamped,1,68,0.4655
twist_stamped,1,68,0.5106
twist_stamped,1,68,0.4825
twist_stamped,1,68,0.5923
twist_stamped,1,68,0.5154
twist_stamped,1,68,0.5507
twist_stamped,1,68,0.6024
twist_stamped,1,68,0.4835
twist_stamped,1,68,0.5568
twist_stamped,1,68,0.4003
twist_stamped,1,68,0.4607
twist_stamped,1,68,0.4534
twist_stamped,1,68,0.5154
twist_stamped,1,68,0.4999
twist_stamped,1,68,0.5924
twist_stamped,1,68,0.4582
twist_stamped,1,68,0.5869
twist_stamped,1,68,0.4413
twist_stamped,1,68,0.3065
twist_stamped,1,68,0.5318
twist_stamped,1,68,0.5097
twist_stamped,1,68,0.5257
twist_stamped,1,68,0.5147
twist_stamped,1,68,0.4444
twist_stamped,1,68,0.5130
twist_stamped,1,68,0.4748
twist_stamped,1,68,0.5259
twist_stamped,1,68,0.5441
twist_stamped,1,68,0.5030
twist_stamped,1,68,0.6424
twist_stamped,1,68,0.6316
twist_stamped,1,68,0.4519
twist_stamped,1,68,0.5313
twist_stamped,1,68,0.5233
twist_stamped,1,68,0.4912
twist_stamped,1,68,0.5587
twist_stamped,1,68,0.4738
twist_stamped,1,68,0.4786
twist_stamped,1,68,0.5176
twist_stamped,1,68,0.4585
twist_stamped,1,68,0.5549
twist_stamped,1,68,0.4412
twist_stamped,1,68,0.4838
twist_stamped,1,68,0.4015
twist_stamped,1,68,0.5186
twist_stamped,1,68,0.4943
twist_stamped,1,68,0.4733
twist_stamped,1,68,0.5250
twist_stamped,1,68,0.4824
twist_stamped,1,68,0.5548
twist_stamped,1,68,0.3957
twist_stamped,1,68,0.4272
twist_stamped,1,68,0.4197
twist_stamped,1,68,0.5654
twist_stamped,1,68,0.4261
twist_stamped,1,68,0.4578
twist_stamped,1,68,0.4269
twist_stamped,1,68,0.4754
twist_stamped,1,68,0.4629
twist_stamped,1,68,0.4336
twist_stamped,1,68,0.4744
twist_stamped,1,68,0.4782
twist_stamped,1,68,0.4396
twist_stamped,1,68,0.4229
twist_stamped,1,68,0.4286
twist_stamped,1,68,0.5455
twist_stamped,1,68,0.4545
twist_stamped,1,68,0.4380
twist_stamped,1,68,0.4633
twist_stamped,1,68,0.5990
twist_stamped,1,68,0.4729
twist_stamped,1,68,0.4916
twist_stamped,1,68,0.4071
twist_stamped,1,68,0.5655
twist_stamped,1,68,0.4371
twist_stamped,1,68,0.5445
twist_stamped,1,68,0.4607
twist_stamped,1,68,0.4782
twist_stamped,1,68,0.4767
twist_stamped,1,68,0.4579
twist_stamped,1,68,0.5588
twist_stamped,1,68,0.5147
twist_stamped,1,68,0.5270
twist_stamped,1,68,0.4261
twist_stamped,1,68,0.4151
twist_stamped,1,68,0.5326
twist_stamped,1,68,0.4475
twist_stamped,1,68,0.4571
twist_stamped,1,68,0.4754
twist_stamped,1,68,0.4064
twist_stamped,1,68,0.3970
twist_stamped,1,68,0.5358
twist_stamped,1,68,0.5722
twist_stamped,1,68,0.5085
twist_stamped,1,68,0.5539
twist_stamped,1,68,0.5133
twist_stamped,1,68,0.5033
twist_stamped,1,68,0.6136
twist_stamped,1,68,0.5399
twist_stamped,1,68,0.5354
twist_stamped,1,68,0.5393
twist_stamped,1,68,0.5733
twist_stamped,1,68,0.4654
twist_stamped,1,68,0.5356
twist_stamped,1,68,0.4622
twist_stamped,1,68,0.4287
twist_stamped,1,68,0.5107
twist_stamped,1,68,0.4777
twist_stamped,1,68,0.4923
twist_stamped,1,68,0.4350
twist_stamped,1,68,0.4676
twist_stamped,1,68,0.5137
twist_stamped,1,68,0.4751
twist_stamped,1,68,0.4297
twist_stamped,1,68,0.5457
twist_stamped,1,68,0.4672
twist_stamped,1,68,0.4397
twist_stamped,1,68,0.5697
twist_stamped,1,68,0.4905
twist_stamped,1,68,0.4566
twist_stamped,1,68,0.5560
twist_stamped,1,68,0.5402
twist_stamped,1,68,0.4020
twist_stamped,1,68,0.4819
twist_stamped,1,68,0.4265
twist_stamped,1,68,0.5244
twist_stamped,1,68,0.4886
twist_stamped,1,68,0.4311
twist_stamped,1,68,0.4398
twist_stamped,1,68,0.3789
twist_stamped,1,68,0.5005
twist_stamped,1,68,0.4639
twist_stamped,1,68,0.5542
twist_stamped,1,68,0.4913
twist_stamped,1,68,0.4775
twist_stamped,1,68,0.5763
twist_stamped,1,68,0.5037
twist_stamped,1,68,0.4606
twist_stamped,1,68,0.4805
twist_stamped,1,68,0.4679
twist_stamped,1,68,0.4575
twist_stamped,1,68,0.4328
twist_stamped,1,68,0.4082
twist_stamped,1,68,0.4874
twist_stamped,1,68,0.4347
twist_stamped,1,68,0.5262
twist_stamped,1,68,0.4743
twist_stamped,1,68,0.4218
twist_stamped,1,68,0.4191
twist_stamped,1,68,0.4418
twist_stamped,1,68,0.5452
twist_stamped,1,68,0.4445
twist_stamped,1,68,0.4701
twist_stamped,1,68,0.5212
twist_stamped,1,68,0.4191
twist_stamped,1,68,0.6422
twist_stamped,1,68,0.4592
twist_stamped,1,68,0.4479
twist_stamped,1,68,0.5013
twist_stamped,1,68,0.4752
twist_stamped,1,68,0.5215
twist_stamped,1,68,0.4683
twist_stamped,1,68,0.4939
twist_stamped,1,68,0.4639
twist_stamped,1,68,0.5093
twist_stamped,1,68,0.5394
twist_stamped,1,68,0.4777
twist_stamped,1,68,0.4608
twist_stamped,1,68,0.4702
twist_stamped,1,68,0.4706
twist_stamped,1,68,0.4540
twist_stamped,1,68,0.4230
twist_stamped,1,68,0.5083
twist_stamped,1,68,0.4287
twist_stamped,1,68,0.5972
twist_stamped,1,68,0.4846
twist_stamped,1,68,0.4432
twist_stamped,1,68,0.4775
twist_stamped,1,68,0.4227
twist_stamped,1,68,0.3756
twist_stamped,1,68,0.4325
twist_stamped,1,68,0.4485
twist_stamped,1,68,0.4225
twist_stamped,1,68,0.4187
twist_stamped,1,68,0.4795
twist_stamped,1,68,0.4760
twist_stamped,1,68,0.4998
twist_stamped,1,68,0.4357
twist_stamped,1,68,0.4505
twist_stamped,1,68,0.3723
twist_stamped,1,68,0.4638
twist_stamped,1,68,0.5327
twist_stamped,1,68,0.4671
twist_stamped,1,68,0.6437
twist_stamped,1,68,0.5333
twist_stamped,1,68,0.5357
twist_stamped,1,68,0.5656
twist_stamped,1,68,0.4758
twist_stamped,1,68,0.4980
twist_stamped,1,68,0.5666
twist_stamped,1,68,0.5082
twist_stamped,1,68,0.5849
twist_stamped,1,68,0.4552
twist_stamped,1,68,0.4934
twist_stamped,1,68,0.4710
twist_stamped,1,68,0.4887
twist_stamped,1,68,0.4258
twist_stamped,1,68,0.4239
twist_stamped,1,68,0.4466
twist_stamped,1,68,0.3873
twist_stamped,1,68,0.5184
twist_stamped,1,68,0.4329
twist_stamped,1,68,0.4595
twist_stamped,1,68,0.4640
twist_stamped,1,68,0.4303
twist_stamped,1,68,0.4501
twist_stamped,1,68,0.5612
twist_stamped,1,68,0.4668
twist_stamped,1,68,0.4713
twist_stamped,1,68,0.4380
twist_stamped,1,68,0.5274
twist_stamped,1,68,0.4880
twist_stamped,1,68,0.4876
twist_stamped,1,68,0.4445
twist_stamped,1,68,0.3996
twist_stamped,1,68,0.4773
twist_stamped,1,68,0.4921
twist_stamped,1,68,0.4749
twist_stamped,1,68,0.4900
twist_stamped,1,68,0.4289
twist_stamped,1,68,0.4836
twist_stamped,1,68,0.4297
twist_stamped,1,68,0.4087
twist_stamped,1,68,0.4315
twist_stamped,1,68,0.4179
twist_stamped,1,68,0.4191
twist_stamped,1,68,0.4981
twist_stamped,1,68,0.5466
twist_stamped,1,68,0.4293
twist_stamped,1,68,0.4277
twist_stamped,1,68,0.4818
twist_stamped,1,68,0.3850
twist_stamped,1,68,0.4089
twist_stamped,1,68,0.3733
twist_stamped,1,68,0.4050
twist_stamped,1,68,0.4996
twist_stamped,1,68,0.4535
twist_stamped,1,68,0.4422
twist_stamped,1,68,0.3722
twist_stamped,1,68,0.3739
twist_stamped,1,68,0.4637
twist_stamped,1,68,0.4283
twist_stamped,1,68,0.4195
twist_stamped,1,68,0.4646
twist_stamped,1,68,0.4155
twist_stamped,1,68,0.4965
twist_stamped,1,68,0.4649
twist_stamped,1,68,0.5219
twist_stamped,1,68,0.4314
twist_stamped,1,68,0.3909
twist_stamped,1,68,0.3876
twist_stamped,1,68,0.4326
twist_stamped,1,68,0.4094
twist_stamped,1,68,0.4243
twist_stamped,1,68,0.4239
twist_stamped,1,68,0.5461
twist_stamped,1,68,0.4309
twist_stamped,1,68,0.4360
twist_stamped,1,68,0.4157
twist_stamped,1,68,0.4254
twist_stamped,1,68,0.4640
twist_stamped,1,68,0.5121
twist_stamped,1,68,0.4596
twist_stamped,1,68,0.4220
twist_stamped,1,68,0.4005
twist_stamped,1,68,0.5340
twist_stamped,1,68,0.5086
twist_stamped,1,68,0.5262
twist_stamped,1,68,0.5916
twist_stamped,1,68,0.5014
twist_stamped,1,68,0.5262
twist_stamped,1,68,0.4827
twist_stamped,1,68,0.4695
twist_stamped,1,68,0.4820
twist_stamped,1,68,0.4585
twist_stamped,1,68,0.4713
twist_stamped,1,68,0.5128
twist_stamped,1,68,0.5297
twist_stamped,1,68,0.5113
twist_stamped,1,68,0.4353
twist_stamped,1,68,0.5030
twist_stamped,1,68,0.4186
twist_stamped,1,68,0.3555
twist_stamped,1,68,0.4759
twist_stamped,1,68,0.4617
twist_stamped,1,68,0.5419
twist_stamped,1,68,0.4689
twist_stamped,1,68,0.4724
twist_stamped,1,68,0.4826
twist_stamped,1,68,0.4627
twist_stamped,1,68,0.4410
twist_stamped,1,68,0.4340
twist_stamped,1,68,0.4532
twist_stamped,1,68,0.4419
twist_stamped,1,68,0.4260
twist_stamped,1,68,0.4744
twist_stamped,1,68,0.4416
twist_stamped,1,68,0.5013
twist_stamped,1,68,0.4465
twist_stamped,1,68,0.4089
twist_stamped,1,68,0.4644
twist_stamped,1,68,0.4883
twist_stamped,1,68,0.4204
twist_stamped,1,68,0.4165
twist_stamped,1,68,0.4547
twist_stamped,1,68,0.4733
twist_stamped,1,68,0.4790
twist_stamped,1,68,0.3489
twist_stamped,1,68,0.4600
twist_stamped,1,68,0.4986
twist_stamped,1,68,0.5189
twist_stamped,1,68,0.3556
twist_stamped,1,68,0.4434
twist_stamped,1,68,0.4035
twist_stamped,1,68,0.3962
twist_stamped,1,68,0.4628
twist_stamped,1,68,0.4861
twist_stamped,1,68,0.4692
twist_stamped,1,68,0.5125
twist_stamped,1,68,0.4809
twist_stamped,1,68,0.5261
twist_stamped,1,68,0.4829
twist_stamped,1,68,0.4176
twist_stamped,1,68,0.4283
twist_stamped,1,68,0.4262
twist_stamped,1,68,0.4739
twist_stamped,1,68,0.4291
twist_stamped,1,68,0.4093
twist_stamped,1,68,0.4501
twist_stamped,1,68,0.5965
twist_stamped,1,68,0.5361
twist_stamped,1,68,0.4711
twist_stamped,1,68,0.4859
twist_stamped,1,68,0.4605
twist_stamped,1,68,0.4582
twist_stamped,1,68,0.4764
twist_stamped,1,68,0.4236
twist_stamped,1,68,0.3928
twist_stamped,1,68,0.4328
twist_stamped,1,68,0.4625
twist_stamped,1,68,0.4221
twist_stamped,1,68,0.4722
twist_stamped,1,68,0.4776
twist_stamped,1,68,0.4257
twist_stamped,1,68,0.4403
twist_stamped,1,68,0.4750
twist_stamped,1,68,0.4673
twist_stamped,1,68,0.4646
twist_stamped,1,68,0.4966
twist_stamped,1,68,0.5644
twist_stamped,1,68,0.4640
twist_stamped,1,68,0.4719
twist_stamped,1,68,0.4446
twist_stamped,1,68,0.4764
twist_stamped,1,68,0.4308
twist_stamped,1,68,0.4168
twist_stamped,1,68,0.4370
twist_stamped,1,68,0.4729
twist_stamped,1,68,0.5216
twist_stamped,1,68,0.4674
twist_stamped,1,68,0.4636
twist_stamped,1,68,0.4128
twist_stamped,1,68,0.3934
twist_stamped,1,68,0.4592
twist_stamped,1,68,0.3699
twist_stamped,1,68,0.3804
twist_stamped,1,68,0.4409
twist_stamped,1,68,0.4017
twist_stamped,1,68,0.4462
twist_stamped,1,68,0.3636
twist_stamped,1,68,0.4907
twist_stamped,1,68,0.4301
twist_stamped,1,68,0.5566
twist_stamped,1,68,0.4598
twist_stamped,1,68,0.4625
twist_stamped,1,68,0.4809
twist_stamped,1,68,0.5278
twist_stamped,1,68,0.4975
twist_stamped,1,68,0.3687
twist_stamped,1,68,0.3384
twist_stamped,1,68,0.5228
twist_stamped,1,68,0.4938
twist_stamped,1,68,0.4951
twist_stamped,1,68,0.4623
twist_stamped,1,68,0.4977
twist_stamped,1,68,0.5115
twist_stamped,1,68,0.4427
twist_stamped,1,68,0.4637
twist_stamped,1,68,0.4295
twist_stamped,1,68,0.4642
twist_stamped,1,68,0.6532
twist_stamped,1,68,0.4851
twist_stamped,1,68,0.5309
twist_stamped,1,68,0.4550
twist_stamped,1,68,0.4948
twist_stamped,1,68,0.5261
twist_stamped,1,68,0.5004
twist_stamped,1,68,0.4985
twist_stamped,1,68,0.5062
twist_stamped,1,68,0.4134
twist_stamped,1,68,0.5349
twist_stamped,1,68,0.4767
twist_stamped,1,68,0.4764
twist_stamped,1,68,0.4343
twist_stamped,1,68,0.4930
twist_stamped,1,68,0.5730
twist_stamped,1,68,0.4799
twist_stamped,1,68,0.5243
twist_stamped,1,68,0.5004
twist_stamped,1,68,0.4597
twist_stamped,1,68,0.5499
twist_stamped,1,68,0.5077
twist_stamped,1,68,0.5058
twist_stamped,1,68,0.5249
twist_stamped,1,68,0.4888
twist_stamped,1,68,0.5759
twist_stamped,1,68,0.4713
twist_stamped,1,68,0.4916
twist_stamped,1,68,0.4886
twist_stamped,1,68,0.5060
twist_stamped,1,68,0.5245
twist_stamped,1,68,0.4778
twist_stamped,1,68,0.3983
twist_stamped,1,68,0.4888
twist_stamped,1,68,0.4693
twist_stamped,1,68,0.5419
twist_stamped,1,68,0.4698
twist_stamped,1,68,0.5539
twist_stamped,1,68,0.4832
twist_stamped,1,68,0.4665
twist_stamped,1,68,0.5372
twist_stamped,1,68,0.6212
twist_stamped,1,68,0.4687
twist_stamped,1,68,0.4973
twist_stamped,1,68,0.5404
twist_stamped,1,68,0.5862
twist_stamped,1,68,0.4722
twist_stamped,1,68,0.5351
twist_stamped,1,68,0.4768
twist_stamped,1,68,0.4723
twist_stamped,1,68,0.4518
twist_stamped,1,68,0.4258
twist_stamped,1,68,0.4644
twist_stamped,1,68,0.4776
twist_stamped,1,68,0.4921
twist_stamped,1,68,0.6224
twist_stamped,1,68,0.4629
twist_stamped,1,68,0.5415
twist_stamped,1,68,0.4882
twist_stamped,1,68,0.4800
twist_stamped,1,68,0.5170
twist_stamped,1,68,0.4693
twist_stamped,1,68,0.4973
twist_stamped,1,68,0.4997
twist_stamped,1,68,0.4709
twist_stamped,1,68,0.6419
twist_stamped,1,68,0.4923
twist_stamped,1,68,0.4981
twist_stamped,1,68,0.5196
twist_stamped,1,68,0.5180
twist_stamped,1,68,0.5523
twist_stamped,1,68,0.5055
twist_stamped,1,68,0.4582
twist_stamped,1,68,0.4823
twist_stamped,1,68,0.5096
twist_stamped,1,68,0.5639
twist_stamped,1,68,0.6523
twist_stamped,1,68,0.4730
twist_stamped,1,68,0.4669
twist_stamped,1,68,0.5101
twist_stamped,1,68,0.4670
twist_stamped,1,68,0.2196
twist_stamped,1,68,0.5669
twist_stamped,1,68,0.4800
twist_stamped,1,68,0.3724
twist_stamped,1,68,0.6781
twist_stamped,1,68,0.5187
twist_stamped,1,68,0.4675
twist_stamped,1,68,0.3683
twist_stamped,1,68,0.3669
twist_stamped,1,68,0.5075
twist_stamped,1,68,0.4603
twist_stamped,1,68,0.3926
twist_stamped,1,68,0.4397
twist_stamped,1,68,0.3684
twist_stamped,1,68,0.4705
twist_stamped,1,68,0.3667
twist_stamped,1,68,0.4771
twist_stamped,1,68,0.3548
twist_stamped,1,68,0.3832
twist_stamped,1,68,0.4645
twist_stamped,1,68,0.4431
twist_stamped,1,68,0.5296
twist_stamped,1,68,0.5777
twist_stamped,1,68,0.4836
twist_stamped,1,68,0.4880
twist_stamped,1,68,0.4229
imu,1,316,0.4842
imu,1,316,0.5297
imu,1,316,0.5141
imu,1,316,0.4835
imu,1,316,0.4907
imu,1,316,0.5581
imu,1,316,0.5344
imu,1,316,0.6885
imu,1,316,0.3720
imu,1,316,0.5046
imu,1,316,0.4974
imu,1,316,0.5232
imu,1,316,0.5151
imu,1,316,0.4742
imu,1,316,0.5430
imu,1,316,0.5042
imu,1,316,0.5534
imu,1,316,0.4934
imu,1,316,0.4756
imu,1,316,0.5131
imu,1,316,0.4833
imu,1,316,0.5636
imu,1,316,0.4419
imu,1,316,0.4948
imu,1,316,0.4983
imu,1,316,0.5157
imu,1,316,0.5418
imu,1,316,0.5386
imu,1,316,0.5547
imu,1,316,0.4891
imu,1,316,0.4962
imu,1,316,0.4996
imu,1,316,0.4420
imu,1,316,0.4808
imu,1,316,0.6264
imu,1,316,0.4822
imu,1,316,0.5523
imu,1,316,0.4811
imu,1,316,0.4839
imu,1,316,0.5184
imu,1,316,0.5660
imu,1,316,0.4836
imu,1,316,0.4510
imu,1,316,0.5065
imu,1,316,0.5118
imu,1,316,0.4976
imu,1,316,0.5567
imu,1,316,0.5052
imu,1,316,0.6167
imu,1,316,0.5038
imu,1,316,0.5188
imu,1,316,0.5424
imu,1,316,0.5081
imu,1,316,0.5674
imu,1,316,0.5277
imu,1,316,0.5835
imu,1,316,0.5582
imu,1,316,0.5443
imu,1,316,0.5072
imu,1,316,0.5064
imu,1,316,0.4883
imu,1,316,0.5326
imu,1,316,0.4982
imu,1,316,0.5072
imu,1,316,0.4904
imu,1,316,0.5186
imu,1,316,0.5373
imu,1,316,0.5227
imu,1,316,0.5669
imu,1,316,0.5453
imu,1,316,0.5532
imu,1,316,0.5683
imu,1,316,0.5001
imu,1,316,0.5081
imu,1,316,0.5016
imu,1,316,0.5516
imu,1,316,0.5870
imu,1,316,0.5079
imu,1,316,0.5067
imu,1,316,0.5212
imu,1,316,0.5283
imu,1,316,0.5444
imu,1,316,0.5294
imu,1,316,0.4976
imu,1,316,0.5107
imu,1,316,0.5205
imu,1,316,0.5548
imu,1,316,0.5293
imu,1,316,0.5654
imu,1,316,0.6304
imu,1,316,0.4925
imu,1,316,0.5506
imu,1,316,0.5092
imu,1,316,0.5560
imu,1,316,0.4889
imu,1,316,0.5131
imu,1,316,0.6196
imu,1,316,0.5533
imu,1,316,0.4931
imu,1,316,0.5301
imu,1,316,0.5444
imu,1,316,0.5415
imu,1,316,0.4993
imu,1,316,0.5115
imu,1,316,0.4839
imu,1,316,0.5590
imu,1,316,0.5847
imu,1,316,0.5066
imu,1,316,0.5405
imu,1,316,0.6246
imu,1,316,0.4374
imu,1,316,0.5703
imu,1,316,0.5038
imu,1,316,0.4956
imu,1,316,0.4943
imu,1,316,0.5129
imu,1,316,0.5530
imu,1,316,0.5640
imu,1,316,0.5387
imu,1,316,0.5386
imu,1,316,0.4378
imu,1,316,0.5534
imu,1,316,0.4843
imu,1,316,0.5451
imu,1,316,0.5022
imu,1,316,0.4894
imu,1,316,0.5093
imu,1,316,0.4972
imu,1,316,0.4706
imu,1,316,0.6197
imu,1,316,0.5811
imu,1,316,0.5596
imu,1,316,0.4797
imu,1,316,0.4236
imu,1,316,0.5222
imu,1,316,0.5126
imu,1,316,0.5390
imu,1,316,0.5200
imu,1,316,0.5992
imu,1,316,0.6322
imu,1,316,0.5553
imu,1,316,0.5671
imu,1,316,0.5206
imu,1,316,0.5504
imu,1,316,0.5625
imu,1,316,0.5097
imu,1,316,0.5336
imu,1,316,0.5172
imu,1,316,0.5657
imu,1,316,0.5453
imu,1,316,0.5876
imu,1,316,0.5709
imu,1,316,0.4890
imu,1,316,0.5017
imu,1,316,0.6001
imu,1,316,0.5253
imu,1,316,0.5178
imu,1,316,0.4994
imu,1,316,0.4959
imu,1,316,0.6552
imu,1,316,0.5493
imu,1,316,0.5433
imu,1,316,0.5420
imu,1,316,0.5480
imu,1,316,0.5380
imu,1,316,0.4370
imu,1,316,0.5905
imu,1,316,0.5454
imu,1,316,0.5108
imu,1,316,0.6012
imu,1,316,0.5428
imu,1,316,0.7112
imu,1,316,0.5607
imu,1,316,0.4889
imu,1,316,0.5873
imu,1,316,0.4897
imu,1,316,0.5579
imu,1,316,0.5004
imu,1,316,0.4827
imu,1,316,0.6657
imu,1,316,0.5556
imu,1,316,0.6019
imu,1,316,0.5495
imu,1,316,0.5249
imu,1,316,0.6062
imu,1,316,0.5475
imu,1,316,0.6011
imu,1,316,0.5354
imu,1,316,0.5551
imu,1,316,0.5555
imu,1,316,0.5347
imu,1,316,0.7244
imu,1,316,0.5616
imu,1,316,0.5375
imu,1,316,0.5477
imu,1,316,0.5343
imu,1,316,0.6594
imu,1,316,0.5321
imu,1,316,0.5412
imu,1,316,0.5395
imu,1,316,0.6747
imu,1,316,0.6034
imu,1,316,0.6029
imu,1,316,0.5293
imu,1,316,0.5539
imu,1,316,0.5351
imu,1,316,0.6435
imu,1,316,0.5680
imu,1,316,0.6214
imu,1,316,0.5419
imu,1,316,0.5547
imu,1,316,0.6989
imu,1,316,0.6086
imu,1,316,0.5301
imu,1,316,0.5662
imu,1,316,0.5112
imu,1,316,0.5615
imu,1,316,0.4429
imu,1,316,0.5407
imu,1,316,0.5463
imu,1,316,0.5102
imu,1,316,0.6827
imu,1,316,0.5038
imu,1,316,0.5244
imu,1,316,0.5472
imu,1,316,0.5610
imu,1,316,0.6312
imu,1,316,0.5253
imu,1,316,0.6697
imu,1,316,0.6155
imu,1,316,0.6067
imu,1,316,0.6724
imu,1,316,0.7147
imu,1,316,0.5739
imu,1,316,0.6269
imu,1,316,0.4774
imu,1,316,0.5073
imu,1,316,0.5486
imu,1,316,0.5626
imu,1,316,0.5428
imu,1,316,0.4051
imu,1,316,0.7156
imu,1,316,0.5789
imu,1,316,0.5444
imu,1,316,0.5443
imu,1,316,0.5290
imu,1,316,0.5636
imu,1,316,0.5243
imu,1,316,0.5399
imu,1,316,0.5490
imu,1,316,0.5505
imu,1,316,0.5887
imu,1,316,0.6804
imu,1,316,0.5849
imu,1,316,0.6021
imu,1,316,0.5388
imu,1,316,0.6269
imu,1,316,0.5300
imu,1,316,0.5445
imu,1,316,0.5674
imu,1,316,0.5408
imu,1,316,0.6205
imu,1,316,0.6545
imu,1,316,0.5994
imu,1,316,0.5970
imu,1,316,0.5088
imu,1,316,0.6628
imu,1,316,0.4788
imu,1,316,0.5795
imu,1,316,0.5420
imu,1,316,0.4849
imu,1,316,0.5890
imu,1,316,0.5407
imu,1,316,0.6539
imu,1,316,0.5942
imu,1,316,0.6069
imu,1,316,0.6381
imu,1,316,0.5924
imu,1,316,0.6513
imu,1,316,0.5704
imu,1,316,0.5590
imu,1,316,0.6356
imu,1,316,0.6002
imu,1,316,0.6579
imu,1,316,0.6198
imu,1,316,0.4820
imu,1,316,0.6269
imu,1,316,0.6902
imu,1,316,0.6111
imu,1,316,0.4859
imu,1,316,0.5716
imu,1,316,0.5624
imu,1,316,0.4201
imu,1,316,0.6255
imu,1,316,0.5044
imu,1,316,0.5774
imu,1,316,0.4036
imu,1,316,0.5762
imu,1,316,0.5572
imu,1,316,0.5710
imu,1,316,0.5242
imu,1,316,0.6120
imu,1,316,0.5657
imu,1,316,0.6619
imu,1,316,0.6193
imu,1,316,0.5459
imu,1,316,0.5906
imu,1,316,0.6442
imu,1,316,0.5774
imu,1,316,0.6905
imu,1,316,0.5633
imu,1,316,0.6420
imu,1,316,0.5802
imu,1,316,0.6172
imu,1,316,0.6487
imu,1,316,0.5147
imu,1,316,0.6542
imu,1,316,0.5939
imu,1,316,0.5926
imu,1,316,0.5861
imu,1,316,0.4441
imu,1,316,0.6608
imu,1,316,0.6077
imu,1,316,0.5256
imu,1,316,0.5614
imu,1,316,0.5725
imu,1,316,0.6884
imu,1,316,0.6087
imu,1,316,0.5879
imu,1,316,0.5998
imu,1,316,0.5235
imu,1,316,0.6199
imu,1,316,0.5131
imu,1,316,0.5677
imu,1,316,0.6785
imu,1,316,0.6686
imu,1,316,0.6525
imu,1,316,0.6463
imu,1,316,0.5256
imu,1,316,0.7086
imu,1,316,0.6040
imu,1,316,0.6200
imu,1,316,0.6186
imu,1,316,0.6361
imu,1,316,0.6109
imu,1,316,0.5646
imu,1,316,0.6626
imu,1,316,0.6068
imu,1,316,0.6104
imu,1,316,0.6078
imu,1,316,0.5749
imu,1,316,0.5897
imu,1,316,0.5545
imu,1,316,0.5698
imu,1,316,0.5302
imu,1,316,0.4442
imu,1,316,0.6410
imu,1,316,0.5618
imu,1,316,0.5491
imu,1,316,0.6424
imu,1,316,0.5642
imu,1,316,0.6315
imu,1,316,0.5719
imu,1,316,0.6135
imu,1,316,0.5340
imu,1,316,0.5518
imu,1,316,0.7092
imu,1,316,0.5999
imu,1,316,0.5804
imu,1,316,0.6075
imu,1,316,0.5667
imu,1,316,0.6285
imu,1,316,0.5628
imu,1,316,0.5302
imu,1,316,0.5661
imu,1,316,0.8398
imu,1,316,0.6689
imu,1,316,0.6095
imu,1,316,0.5866
imu,1,316,0.6056
imu,1,316,0.5784
imu,1,316,0.6514
imu,1,316,0.6414
imu,1,316,0.5636
imu,1,316,0.5727
imu,1,316,0.5584
imu,1,316,0.6441
imu,1,316,0.6493
imu,1,316,0.5801
imu,1,316,0.5949
imu,1,316,0.6080
imu,1,316,0.6215
imu,1,316,0.5488
imu,1,316,0.4428
imu,1,316,0.5758
imu,1,316,0.7269
imu,1,316,0.6410
imu,1,316,0.5718
imu,1,316,0.6053
imu,1,316,0.6051
imu,1,316,0.5328
imu,1,316,0.6599
imu,1,316,0.5731
imu,1,316,0.5779
imu,1,316,0.5610
imu,1,316,0.5678
imu,1,316,0.6025
imu,1,316,0.6208
imu,1,316,0.6122
imu,1,316,0.5368
imu,1,316,0.6131
imu,1,316,0.4863
imu,1,316,0.5710
imu,1,316,0.5945
imu,1,316,0.5886
imu,1,316,0.5867
imu,1,316,0.7187
imu,1,316,0.5926
imu,1,316,0.5879
imu,1,316,0.5786
imu,1,316,0.5715
imu,1,316,0.6080
imu,1,316,0.5618
imu,1,316,0.5608
imu,1,316,0.4908
imu,1,316,0.5485
imu,1,316,0.6104
imu,1,316,0.5586
imu,1,316,0.5204
imu,1,316,0.6880
imu,1,316,0.5608
imu,1,316,0.5493
imu,1,316,0.5968
imu,1,316,0.6118
imu,1,316,0.5966
imu,1,316,0.5975
imu,1,316,0.7193
imu,1,316,0.5438
imu,1,316,0.6120
imu,1,316,0.5853
imu,1,316,0.5707
imu,1,316,0.4656
imu,1,316,0.5273
imu,1,316,0.4266
imu,1,316,0.5107
imu,1,316,0.5497
imu,1,316,0.5928
imu,1,316,0.5528
imu,1,316,0.4583
imu,1,316,0.6546
imu,1,316,0.5846
imu,1,316,0.6001
imu,1,316,0.5443
imu,1,316,0.5948
imu,1,316,0.4370
imu,1,316,0.5667
imu,1,316,0.7588
imu,1,316,0.6581
imu,1,316,0.6091
imu,1,316,0.5773
imu,1,316,0.5808
imu,1,316,0.6017
imu,1,316,0.5527
imu,1,316,0.5042
imu,1,316,0.5653
imu,1,316,0.5149
imu,1,316,0.6482
imu,1,316,0.5744
imu,1,316,0.5985
imu,1,316,0.4725
imu,1,316,0.6541
imu,1,316,0.6460
imu,1,316,0.5646
imu,1,316,0.5469
imu,1,316,0.5740
imu,1,316,0.5772
imu,1,316,0.6200
imu,1,316,0.6662
imu,1,316,0.7707
imu,1,316,0.5867
imu,1,316,0.5738
imu,1,316,0.5974
imu,1,316,0.5650
imu,1,316,0.6396
imu,1,316,0.6091
imu,1,316,0.6181
imu,1,316,0.5784
imu,1,316,0.5880
imu,1,316,0.5993
imu,1,316,0.6914
imu,1,316,0.6319
imu,1,316,0.6923
imu,1,316,0.6262
imu,1,316,0.5053
imu,1,316,0.4965
imu,1,316,0.5887
imu,1,316,0.5898
imu,1,316,0.5016
imu,1,316,0.7716
imu,1,316,0.5689
imu,1,316,0.5657
imu,1,316,0.5998
imu,1,316,0.5815
imu,1,316,0.5521
imu,1,316,0.4986
imu,1,316,0.5774
imu,1,316,0.5669
imu,1,316,0.5632
imu,1,316,0.5721
imu,1,316,0.5729
imu,1,316,0.5191
imu,1,316,0.6540
imu,1,316,0.5510
imu,1,316,0.5590
imu,1,316,0.6141
imu,1,316,0.5747
imu,1,316,0.5927
imu,1,316,0.5748
imu,1,316,0.6678
imu,1,316,0.5840
imu,1,316,0.5233
imu,1,316,0.5935
imu,1,316,0.5156
imu,1,316,0.5532
imu,1,316,0.5811
imu,1,316,0.5768
imu,1,316,0.5450
imu,1,316,0.5911
imu,1,316,0.5504
imu,1,316,0.5920
imu,1,316,0.5572
imu,1,316,0.5809
imu,1,316,0.5382
imu,1,316,0.5605
imu,1,316,0.5687
imu,1,316,0.5568
imu,1,316,0.6300
imu,1,316,0.5661
imu,1,316,0.5520
imu,1,316,0.5908
pointcloud,833,10105,0.5307
pointcloud,833,10105,0.5849
pointcloud,833,10105,0.5885
pointcloud,833,10105,0.5694
pointcloud,833,10105,0.5563
pointcloud,833,10105,0.5687
pointcloud,833,10105,0.5485
pointcloud,833,10105,0.5096
pointcloud,833,10105,0.4911
pointcloud,833,10105,0.4618
pointcloud,833,10105,0.5592
pointcloud,833,10105,0.6939
pointcloud,833,10105,0.4463
pointcloud,833,10105,0.4873
pointcloud,833,10105,0.5038
pointcloud,833,10105,0.5813
pointcloud,833,10105,0.5075
pointcloud,833,10105,0.4869
pointcloud,833,10105,0.5415
pointcloud,833,10105,0.5238
pointcloud,833,10105,0.5465
pointcloud,833,10105,0.5739
pointcloud,833,10105,0.5632
pointcloud,833,10105,0.5815
pointcloud,833,10105,0.5651
pointcloud,833,10105,0.7038
pointcloud,833,10105,0.5584
pointcloud,833,10105,0.5534
pointcloud,833,10105,0.7289
pointcloud,833,10105,0.5064
pointcloud,833,10105,0.6917
pointcloud,833,10105,0.7933
pointcloud,833,10105,0.7119
pointcloud,833,10105,0.5699
pointcloud,833,10105,0.6026
pointcloud,833,10105,0.7226
pointcloud,833,10105,0.4948
pointcloud,833,10105,0.4849
pointcloud,833,10105,0.5480
pointcloud,833,10105,0.5142
pointcloud,833,10105,0.5249
pointcloud,833,10105,0.5165
pointcloud,833,10105,0.4885
pointcloud,833,10105,0.4712
pointcloud,833,10105,0.5166
pointcloud,833,10105,0.6471
pointcloud,833,10105,0.6872
pointcloud,833,10105,0.7771
pointcloud,833,10105,0.5099
pointcloud,833,10105,0.5745
pointcloud,833,10105,0.5525
pointcloud,833,10105,0.5425
pointcloud,833,10105,0.7173
pointcloud,833,10105,0.5584
pointcloud,833,10105,0.4953
pointcloud,833,10105,0.5398
pointcloud,833,10105,0.5118
pointcloud,833,10105,0.4982
pointcloud,833,10105,0.5093
pointcloud,833,10105,0.5109
pointcloud,833,10105,0.5367
pointcloud,833,10105,0.4976
pointcloud,833,10105,0.6471
pointcloud,833,10105,0.5134
pointcloud,833,10105,0.5288
pointcloud,833,10105,0.7144
pointcloud,833,10105,0.5182
pointcloud,833,10105,0.5839
pointcloud,833,10105,0.5441
pointcloud,833,10105,0.4685
pointcloud,833,10105,0.7227
pointcloud,833,10105,0.5336
pointcloud,833,10105,0.7626
pointcloud,833,10105,0.6162
pointcloud,833,10105,0.6379
pointcloud,833,10105,0.6960
pointcloud,833,10105,0.6270
pointcloud,833,10105,0.5413
pointcloud,833,10105,0.5445
pointcloud,833,10105,0.4627
pointcloud,833,10105,0.5140
pointcloud,833,10105,0.4538
pointcloud,833,10105,0.6482
pointcloud,833,10105,0.5246
pointcloud,833,10105,0.5981
pointcloud,833,10105,0.6027
pointcloud,833,10105,0.5701
pointcloud,833,10105,0.4609
pointcloud,833,10105,0.5475
pointcloud,833,10105,0.5842
pointcloud,833,10105,0.6610
pointcloud,833,10105,0.6331
pointcloud,833,10105,0.6751
pointcloud,833,10105,0.7369
pointcloud,833,10105,0.8614
pointcloud,833,10105,0.5722
pointcloud,833,10105,0.5260
pointcloud,833,10105,0.5259
pointcloud,833,10105,0.5388
pointcloud,833,10105,0.5523
pointcloud,833,10105,0.6654
pointcloud,833,10105,0.4606
pointcloud,833,10105,0.6105
pointcloud,833,10105,0.5594
pointcloud,833,10105,0.5195
pointcloud,833,10105,0.6524
pointcloud,833,10105,0.5407
pointcloud,833,10105,0.5170
pointcloud,833,10105,0.6130
pointcloud,833,10105,0.5914
pointcloud,833,10105,0.6774
pointcloud,833,10105,0.5181
pointcloud,833,10105,0.6389
pointcloud,833,10105,0.7171
pointcloud,833,10105,0.6401
pointcloud,833,10105,0.6721
pointcloud,833,10105,0.6247
pointcloud,833,10105,0.5010
pointcloud,833,10105,0.6551
pointcloud,833,10105,0.5478
pointcloud,833,10105,0.6748
pointcloud,833,10105,0.6396
pointcloud,833,10105,0.4777
pointcloud,833,10105,0.4740
pointcloud,833,10105,0.5338
pointcloud,833,10105,0.6213
pointcloud,833,10105,0.5152
pointcloud,833,10105,0.5358
pointcloud,833,10105,0.6041
pointcloud,833,10105,0.5112
pointcloud,833,10105,0.6556
pointcloud,833,10105,0.5978
pointcloud,833,10105,0.6810
pointcloud,833,10105,0.6639
pointcloud,833,10105,0.5258
pointcloud,833,10105,0.6904
pointcloud,833,10105,0.5532
pointcloud,833,10105,0.6255
pointcloud,833,10105,0.7325
pointcloud,833,10105,0.6276
pointcloud,833,10105,0.7310
pointcloud,833,10105,0.4679
pointcloud,833,10105,0.6280
pointcloud,833,10105,0.4729
pointcloud,833,10105,0.5503
pointcloud,833,10105,0.6716
pointcloud,833,10105,0.5677
pointcloud,833,10105,0.4648
pointcloud,833,10105,0.6175
pointcloud,833,10105,0.5709
pointcloud,833,10105,0.6698
pointcloud,833,10105,0.5117
pointcloud,833,10105,0.5450
pointcloud,833,10105,0.6486
pointcloud,833,10105,0.7191
pointcloud,833,10105,0.6804
pointcloud,833,10105,0.5940
pointcloud,833,10105,0.6463
pointcloud,833,10105,0.6329
pointcloud,833,10105,0.5089
pointcloud,833,10105,0.6489
pointcloud,833,10105,0.5087
pointcloud,833,10105,0.5128
pointcloud,833,10105,0.5153
pointcloud,833,10105,0.6278
pointcloud,833,10105,0.7112
pointcloud,833,10105,0.6100
pointcloud,833,10105,0.5419
pointcloud,833,10105,0.5769
pointcloud,833,10105,0.4631
pointcloud,833,10105,0.5174
pointcloud,833,10105,0.5288
pointcloud,833,10105,0.6387
pointcloud,833,10105,0.6827
pointcloud,833,10105,0.7305
pointcloud,833,10105,0.7327
pointcloud,833,10105,0.6171
pointcloud,833,10105,0.6856
pointcloud,833,10105,0.5668
pointcloud,833,10105,0.6844
pointcloud,833,10105,0.6838
pointcloud,833,10105,0.5787
pointcloud,833,10105,0.6004
pointcloud,833,10105,0.6036
pointcloud,833,10105,0.5953
pointcloud,833,10105,0.6481
pointcloud,833,10105,0.5959
pointcloud,833,10105,0.6205
pointcloud,833,10105,0.6738
pointcloud,833,10105,0.6206
pointcloud,833,10105,0.6362
pointcloud,833,10105,0.6222
pointcloud,833,10105,0.6068
pointcloud,833,10105,0.6054
pointcloud,833,10105,0.6424
pointcloud,833,10105,0.7454
pointcloud,833,10105,0.6091
pointcloud,833,10105,0.6379
pointcloud,833,10105,0.6145
pointcloud,833,10105,0.6724
pointcloud,833,10105,0.6217
pointcloud,833,10105,0.5518
pointcloud,833,10105,0.5259
pointcloud,833,10105,0.5390
pointcloud,833,10105,0.5912
pointcloud,833,10105,0.6478
pointcloud,833,10105,0.5869
pointcloud,833,10105,0.6139
pointcloud,833,10105,0.5945
pointcloud,833,10105,0.6720
pointcloud,833,10105,0.6513
pointcloud,833,10105,0.6093
pointcloud,833,10105,0.6324
pointcloud,833,10105,0.6168
pointcloud,833,10105,0.5826
pointcloud,833,10105,0.7616
pointcloud,833,10105,0.6119
pointcloud,833,10105,0.5989
pointcloud,833,10105,0.5315
pointcloud,833,10105,0.5206
pointcloud,833,10105,0.5426
pointcloud,833,10105,0.6148
pointcloud,833,10105,0.4261
pointcloud,833,10105,0.5237
pointcloud,833,10105,0.4843
pointcloud,833,10105,0.6037
pointcloud,833,10105,0.5401
pointcloud,833,10105,0.5402
pointcloud,833,10105,0.5239
pointcloud,833,10105,0.5337
pointcloud,833,10105,0.5934
pointcloud,833,10105,0.5448
pointcloud,833,10105,0.5933
pointcloud,833,10105,0.6240
pointcloud,833,10105,0.5905
pointcloud,833,10105,0.5942
pointcloud,833,10105,0.7387
pointcloud,833,10105,0.6512
pointcloud,833,10105,0.6303
pointcloud,833,10105,0.6400
pointcloud,833,10105,0.6469
pointcloud,833,10105,0.6060
pointcloud,833,10105,0.5307
pointcloud,833,10105,0.6088
pointcloud,833,10105,0.6047
pointcloud,833,10105,0.6425
pointcloud,833,10105,0.6776
pointcloud,833,10105,0.6192
pointcloud,833,10105,0.6088
pointcloud,833,10105,0.6132
pointcloud,833,10105,0.6286
pointcloud,833,10105,0.6057
pointcloud,833,10105,0.5849
pointcloud,833,10105,0.5602
pointcloud,833,10105,0.5932
pointcloud,833,10105,0.6068
pointcloud,833,10105,0.6860
pointcloud,833,10105,0.6829
pointcloud,833,10105,0.6155
pointcloud,833,10105,0.6047
pointcloud,833,10105,0.6386
pointcloud,833,10105,0.6233
pointcloud,833,10105,0.5867
pointcloud,833,10105,0.6060
pointcloud,833,10105,0.6091
pointcloud,833,10105,0.4281
pointcloud,833,10105,0.6336
pointcloud,833,10105,0.5446
pointcloud,833,10105,0.6184
pointcloud,833,10105,0.6132
pointcloud,833,10105,0.6551
pointcloud,833,10105,0.6372
pointcloud,833,10105,0.5937
pointcloud,833,10105,0.6079
pointcloud,833,10105,0.6431
pointcloud,833,10105,0.6879
pointcloud,833,10105,0.6193
pointcloud,833,10105,0.7206
pointcloud,833,10105,0.7569
pointcloud,833,10105,0.6241
pointcloud,833,10105,0.6708
pointcloud,833,10105,0.6566
pointcloud,833,10105,0.6010
pointcloud,833,10105,0.6058
pointcloud,833,10105,0.5915
pointcloud,833,10105,0.6730
pointcloud,833,10105,0.6367
pointcloud,833,10105,0.6358
pointcloud,833,10105,0.5988
pointcloud,833,10105,0.6106
pointcloud,833,10105,0.6432
pointcloud,833,10105,0.6091
pointcloud,833,10105,0.5887
pointcloud,833,10105,0.6046
pointcloud,833,10105,0.5962
pointcloud,833,10105,0.6470
pointcloud,833,10105,0.6580
pointcloud,833,10105,0.7141
pointcloud,833,10105,0.7064
pointcloud,833,10105,0.6463
pointcloud,833,10105,0.6379
pointcloud,833,10105,0.6561
pointcloud,833,10105,0.6079
pointcloud,833,10105,0.6015
pointcloud,833,10105,0.5989
pointcloud,833,10105,0.6628
pointcloud,833,10105,0.6655
pointcloud,833,10105,0.6360
pointcloud,833,10105,0.6235
pointcloud,833,10105,0.6028
pointcloud,833,10105,0.6429
pointcloud,833,10105,0.5952
pointcloud,833,10105,0.5894
pointcloud,833,10105,0.5807
pointcloud,833,10105,0.5956
pointcloud,833,10105,0.6500
pointcloud,833,10105,0.6033
pointcloud,833,10105,0.6120
pointcloud,833,10105,0.7060
pointcloud,833,10105,0.7027
pointcloud,833,10105,0.7731
pointcloud,833,10105,0.6244
pointcloud,833,10105,0.5862
pointcloud,833,10105,0.6020
pointcloud,833,10105,0.6204
pointcloud,833,10105,0.6880
pointcloud,833,10105,0.6272
pointcloud,833,10105,0.5963
pointcloud,833,10105,0.6115
pointcloud,833,10105,0.6062
pointcloud,833,10105,0.6580
pointcloud,833,10105,0.6017
pointcloud,833,10105,0.6231
pointcloud,833,10105,0.5917
pointcloud,833,10105,0.6190
pointcloud,833,10105,0.6597
pointcloud,833,10105,0.5899
pointcloud,833,10105,0.6055
pointcloud,833,10105,0.6718
pointcloud,833,10105,0.7130
pointcloud,833,10105,0.6402
pointcloud,833,10105,0.6072
pointcloud,833,10105,0.6059
pointcloud,833,10105,0.6447
pointcloud,833,10105,0.6107
pointcloud,833,10105,0.6364
pointcloud,833,10105,0.6066
pointcloud,833,10105,0.5874
pointcloud,833,10105,0.6624
pointcloud,833,10105,0.6015
pointcloud,833,10105,0.5989
pointcloud,833,10105,0.6018
pointcloud,833,10105,0.6116
pointcloud,833,10105,0.6424
pointcloud,833,10105,0.6344
pointcloud,833,10105,0.6310
pointcloud,833,10105,0.6170
pointcloud,833,10105,0.5961
pointcloud,833,10105,0.6690
pointcloud,833,10105,0.6505
pointcloud,833,10105,0.4626
pointcloud,833,10105,0.6667
pointcloud,833,10105,0.6738
pointcloud,833,10105,0.5888
pointcloud,833,10105,0.5735
pointcloud,833,10105,0.6364
pointcloud,833,10105,0.6357
pointcloud,833,10105,0.5683
pointcloud,833,10105,0.5972
pointcloud,833,10105,0.5424
pointcloud,833,10105,0.5993
pointcloud,833,10105,0.6512
pointcloud,833,10105,0.6180
pointcloud,833,10105,0.5444
pointcloud,833,10105,0.6255
pointcloud,833,10105,0.6415
pointcloud,833,10105,0.6193
pointcloud,833,10105,0.6109
pointcloud,833,10105,0.5872
pointcloud,833,10105,0.6461
pointcloud,833,10105,0.7050
pointcloud,833,10105,0.6847
pointcloud,833,10105,0.6303
pointcloud,833,10105,0.5788
pointcloud,833,10105,0.5990
pointcloud,833,10105,0.6154
pointcloud,833,10105,0.5879
pointcloud,833,10105,0.6086
pointcloud,833,10105,0.6044
pointcloud,833,10105,0.5740
pointcloud,833,10105,0.4783
pointcloud,833,10105,0.6639
pointcloud,833,10105,0.5872
pointcloud,833,10105,0.5736
pointcloud,833,10105,0.5968
pointcloud,833,10105,0.6660
pointcloud,833,10105,0.5714
pointcloud,833,10105,0.5721
pointcloud,833,10105,0.5886
pointcloud,833,10105,0.6553
pointcloud,833,10105,0.8238
pointcloud,833,10105,0.6661
pointcloud,833,10105,0.6636
pointcloud,833,10105,0.6191
pointcloud,833,10105,0.6000
pointcloud,833,10105,0.5932
pointcloud,833,10105,0.6334
pointcloud,833,10105,0.6079
pointcloud,833,10105,0.5731
pointcloud,833,10105,0.5336
pointcloud,833,10105,0.7587
pointcloud,833,10105,0.5685
pointcloud,833,10105,0.6127
pointcloud,833,10105,0.5825
pointcloud,833,10105,0.6421
pointcloud,833,10105,0.5672
pointcloud,833,10105,0.5549
pointcloud,833,10105,0.6016
pointcloud,833,10105,0.5275
pointcloud,833,10105,0.6129
pointcloud,833,10105,0.7576
pointcloud,833,10105,0.5560
pointcloud,833,10105,0.5853
pointcloud,833,10105,0.5969
pointcloud,833,10105,0.6366
pointcloud,833,10105,0.5949
pointcloud,833,10105,0.5392
pointcloud,833,10105,0.5598
pointcloud,833,10105,0.5850
pointcloud,833,10105,0.6117
pointcloud,833,10105,0.6328
pointcloud,833,10105,0.6555
pointcloud,833,10105,0.5618
pointcloud,833,10105,0.5637
pointcloud,833,10105,0.5505
pointcloud,833,10105,0.6163
pointcloud,833,10105,0.6057
pointcloud,833,10105,0.6133
pointcloud,833,10105,0.6510
pointcloud,833,10105,0.5461
pointcloud,833,10105,0.6278
pointcloud,833,10105,0.5851
pointcloud,833,10105,0.6139
pointcloud,833,10105,0.7156
pointcloud,833,10105,0.5561
pointcloud,833,10105,0.6371
pointcloud,833,10105,0.5565
pointcloud,833,10105,0.5453
pointcloud,833,10105,0.5465
pointcloud,833,10105,0.5443
pointcloud,833,10105,0.5467
pointcloud,833,10105,0.5309
pointcloud,833,10105,0.4892
pointcloud,833,10105,0.5134
pointcloud,833,10105,0.4897
pointcloud,833,10105,0.5733
pointcloud,833,10105,0.4944
pointcloud,833,10105,0.6033
pointcloud,833,10105,0.5741
pointcloud,833,10105,0.5234
pointcloud,833,10105,0.6279
pointcloud,833,10105,0.7042
pointcloud,833,10105,0.5661
pointcloud,833,10105,0.4955
pointcloud,833,10105,0.6528
pointcloud,833,10105,0.7414
pointcloud,833,10105,0.5203
pointcloud,833,10105,0.5250
pointcloud,833,10105,0.5244
pointcloud,833,10105,0.5411
pointcloud,833,10105,0.5781
pointcloud,833,10105,0.5593
pointcloud,833,10105,0.5203
pointcloud,833,10105,0.5322
pointcloud,833,10105,0.5749
pointcloud,833,10105,0.5651
pointcloud,833,10105,0.5227
pointcloud,833,10105,0.5928
pointcloud,833,10105,0.5689
pointcloud,833,10105,0.6402
pointcloud,833,10105,0.6126
pointcloud,833,10105,0.6465
pointcloud,833,10105,0.5773
pointcloud,833,10105,0.6239
pointcloud,833,10105,0.6487
pointcloud,833,10105,0.5920
pointcloud,833,10105,0.5923
pointcloud,833,10105,0.6132
pointcloud,833,10105,0.5826
pointcloud,833,10105,0.5162
pointcloud,833,10105,0.5384
pointcloud,833,10105,0.5647
pointcloud,833,10105,0.6368
pointcloud,833,10105,0.5443
pointcloud,833,10105,0.5428
pointcloud,833,10105,0.5678
pointcloud,833,10105,0.6259
pointcloud,833,10105,0.5615
pointcloud,833,10105,0.6050
pointcloud,833,10105,0.5528
pointcloud,833,10105,0.5893
pointcloud,833,10105,0.5697
pointcloud,833,10105,0.6859
pointcloud,833,10105,0.5653
pointcloud,833,10105,0.5429
pointcloud,833,10105,0.6590
pointcloud,833,10105,0.6125
pointcloud,833,10105,0.5836
pointcloud,833,10105,0.5484
pointcloud,833,10105,0.6121
pointcloud,833,10105,0.5832
pointcloud,833,10105,0.5440
pointcloud,833,10105,0.5240
pointcloud,833,10105,0.5343
pointcloud,833,10105,0.5147
pointcloud,833,10105,0.5878
pointcloud,833,10105,0.4886
pointcloud,833,10105,0.5088
pointcloud,833,10105,0.5808
pointcloud,833,10105,0.5895
pointcloud,833,10105,0.5722
pointcloud,833,10105,0.5531
pointcloud,833,10105,0.6658
pointcloud,833,10105,0.5430
pointcloud,833,10105,0.5096
pointcloud,833,10105,0.6213
pointcloud,833,10105,0.6381
pointcloud,833,10105,0.5309
pointcloud,833,10105,0.5381
pointcloud,833,10105,0.5338
pointcloud,833,10105,0.5496
pointcloud,833,10105,0.5657
pointcloud,833,10105,0.5403
pointcloud,833,10105,0.5091
pointcloud,833,10105,0.4917
pointcloud,833,10105,0.5793
pointcloud,833,10105,0.4740
pointcloud,833,10105,0.5199
pointcloud,833,10105,0.5198
pointcloud,833,10105,0.6047
pointcloud,4166,50101,0.6140
pointcloud,4166,50101,0.6400
pointcloud,4166,50101,0.6061
pointcloud,4166,50101,0.5920
pointcloud,4166,50101,0.6334
pointcloud,4166,50101,0.5123
pointcloud,4166,50101,0.6363
pointcloud,4166,50101,0.6253
pointcloud,4166,50101,0.6800
pointcloud,4166,50101,0.6732
pointcloud,4166,50101,0.5636
pointcloud,4166,50101,0.5954
pointcloud,4166,50101,0.5579
pointcloud,4166,50101,0.5675
pointcloud,4166,50101,0.7330
pointcloud,4166,50101,0.7459
pointcloud,4166,50101,0.6486
pointcloud,4166,50101,0.5689
pointcloud,4166,50101,0.6247
pointcloud,4166,50101,0.6357
pointcloud,4166,50101,0.5516
pointcloud,4166,50101,0.7173
pointcloud,4166,50101,0.6574
pointcloud,4166,50101,0.5781
pointcloud,4166,50101,0.6406
pointcloud,4166,50101,0.5791
pointcloud,4166,50101,0.6146
pointcloud,4166,50101,0.5845
pointcloud,4166,50101,0.3634
pointcloud,4166,50101,0.6030
pointcloud,4166,50101,0.5558
pointcloud,4166,50101,0.6572
pointcloud,4166,50101,0.5934
pointcloud,4166,50101,0.5911
pointcloud,4166,50101,0.7137
pointcloud,4166,50101,0.6835
pointcloud,4166,50101,0.6249
pointcloud,4166,50101,0.5728
pointcloud,4166,50101,0.5909
pointcloud,4166,50101,0.6927
pointcloud,4166,50101,0.5470
pointcloud,4166,50101,0.6249
pointcloud,4166,50101,0.5835
pointcloud,4166,50101,0.5824
pointcloud,4166,50101,0.8075
pointcloud,4166,50101,0.6820
pointcloud,4166,50101,0.5552
pointcloud,4166,50101,0.5781
pointcloud,4166,50101,0.5636
pointcloud,4166,50101,0.6336
pointcloud,4166,50101,0.6614
pointcloud,4166,50101,0.6857
pointcloud,4166,50101,0.5313
pointcloud,4166,50101,0.5454
pointcloud,4166,50101,0.6419
pointcloud,4166,50101,0.6624
pointcloud,4166,50101,0.6598
pointcloud,4166,50101,0.6044
pointcloud,4166,50101,0.6279
pointcloud,4166,50101,0.6274
pointcloud,4166,50101,0.5861
pointcloud,4166,50101,0.5761
pointcloud,4166,50101,0.5906
pointcloud,4166,50101,0.7078
pointcloud,4166,50101,0.7091
pointcloud,4166,50101,0.6475
pointcloud,4166,50101,0.6427
pointcloud,4166,50101,0.5613
pointcloud,4166,50101,0.5991
pointcloud,4166,50101,0.6779
pointcloud,4166,50101,0.6945
pointcloud,4166,50101,0.6455
pointcloud,4166,50101,0.4866
pointcloud,4166,50101,0.6518
pointcloud,4166,50101,0.6686
pointcloud,4166,50101,0.6617
pointcloud,4166,50101,0.7226
pointcloud,4166,50101,0.6184
pointcloud,4166,50101,0.5820
pointcloud,4166,50101,0.6631
pointcloud,4166,50101,0.6325
pointcloud,4166,50101,0.6689
pointcloud,4166,50101,0.6232
pointcloud,4166,50101,0.5597
pointcloud,4166,50101,0.6518
pointcloud,4166,50101,0.5982
pointcloud,4166,50101,0.6081
pointcloud,4166,50101,0.6111
pointcloud,4166,50101,0.5753
pointcloud,4166,50101,0.5949
pointcloud,4166,50101,0.5673
pointcloud,4166,50101,0.6142
pointcloud,4166,50101,0.6569
pointcloud,4166,50101,0.6633
pointcloud,4166,50101,0.6022
pointcloud,4166,50101,0.5686
pointcloud,4166,50101,0.7569
pointcloud,4166,50101,0.6584
pointcloud,4166,50101,0.6451
pointcloud,4166,50101,0.6266
pointcloud,4166,50101,0.5582
pointcloud,4166,50101,0.6127
pointcloud,4166,50101,0.6166
pointcloud,4166,50101,0.6730
pointcloud,4166,50101,0.7301
pointcloud,4166,50101,0.6113
pointcloud,4166,50101,0.5598
pointcloud,4166,50101,0.6288
pointcloud,4166,50101,0.6478
pointcloud,4166,50101,0.6473
pointcloud,4166,50101,0.6440
pointcloud,4166,50101,0.6436
pointcloud,4166,50101,0.6778
pointcloud,4166,50101,0.6393
pointcloud,4166,50101,0.6438
pointcloud,4166,50101,0.6473
pointcloud,4166,50101,0.6174
pointcloud,4166,50101,0.7255
pointcloud,4166,50101,0.5589
pointcloud,4166,50101,0.7130
pointcloud,4166,50101,0.5745
pointcloud,4166,50101,0.6194
pointcloud,4166,50101,0.6004
pointcloud,4166,50101,0.6028
pointcloud,4166,50101,0.5890
pointcloud,4166,50101,0.6670
pointcloud,4166,50101,0.6581
pointcloud,4166,50101,0.6707
pointcloud,4166,50101,0.6372
pointcloud,4166,50101,0.7400
pointcloud,4166,50101,0.6238
pointcloud,4166,50101,0.6187
pointcloud,4166,50101,0.5911
pointcloud,4166,50101,0.6481
pointcloud,4166,50101,0.6402
pointcloud,4166,50101,0.5641
pointcloud,4166,50101,0.5793
pointcloud,4166,50101,0.8806
pointcloud,4166,50101,0.5340
pointcloud,4166,50101,0.5792
pointcloud,4166,50101,0.5282
pointcloud,4166,50101,0.5625
pointcloud,4166,50101,0.6933
pointcloud,4166,50101,0.5592
pointcloud,4166,50101,0.6208
pointcloud,4166,50101,0.6091
pointcloud,4166,50101,0.6733
pointcloud,4166,50101,0.7282
pointcloud,4166,50101,0.5888
pointcloud,4166,50101,0.8059
pointcloud,4166,50101,0.5704
pointcloud,4166,50101,0.5606
pointcloud,4166,50101,0.5181
pointcloud,4166,50101,0.5915
pointcloud,4166,50101,0.6733
pointcloud,4166,50101,0.5907
pointcloud,4166,50101,0.6165
pointcloud,4166,50101,0.5817
pointcloud,4166,50101,0.6547
pointcloud,4166,50101,0.6706
pointcloud,4166,50101,0.6201
pointcloud,4166,50101,0.6027
pointcloud,4166,50101,0.5815
pointcloud,4166,50101,0.6424
pointcloud,4166,50101,0.6750
pointcloud,4166,50101,0.6690
pointcloud,4166,50101,0.6113
pointcloud,4166,50101,0.7731
pointcloud,4166,50101,0.5833
pointcloud,4166,50101,0.7557
pointcloud,4166,50101,0.6888
pointcloud,4166,50101,0.6761
pointcloud,4166,50101,0.6673
pointcloud,4166,50101,0.5991
pointcloud,4166,50101,0.6338
pointcloud,4166,50101,0.6025
pointcloud,4166,50101,0.6485
pointcloud,4166,50101,0.7701
pointcloud,4166,50101,0.7728
pointcloud,4166,50101,0.7831
pointcloud,4166,50101,0.5794
pointcloud,4166,50101,0.6173
pointcloud,4166,50101,0.7199
pointcloud,4166,50101,0.7484
pointcloud,4166,50101,0.7014
pointcloud,4166,50101,0.6220
pointcloud,4166,50101,0.6638
pointcloud,4166,50101,0.6688
pointcloud,4166,50101,0.6522
pointcloud,4166,50101,0.6708
pointcloud,4166,50101,0.5937
pointcloud,4166,50101,0.6348
pointcloud,4166,50101,0.5431
pointcloud,4166,50101,0.8548
pointcloud,4166,50101,0.5658
pointcloud,4166,50101,0.6094
pointcloud,4166,50101,0.6569
pointcloud,4166,50101,0.6221
pointcloud,4166,50101,0.5943
pointcloud,4166,50101,0.7605
pointcloud,4166,50101,0.5472
pointcloud,4166,50101,0.6176
pointcloud,4166,50101,0.5350
pointcloud,4166,50101,0.5761
pointcloud,4166,50101,0.7775
pointcloud,4166,50101,0.7756
pointcloud,4166,50101,0.7469
pointcloud,4166,50101,0.6181
pointcloud,4166,50101,0.5918
pointcloud,4166,50101,0.6845
pointcloud,4166,50101,0.5348
pointcloud,4166,50101,0.6250
pointcloud,4166,50101,0.6191
pointcloud,4166,50101,0.6826
pointcloud,4166,50101,0.7133
pointcloud,4166,50101,0.5568
pointcloud,4166,50101,0.6004
pointcloud,4166,50101,0.6277
pointcloud,4166,50101,0.7098
pointcloud,4166,50101,0.7960
pointcloud,4166,50101,0.7815
pointcloud,4166,50101,0.5477
pointcloud,4166,50101,0.6859
pointcloud,4166,50101,0.6335
pointcloud,4166,50101,0.6862
pointcloud,4166,50101,0.6514
pointcloud,4166,50101,0.5786
pointcloud,4166,50101,0.6856
pointcloud,4166,50101,0.5626
pointcloud,4166,50101,0.6799
pointcloud,4166,50101,0.6087
pointcloud,4166,50101,0.5623
pointcloud,4166,50101,0.6424
pointcloud,4166,50101,0.7761
pointcloud,4166,50101,0.7588
pointcloud,4166,50101,0.6495
pointcloud,4166,50101,0.5653
pointcloud,4166,50101,0.6348
pointcloud,4166,50101,0.5592
pointcloud,4166,50101,0.7888
pointcloud,4166,50101,0.5820
pointcloud,4166,50101,0.5926
pointcloud,4166,50101,0.5429
pointcloud,4166,50101,0.5476
pointcloud,4166,50101,0.6006
pointcloud,4166,50101,0.5355
pointcloud,4166,50101,0.5717
pointcloud,4166,50101,0.5467
pointcloud,4166,50101,0.6187
pointcloud,4166,50101,0.5986
pointcloud,4166,50101,0.7104
pointcloud,4166,50101,0.5891
pointcloud,4166,50101,0.5558
pointcloud,4166,50101,0.5389
pointcloud,4166,50101,0.6053
pointcloud,4166,50101,0.5566
pointcloud,4166,50101,0.5910
pointcloud,4166,50101,0.6180
pointcloud,4166,50101,0.5202
pointcloud,4166,50101,0.5801
pointcloud,4166,50101,0.8635
pointcloud,4166,50101,0.6241
pointcloud,4166,50101,0.5955
pointcloud,4166,50101,0.5242
pointcloud,4166,50101,0.6823
pointcloud,4166,50101,0.6604
pointcloud,4166,50101,0.6234
pointcloud,4166,50101,0.5503
pointcloud,4166,50101,0.4158
pointcloud,4166,50101,0.7394
pointcloud,4166,50101,0.7312
pointcloud,4166,50101,0.7399
pointcloud,4166,50101,0.6853
pointcloud,4166,50101,0.6501
pointcloud,4166,50101,0.7233
pointcloud,4166,50101,0.6470
pointcloud,4166,50101,0.6545
pointcloud,4166,50101,0.7059
pointcloud,4166,50101,0.6980
pointcloud,4166,50101,0.7147
pointcloud,4166,50101,0.7112
pointcloud,4166,50101,0.6334
pointcloud,4166,50101,0.7287
pointcloud,4166,50101,0.5415
pointcloud,4166,50101,0.6709
pointcloud,4166,50101,0.5648
pointcloud,4166,50101,0.5830
pointcloud,4166,50101,0.5698
pointcloud,4166,50101,0.5856
pointcloud,4166,50101,0.6451
pointcloud,4166,50101,0.6497
pointcloud,4166,50101,0.6713
pointcloud,4166,50101,0.7169
pointcloud,4166,50101,0.6456
pointcloud,4166,50101,0.7270
pointcloud,4166,50101,0.6465
pointcloud,4166,50101,0.6884
pointcloud,4166,50101,0.5700
pointcloud,4166,50101,0.5685
pointcloud,4166,50101,0.5992
pointcloud,4166,50101,0.6175
pointcloud,4166,50101,0.6951
pointcloud,4166,50101,0.6746
pointcloud,4166,50101,0.6767
pointcloud,4166,50101,0.7012
pointcloud,4166,50101,0.7022
pointcloud,4166,50101,0.7184
pointcloud,4166,50101,0.5638
pointcloud,4166,50101,0.5617
pointcloud,4166,50101,0.5542
pointcloud,4166,50101,0.6088
pointcloud,4166,50101,0.5662
pointcloud,4166,50101,0.6398
pointcloud,4166,50101,0.6125
pointcloud,4166,50101,0.6651
pointcloud,4166,50101,0.5674
pointcloud,4166,50101,0.6153
pointcloud,4166,50101,0.5838
pointcloud,4166,50101,0.5757
pointcloud,4166,50101,0.6504
pointcloud,4166,50101,0.6048
pointcloud,4166,50101,0.7124
pointcloud,4166,50101,0.6840
pointcloud,4166,50101,0.7180
pointcloud,4166,50101,0.7445
pointcloud,4166,50101,0.6584
pointcloud,4166,50101,0.6303
pointcloud,4166,50101,0.7410
pointcloud,4166,50101,0.6059
pointcloud,4166,50101,0.6128
pointcloud,4166,50101,0.6134
pointcloud,4166,50101,0.6635
pointcloud,4166,50101,0.5984
pointcloud,4166,50101,0.7930
pointcloud,4166,50101,0.7394
pointcloud,4166,50101,0.6520
pointcloud,4166,50101,0.6961
pointcloud,4166,50101,0.6432
pointcloud,4166,50101,0.6365
pointcloud,4166,50101,0.6891
pointcloud,4166,50101,0.6341
pointcloud,4166,50101,0.6827
pointcloud,4166,50101,0.6413
pointcloud,4166,50101,0.6076
pointcloud,4166,50101,0.6090
pointcloud,4166,50101,0.5264
pointcloud,4166,50101,0.5550
pointcloud,4166,50101,0.5278
pointcloud,4166,50101,0.5311
pointcloud,4166,50101,0.6822
pointcloud,4166,50101,0.5262
pointcloud,4166,50101,0.5807
pointcloud,4166,50101,0.5624
pointcloud,4166,50101,0.5060
pointcloud,4166,50101,0.7033
pointcloud,4166,50101,0.6138
pointcloud,4166,50101,0.5185
pointcloud,4166,50101,0.5651
pointcloud,4166,50101,0.5216
pointcloud,4166,50101,0.6651
pointcloud,4166,50101,0.6377
pointcloud,4166,50101,0.5481
pointcloud,4166,50101,0.7201
pointcloud,4166,50101,0.6622
pointcloud,4166,50101,0.6317
pointcloud,4166,50101,0.6981
pointcloud,4166,50101,0.6421
pointcloud,4166,50101,0.6556
pointcloud,4166,50101,0.6401
pointcloud,4166,50101,0.6831
pointcloud,4166,50101,0.6351
pointcloud,4166,50101,0.6146
pointcloud,4166,50101,0.6869
pointcloud,4166,50101,0.7048
pointcloud,4166,50101,0.6970
pointcloud,4166,50101,0.7837
pointcloud,4166,50101,0.6337
pointcloud,4166,50101,0.7056
pointcloud,4166,50101,0.6352
pointcloud,4166,50101,0.6999
pointcloud,4166,50101,0.7184
pointcloud,4166,50101,0.7295
pointcloud,4166,50101,0.7431
pointcloud,4166,50101,0.7499
pointcloud,4166,50101,0.8186
pointcloud,4166,50101,0.5981
pointcloud,4166,50101,0.6908
pointcloud,4166,50101,0.6675
pointcloud,4166,50101,0.7707
pointcloud,4166,50101,0.5950
pointcloud,4166,50101,0.5235
pointcloud,4166,50101,0.6125
pointcloud,4166,50101,0.5807
pointcloud,4166,50101,0.6373
pointcloud,4166,50101,0.6615
pointcloud,4166,50101,0.6265
pointcloud,4166,50101,0.7103
pointcloud,4166,50101,0.6902
pointcloud,4166,50101,0.7524
pointcloud,4166,50101,0.7200
pointcloud,4166,50101,0.6730
pointcloud,4166,50101,0.6421
pointcloud,4166,50101,0.5845
pointcloud,4166,50101,0.7032
pointcloud,4166,50101,0.6649
pointcloud,4166,50101,0.6424
pointcloud,4166,50101,0.6764
pointcloud,4166,50101,0.5811
pointcloud,4166,50101,0.6686
pointcloud,4166,50101,0.7167
pointcloud,4166,50101,0.6793
pointcloud,4166,50101,0.6825
pointcloud,4166,50101,0.6800
pointcloud,4166,50101,0.6449
pointcloud,4166,50101,0.6533
pointcloud,4166,50101,0.6164
pointcloud,4166,50101,0.7185
pointcloud,4166,50101,0.7693
pointcloud,4166,50101,0.6560
pointcloud,4166,50101,0.7237
pointcloud,4166,50101,0.5943
pointcloud,4166,50101,0.5724
pointcloud,4166,50101,0.5927
pointcloud,4166,50101,0.4868
pointcloud,4166,50101,0.6757
pointcloud,4166,50101,0.6227
pointcloud,4166,50101,0.6127
pointcloud,4166,50101,0.6029
pointcloud,4166,50101,0.6466
pointcloud,4166,50101,0.6260
pointcloud,4166,50101,0.6144
pointcloud,4166,50101,0.6234
pointcloud,4166,50101,0.6043
pointcloud,4166,50101,0.6319
pointcloud,4166,50101,0.6456
pointcloud,4166,50101,0.6263
pointcloud,4166,50101,0.5973
pointcloud,4166,50101,0.6508
pointcloud,4166,50101,0.6094
pointcloud,4166,50101,0.6355
pointcloud,4166,50101,0.6391
pointcloud,4166,50101,0.5735
pointcloud,4166,50101,0.6492
pointcloud,4166,50101,0.6846
pointcloud,4166,50101,0.9116
pointcloud,4166,50101,0.7502
pointcloud,4166,50101,0.6212
pointcloud,4166,50101,0.6083
pointcloud,4166,50101,0.6140
pointcloud,4166,50101,0.6302
pointcloud,4166,50101,0.6365
pointcloud,4166,50101,0.6120
pointcloud,4166,50101,0.7175
pointcloud,4166,50101,0.6938
pointcloud,4166,50101,0.6834
pointcloud,4166,50101,0.6733
pointcloud,4166,50101,0.6681
pointcloud,4166,50101,0.7112
pointcloud,4166,50101,0.7278
pointcloud,4166,50101,0.7258
pointcloud,4166,50101,0.6910
pointcloud,4166,50101,0.6704
pointcloud,4166,50101,0.6778
pointcloud,4166,50101,0.7453
pointcloud,4166,50101,0.7964
pointcloud,4166,50101,0.6607
pointcloud,4166,50101,0.6617
pointcloud,4166,50101,0.6272
pointcloud,4166,50101,0.6601
pointcloud,4166,50101,0.8497
pointcloud,4166,50101,0.6909
pointcloud,4166,50101,0.6378
pointcloud,4166,50101,0.7380
pointcloud,4166,50101,0.8296
pointcloud,4166,50101,0.7000
pointcloud,4166,50101,0.6628
pointcloud,4166,50101,0.7070
pointcloud,4166,50101,0.7370
pointcloud,4166,50101,0.6906
pointcloud,4166,50101,0.7290
pointcloud,4166,50101,0.6956
pointcloud,4166,50101,0.6632
pointcloud,4166,50101,0.7161
pointcloud,4166,50101,0.7052
pointcloud,4166,50101,0.7699
pointcloud,4166,50101,0.7716
pointcloud,4166,50101,0.6546
pointcloud,4166,50101,0.7078
pointcloud,4166,50101,0.6467
pointcloud,4166,50101,0.7294
pointcloud,4166,50101,0.6485
pointcloud,4166,50101,0.6421
pointcloud,4166,50101,0.6542
pointcloud,4166,50101,0.6593
pointcloud,4166,50101,0.6144
pointcloud,4166,50101,0.6393
pointcloud,4166,50101,0.6641
pointcloud,4166,50101,0.6913
pointcloud,4166,50101,0.6885
pointcloud,4166,50101,0.6262
pointcloud,4166,50101,0.6856
pointcloud,4166,50101,0.6512
pointcloud,4166,50101,0.6326
pointcloud,4166,50101,0.6545
pointcloud,4166,50101,0.8221
pointcloud,4166,50101,0.7686
pointcloud,4166,50101,0.7333
pointcloud,4166,50101,0.5380
pointcloud,4166,50101,0.6484
pointcloud,4166,50101,0.6598
pointcloud,4166,50101,0.6616
pointcloud,4166,50101,0.6550
pointcloud,4166,50101,0.6765
pointcloud,4166,50101,0.6122
pointcloud,4166,50101,0.7054
pointcloud,4166,50101,0.6769
pointcloud,4166,50101,0.6308
pointcloud,4166,50101,0.6375
pointcloud,4166,50101,0.7035
pointcloud,4166,50101,0.6776
pointcloud,4166,50101,0.7764
pointcloud,4166,50101,0.6675
pointcloud,4166,50101,0.6804
pointcloud,4166,50101,0.6058
pointcloud,4166,50101,0.7428
pointcloud,4166,50101,0.6595
pointcloud,4166,50101,0.7118
pointcloud,4166,50101,0.6755
pointcloud,4166,50101,0.6895
pointcloud,4166,50101,0.6999
pointcloud,4166,50101,0.6844
pointcloud,4166,50101,0.6702
pointcloud,4166,50101,0.6647
pointcloud,4166,50101,0.7080
pointcloud,4166,50101,0.6511
pointcloud,4166,50101,0.6322
pointcloud,4166,50101,0.6685
pointcloud,4166,50101,0.6586
pointcloud,4166,50101,0.6590
pointcloud,8333,100105,0.7728
pointcloud,8333,100105,0.7830
pointcloud,8333,100105,0.8344
pointcloud,8333,100105,0.7470
pointcloud,8333,100105,0.7021
pointcloud,8333,100105,0.7188
pointcloud,8333,100105,0.7114
pointcloud,8333,100105,0.8115
pointcloud,8333,100105,0.7803
pointcloud,8333,100105,0.8890
pointcloud,8333,100105,0.8295
pointcloud,8333,100105,0.7822
pointcloud,8333,100105,0.7233
pointcloud,8333,100105,0.7320
pointcloud,8333,100105,0.7684
pointcloud,8333,100105,0.6518
pointcloud,8333,100105,0.8177
pointcloud,8333,100105,0.7687
pointcloud,8333,100105,0.8857
pointcloud,8333,100105,0.8442
pointcloud,8333,100105,0.6349
pointcloud,8333,100105,0.6339
pointcloud,8333,100105,0.7506
pointcloud,8333,100105,0.7813
pointcloud,8333,100105,0.6304
pointcloud,8333,100105,0.6594
pointcloud,8333,100105,0.6400
pointcloud,8333,100105,0.7788
pointcloud,8333,100105,0.6243
pointcloud,8333,100105,0.6259
pointcloud,8333,100105,0.6181
pointcloud,8333,100105,0.7140
pointcloud,8333,100105,0.8320
pointcloud,8333,100105,0.8691
pointcloud,8333,100105,0.7810
pointcloud,8333,100105,0.7780
pointcloud,8333,100105,0.7894
pointcloud,8333,100105,0.8710
pointcloud,8333,100105,0.7045
pointcloud,8333,100105,0.8605
pointcloud,8333,100105,0.8108
pointcloud,8333,100105,0.8091
pointcloud,8333,100105,0.7548
pointcloud,8333,100105,0.8382
pointcloud,8333,100105,0.8333
pointcloud,8333,100105,0.6950
pointcloud,8333,100105,0.6684
pointcloud,8333,100105,0.8157
pointcloud,8333,100105,0.7593
pointcloud,8333,100105,0.8002
pointcloud,8333,100105,0.7937
pointcloud,8333,100105,0.8355
pointcloud,8333,100105,0.8408
pointcloud,8333,100105,0.8310
pointcloud,8333,100105,0.8347
pointcloud,8333,100105,0.8086
pointcloud,8333,100105,0.6844
pointcloud,8333,100105,0.8592
pointcloud,8333,100105,0.6177
pointcloud,8333,100105,0.8237
pointcloud,8333,100105,0.6715
pointcloud,8333,100105,0.7937
pointcloud,8333,100105,0.8042
pointcloud,8333,100105,0.8146
pointcloud,8333,100105,0.8203
pointcloud,8333,100105,0.8050
pointcloud,8333,100105,0.7864
pointcloud,8333,100105,0.8478
pointcloud,8333,100105,0.8001
pointcloud,8333,100105,0.8355
pointcloud,8333,100105,0.7914
pointcloud,8333,100105,0.7718
pointcloud,8333,100105,0.8562
pointcloud,8333,100105,0.8134
pointcloud,8333,100105,0.8270
pointcloud,8333,100105,0.7451
pointcloud,8333,100105,0.6596
pointcloud,8333,100105,0.7609
pointcloud,8333,100105,0.7870
pointcloud,8333,100105,0.8656
pointcloud,8333,100105,0.7810
pointcloud,8333,100105,0.8119
pointcloud,8333,100105,0.9366
pointcloud,8333,100105,0.8656
pointcloud,8333,100105,0.7748
pointcloud,8333,100105,0.8181
pointcloud,8333,100105,0.8079
pointcloud,8333,100105,0.8303
pointcloud,8333,100105,0.7903
pointcloud,8333,100105,0.8212
pointcloud,8333,100105,0.8065
pointcloud,8333,100105,0.8745
pointcloud,8333,100105,0.8967
pointcloud,8333,100105,0.8019
pointcloud,8333,100105,0.7526
pointcloud,8333,100105,0.8068
pointcloud,8333,100105,0.8232
pointcloud,8333,100105,0.8708
pointcloud,8333,100105,0.8925
pointcloud,8333,100105,0.8726
pointcloud,8333,100105,0.8847
pointcloud,8333,100105,0.8554
pointcloud,8333,100105,0.8949
pointcloud,8333,100105,0.7564
pointcloud,8333,100105,0.7751
pointcloud,8333,100105,0.8190
pointcloud,8333,100105,0.7173
pointcloud,8333,100105,0.7743
pointcloud,8333,100105,0.7103
pointcloud,8333,100105,0.7821
pointcloud,8333,100105,0.6790
pointcloud,8333,100105,0.7330
pointcloud,8333,100105,0.8128
pointcloud,8333,100105,0.8238
pointcloud,8333,100105,0.8959
pointcloud,8333,100105,0.7328
pointcloud,8333,100105,0.7155
pointcloud,8333,100105,0.7628
pointcloud,8333,100105,0.7387
pointcloud,8333,100105,0.8002
pointcloud,8333,100105,0.8543
pointcloud,8333,100105,0.8470
pointcloud,8333,100105,0.8569
pointcloud,8333,100105,0.8338
pointcloud,8333,100105,0.6229
pointcloud,8333,100105,0.7481
pointcloud,8333,100105,0.7388
pointcloud,8333,100105,0.7749
pointcloud,8333,100105,0.7221
pointcloud,8333,100105,0.6965
pointcloud,8333,100105,0.7933
pointcloud,8333,100105,0.7072
pointcloud,8333,100105,0.5878
pointcloud,8333,100105,0.9315
pointcloud,8333,100105,0.9486
pointcloud,8333,100105,0.8299
pointcloud,8333,100105,0.8061
pointcloud,8333,100105,0.8522
pointcloud,8333,100105,0.8145
pointcloud,8333,100105,0.8961
pointcloud,8333,100105,1.0382
pointcloud,8333,100105,0.9319
pointcloud,8333,100105,0.9608
pointcloud,8333,100105,0.9984
pointcloud,8333,100105,0.7353
pointcloud,8333,100105,0.9452
pointcloud,8333,100105,0.7743
pointcloud,8333,100105,0.7613
pointcloud,8333,100105,0.7456
pointcloud,8333,100105,0.5638
pointcloud,8333,100105,0.7733
pointcloud,8333,100105,0.8224
pointcloud,8333,100105,0.7579
pointcloud,8333,100105,0.7301
pointcloud,8333,100105,0.7375
pointcloud,8333,100105,0.8307
pointcloud,8333,100105,0.7317
pointcloud,8333,100105,0.7168
pointcloud,8333,100105,0.7244
pointcloud,8333,100105,0.8259
pointcloud,8333,100105,0.7400
pointcloud,8333,100105,0.6261
pointcloud,8333,100105,0.7174
pointcloud,8333,100105,0.7088
pointcloud,8333,100105,0.6501
pointcloud,8333,100105,0.7199
pointcloud,8333,100105,0.9524
pointcloud,8333,100105,0.7448
pointcloud,8333,100105,0.7409
pointcloud,8333,100105,0.7166
pointcloud,8333,100105,0.7978
pointcloud,8333,100105,0.8430
pointcloud,8333,100105,0.6774
pointcloud,8333,100105,0.7458
pointcloud,8333,100105,0.7442
pointcloud,8333,100105,0.6583
pointcloud,8333,100105,0.8267
pointcloud,8333,100105,0.7518
pointcloud,8333,100105,0.7360
pointcloud,8333,100105,0.7171
pointcloud,8333,100105,0.6743
pointcloud,8333,100105,0.7858
pointcloud,8333,100105,0.9346
pointcloud,8333,100105,0.7292
pointcloud,8333,100105,0.8075
pointcloud,8333,100105,0.7880
pointcloud,8333,100105,0.7444
pointcloud,8333,100105,0.7567
pointcloud,8333,100105,0.7661
pointcloud,8333,100105,0.6149
pointcloud,8333,100105,0.6923
pointcloud,8333,100105,0.6868
pointcloud,8333,100105,0.6754
pointcloud,8333,100105,0.7757
pointcloud,8333,100105,0.7723
pointcloud,8333,100105,0.8947
pointcloud,8333,100105,0.7571
pointcloud,8333,100105,0.9498
pointcloud,8333,100105,0.6623
pointcloud,8333,100105,0.7704
pointcloud,8333,100105,0.8439
pointcloud,8333,100105,0.7944
pointcloud,8333,100105,0.8406
pointcloud,8333,100105,0.7724
pointcloud,8333,100105,0.8160
pointcloud,8333,100105,0.7525
pointcloud,8333,100105,0.9657
pointcloud,8333,100105,0.8700
pointcloud,8333,100105,0.8175
pointcloud,8333,100105,0.7368
pointcloud,8333,100105,0.6865
pointcloud,8333,100105,0.7946
pointcloud,8333,100105,0.7329
pointcloud,8333,100105,0.7982
pointcloud,8333,100105,0.7547
pointcloud,8333,100105,0.7435
pointcloud,8333,100105,0.4904
pointcloud,8333,100105,0.6826
pointcloud,8333,100105,0.6692
pointcloud,8333,100105,0.8758
pointcloud,8333,100105,0.8206
pointcloud,8333,100105,0.8257
pointcloud,8333,100105,0.5073
pointcloud,8333,100105,0.7010
pointcloud,8333,100105,0.7500
pointcloud,8333,100105,0.8344
pointcloud,8333,100105,0.8050
pointcloud,8333,100105,0.8293
pointcloud,8333,100105,0.7865
pointcloud,8333,100105,0.7161
pointcloud,8333,100105,0.7812
pointcloud,8333,100105,0.8527
pointcloud,8333,100105,0.7169
pointcloud,8333,100105,0.5596
pointcloud,8333,100105,0.7034
pointcloud,8333,100105,0.8051
pointcloud,8333,100105,0.7144
pointcloud,8333,100105,0.4647
pointcloud,8333,100105,0.7755
pointcloud,8333,100105,0.6331
pointcloud,8333,100105,0.6207
pointcloud,8333,100105,0.9271
pointcloud,8333,100105,0.7913
pointcloud,8333,100105,0.7891
pointcloud,8333,100105,0.8007
pointcloud,8333,100105,0.7978
pointcloud,8333,100105,0.7908
pointcloud,8333,100105,0.7329
pointcloud,8333,100105,0.7475
pointcloud,8333,100105,0.7822
pointcloud,8333,100105,0.5911
pointcloud,8333,100105,0.7224
pointcloud,8333,100105,0.7016
pointcloud,8333,100105,0.7314
pointcloud,8333,100105,0.7075
pointcloud,8333,100105,0.7427
pointcloud,8333,100105,0.7645
pointcloud,8333,100105,0.7364
pointcloud,8333,100105,0.7111
pointcloud,8333,100105,0.7688
pointcloud,8333,100105,0.7810
pointcloud,8333,100105,0.7900
pointcloud,8333,100105,0.8153
pointcloud,8333,100105,0.7870
pointcloud,8333,100105,0.7275
pointcloud,8333,100105,0.7926
pointcloud,8333,100105,0.8049
pointcloud,8333,100105,0.8771
pointcloud,8333,100105,0.9283
pointcloud,8333,100105,0.8151
pointcloud,8333,100105,0.6043
pointcloud,8333,100105,0.7275
pointcloud,8333,100105,0.7791
pointcloud,8333,100105,0.8149
pointcloud,8333,100105,0.7030
pointcloud,8333,100105,0.7520
pointcloud,8333,100105,0.7221
pointcloud,8333,100105,1.0685
pointcloud,8333,100105,0.8360
pointcloud,8333,100105,0.7470
pointcloud,8333,100105,0.7893
pointcloud,8333,100105,0.7667
pointcloud,8333,100105,0.6992
pointcloud,8333,100105,0.7010
pointcloud,8333,100105,0.7653
pointcloud,8333,100105,0.8181
pointcloud,8333,100105,0.8361
pointcloud,8333,100105,0.8686
pointcloud,8333,100105,0.7130
pointcloud,8333,100105,0.7459
pointcloud,8333,100105,0.8101
pointcloud,8333,100105,0.7947
pointcloud,8333,100105,0.6344
pointcloud,8333,100105,0.8297
pointcloud,8333,100105,0.7506
pointcloud,8333,100105,0.7307
pointcloud,8333,100105,0.7119
pointcloud,8333,100105,0.8137
pointcloud,8333,100105,0.7417
pointcloud,8333,100105,0.6283
pointcloud,8333,100105,0.8219
pointcloud,8333,100105,0.7398
pointcloud,8333,100105,0.8378
pointcloud,8333,100105,0.6489
pointcloud,8333,100105,0.6941
pointcloud,8333,100105,0.7957
pointcloud,8333,100105,0.7320
pointcloud,8333,100105,0.7921
pointcloud,8333,100105,0.7529
pointcloud,8333,100105,0.7427
pointcloud,8333,100105,0.7230
pointcloud,8333,100105,0.6935
pointcloud,8333,100105,0.8246
pointcloud,8333,100105,0.9577
pointcloud,8333,100105,1.0190
pointcloud,8333,100105,0.7722
pointcloud,8333,100105,0.7621
pointcloud,8333,100105,0.7619
pointcloud,8333,100105,0.7472
pointcloud,8333,100105,0.7435
pointcloud,8333,100105,0.7440
pointcloud,8333,100105,0.7707
pointcloud,8333,100105,0.8174
pointcloud,8333,100105,0.4631
pointcloud,8333,100105,0.8077
pointcloud,8333,100105,0.7099
pointcloud,8333,100105,0.7586
pointcloud,8333,100105,0.7501
pointcloud,8333,100105,0.7350
pointcloud,8333,100105,0.5825
pointcloud,8333,100105,0.7281
pointcloud,8333,100105,0.8241
pointcloud,8333,100105,1.0307
pointcloud,8333,100105,0.7956
pointcloud,8333,100105,0.7563
pointcloud,8333,100105,0.7528
pointcloud,8333,100105,0.7396
pointcloud,8333,100105,0.8281
pointcloud,8333,100105,0.7301
pointcloud,8333,100105,0.7466
pointcloud,8333,100105,0.7452
pointcloud,8333,100105,0.8024
pointcloud,8333,100105,0.8202
pointcloud,8333,100105,0.7875
pointcloud,8333,100105,0.6820
pointcloud,8333,100105,0.7677
pointcloud,8333,100105,0.8417
pointcloud,8333,100105,0.8186
pointcloud,8333,100105,0.8476
pointcloud,8333,100105,0.7150
pointcloud,8333,100105,0.7309
pointcloud,8333,100105,0.7447
pointcloud,8333,100105,0.7098
pointcloud,8333,100105,0.7968
pointcloud,8333,100105,0.6825
pointcloud,8333,100105,0.7442
pointcloud,8333,100105,0.7879
pointcloud,8333,100105,0.8107
pointcloud,8333,100105,0.7043
pointcloud,8333,100105,0.7651
pointcloud,8333,100105,0.7438
pointcloud,8333,100105,0.7332
pointcloud,8333,100105,0.7507
pointcloud,8333,100105,0.7420
pointcloud,8333,100105,0.6995
pointcloud,8333,100105,0.8119
pointcloud,8333,100105,0.8294
pointcloud,8333,100105,0.8788
pointcloud,8333,100105,0.7670
pointcloud,8333,100105,0.7807
pointcloud,8333,100105,0.7533
pointcloud,8333,100105,0.7753
pointcloud,8333,100105,0.7587
pointcloud,8333,100105,0.7720
pointcloud,8333,100105,0.6774
pointcloud,8333,100105,0.7406
pointcloud,8333,100105,0.7740
pointcloud,8333,100105,0.7918
pointcloud,8333,100105,0.7069
pointcloud,8333,100105,0.7541
pointcloud,8333,100105,0.7520
pointcloud,8333,100105,0.7467
pointcloud,8333,100105,0.8200
pointcloud,8333,100105,0.6799
pointcloud,8333,100105,0.7408
pointcloud,8333,100105,0.6837
pointcloud,8333,100105,0.8747
pointcloud,8333,100105,0.7614
pointcloud,8333,100105,0.7814
pointcloud,8333,100105,0.7154
pointcloud,8333,100105,0.8504
pointcloud,8333,100105,0.8829
pointcloud,8333,100105,0.8326
pointcloud,8333,100105,0.7102
pointcloud,8333,100105,0.7640
pointcloud,8333,100105,0.7289
pointcloud,8333,100105,0.7758
pointcloud,8333,100105,0.6902
pointcloud,8333,100105,0.6746
pointcloud,8333,100105,0.7111
pointcloud,8333,100105,0.7794
pointcloud,8333,100105,0.8025
pointcloud,8333,100105,0.7627
pointcloud,8333,100105,0.7220
pointcloud,8333,100105,0.7581
pointcloud,8333,100105,0.7877
pointcloud,8333,100105,0.8394
pointcloud,8333,100105,0.7766
pointcloud,8333,100105,0.7402
pointcloud,8333,100105,0.7451
pointcloud,8333,100105,0.7002
pointcloud,8333,100105,0.6926
pointcloud,8333,100105,0.9105
pointcloud,8333,100105,0.7826
pointcloud,8333,100105,0.7894
pointcloud,8333,100105,0.7146
pointcloud,8333,100105,0.7947
pointcloud,8333,100105,0.8159
pointcloud,8333,100105,0.7861
pointcloud,8333,100105,0.7872
pointcloud,8333,100105,0.7680
pointcloud,8333,100105,0.8075
pointcloud,8333,100105,0.8334
pointcloud,8333,100105,0.7420
pointcloud,8333,100105,0.7191
pointcloud,8333,100105,0.7549
pointcloud,8333,100105,0.8078
pointcloud,8333,100105,0.9355
pointcloud,8333,100105,0.8308
pointcloud,8333,100105,0.7656
pointcloud,8333,100105,0.7350
pointcloud,8333,100105,0.7826
pointcloud,8333,100105,0.8194
pointcloud,8333,100105,0.8545
pointcloud,8333,100105,0.8008
pointcloud,8333,100105,0.7448
pointcloud,8333,100105,0.7897
pointcloud,8333,100105,0.8014
pointcloud,8333,100105,0.7955
pointcloud,8333,100105,0.7723
pointcloud,8333,100105,0.7581
pointcloud,8333,100105,0.7905
pointcloud,8333,100105,0.8244
pointcloud,8333,100105,0.7713
pointcloud,8333,100105,0.7646
pointcloud,8333,100105,0.7469
pointcloud,8333,100105,0.7190
pointcloud,8333,100105,1.0247
pointcloud,8333,100105,0.8803
pointcloud,8333,100105,0.7579
pointcloud,8333,100105,0.8012
pointcloud,8333,100105,0.7766
pointcloud,8333,100105,0.8335
pointcloud,8333,100105,0.7653
pointcloud,8333,100105,0.8165
pointcloud,8333,100105,0.7442
pointcloud,8333,100105,0.7637
pointcloud,8333,100105,0.8920
pointcloud,8333,100105,0.7682
pointcloud,8333,100105,0.7786
pointcloud,8333,100105,0.7658
pointcloud,8333,100105,0.7610
pointcloud,8333,100105,0.8900
pointcloud,8333,100105,0.7603
pointcloud,8333,100105,0.7715
pointcloud,8333,100105,0.7584
pointcloud,8333,100105,0.7730
pointcloud,8333,100105,0.8192
pointcloud,8333,100105,0.8676
pointcloud,8333,100105,0.7476
pointcloud,8333,100105,0.7730
pointcloud,8333,100105,0.7444
pointcloud,8333,100105,0.8099
pointcloud,8333,100105,0.8588
pointcloud,8333,100105,0.8092
pointcloud,8333,100105,0.7734
pointcloud,8333,100105,0.8034
pointcloud,8333,100105,0.8432
pointcloud,8333,100105,0.7562
pointcloud,8333,100105,0.7435
pointcloud,8333,100105,0.7416
pointcloud,8333,100105,0.7871
pointcloud,8333,100105,0.7919
pointcloud,8333,100105,0.7600
pointcloud,8333,100105,0.7503
pointcloud,8333,100105,0.7553
pointcloud,8333,100105,0.7518
pointcloud,8333,100105,0.7933
pointcloud,8333,100105,0.8862
pointcloud,8333,100105,0.7394
pointcloud,8333,100105,0.7671
pointcloud,8333,100105,0.7462
pointcloud,8333,100105,0.8876
pointcloud,8333,100105,0.7969
pointcloud,8333,100105,0.7550
pointcloud,8333,100105,0.8028
pointcloud,8333,100105,0.7414
pointcloud,8333,100105,0.8153
pointcloud,8333,100105,0.7522
pointcloud,8333,100105,0.7643
pointcloud,8333,100105,0.6710
pointcloud,8333,100105,0.7461
pointcloud,8333,100105,0.7747
pointcloud,8333,100105,0.7284
pointcloud,8333,100105,0.7900
pointcloud,8333,100105,0.7851
pointcloud,8333,100105,0.7601
pointcloud,8333,100105,0.7924
pointcloud,8333,100105,0.8270
pointcloud,8333,100105,0.9009
pointcloud,8333,100105,0.8060
pointcloud,8333,100105,0.8053
pointcloud,8333,100105,0.8487
pointcloud,8333,100105,0.9357
pointcloud,8333,100105,1.3218
pointcloud,8333,100105,0.7502
pointcloud,8333,100105,0.7318
pointcloud,8333,100105,0.7456
pointcloud,8333,100105,0.7458
pointcloud,8333,100105,0.7363
pointcloud,8333,100105,0.7314
pointcloud,8333,100105,0.7538
pointcloud,8333,100105,0.8252
pointcloud,8333,100105,0.7698
pointcloud,8333,100105,0.7342
pointcloud,8333,100105,0.7615
pointcloud,8333,100105,0.7460
pointcloud,8333,100105,0.6858
pointcloud,8333,100105,0.7380
pointcloud,8333,100105,0.9063
pointcloud,8333,100105,0.7329
pointcloud,8333,100105,0.7560
pointcloud,8333,100105,0.8158
pointcloud,8333,100105,0.7777
pointcloud,8333,100105,0.6880
pointcloud,8333,100105,0.8441
pointcloud,8333,100105,0.7729
pointcloud,8333,100105,0.7592
pointcloud,8333,100105,0.7564
pointcloud,41666,500101,2.0082
pointcloud,41666,500101,1.7731
pointcloud,41666,500101,1.8288
pointcloud,41666,500101,1.7474
pointcloud,41666,500101,1.6287
pointcloud,41666,500101,1.4767
pointcloud,41666,500101,1.4501
pointcloud,41666,500101,1.4412
pointcloud,41666,500101,1.4585
pointcloud,41666,500101,2.0053
pointcloud,41666,500101,1.3996
pointcloud,41666,500101,1.3943
pointcloud,41666,500101,1.3610
pointcloud,41666,500101,1.6959
pointcloud,41666,500101,1.5912
pointcloud,41666,500101,1.4291
pointcloud,41666,500101,1.3891
pointcloud,41666,500101,1.5461
pointcloud,41666,500101,1.2923
pointcloud,41666,500101,1.5413
pointcloud,41666,500101,1.3386
pointcloud,41666,500101,1.4975
pointcloud,41666,500101,1.6925
pointcloud,41666,500101,1.6259
pointcloud,41666,500101,1.5378
pointcloud,41666,500101,1.5753
pointcloud,41666,500101,1.6547
pointcloud,41666,500101,1.6569
pointcloud,41666,500101,1.8140
pointcloud,41666,500101,1.5382
pointcloud,41666,500101,1.8147
pointcloud,41666,500101,1.6565
pointcloud,41666,500101,1.6234
pointcloud,41666,500101,1.7718
pointcloud,41666,500101,2.0549
pointcloud,41666,500101,1.7388
pointcloud,41666,500101,1.6060
pointcloud,41666,500101,1.6226
pointcloud,41666,500101,1.6554
pointcloud,41666,500101,1.6121
pointcloud,41666,500101,1.6184
pointcloud,41666,500101,1.6607
pointcloud,41666,500101,1.7448
pointcloud,41666,500101,2.1779
pointcloud,41666,500101,1.6125
pointcloud,41666,500101,1.9803
pointcloud,41666,500101,1.5696
pointcloud,41666,500101,1.6111
pointcloud,41666,500101,1.5625
pointcloud,41666,500101,1.6971
pointcloud,41666,500101,1.9919
pointcloud,41666,500101,1.6583
pointcloud,41666,500101,1.5666
pointcloud,41666,500101,1.6724
pointcloud,41666,500101,1.6390
pointcloud,41666,500101,1.5699
pointcloud,41666,500101,1.8824
pointcloud,41666,500101,1.6738
pointcloud,41666,500101,1.7241
pointcloud,41666,500101,1.5688
pointcloud,41666,500101,1.6264
pointcloud,41666,500101,1.5996
pointcloud,41666,500101,1.7572
pointcloud,41666,500101,1.7203
pointcloud,41666,500101,1.6311
pointcloud,41666,500101,1.4979
pointcloud,41666,500101,1.6036
pointcloud,41666,500101,1.5346
pointcloud,41666,500101,1.6659
pointcloud,41666,500101,1.8508
pointcloud,41666,500101,1.9767
pointcloud,41666,500101,1.9806
pointcloud,41666,500101,2.0994
pointcloud,41666,500101,2.0428
pointcloud,41666,500101,1.5493
pointcloud,41666,500101,1.7453
pointcloud,41666,500101,1.5778
pointcloud,41666,500101,1.6095
pointcloud,41666,500101,1.6553
pointcloud,41666,500101,1.5783
pointcloud,41666,500101,1.6137
pointcloud,41666,500101,1.5848
pointcloud,41666,500101,1.9517
pointcloud,41666,500101,1.7342
pointcloud,41666,500101,1.9622
pointcloud,41666,500101,2.0820
pointcloud,41666,500101,1.6388
pointcloud,41666,500101,1.5490
pointcloud,41666,500101,1.6937
pointcloud,41666,500101,1.6016
pointcloud,41666,500101,1.5972
pointcloud,41666,500101,1.7584
pointcloud,41666,500101,1.7883
pointcloud,41666,500101,1.6681
pointcloud,41666,500101,1.7071
pointcloud,41666,500101,1.9806
pointcloud,41666,500101,1.6765
pointcloud,41666,500101,1.4798
pointcloud,41666,500101,1.6540
pointcloud,41666,500101,1.7915
pointcloud,41666,500101,1.6768
pointcloud,41666,500101,1.6782
pointcloud,41666,500101,1.5453
pointcloud,41666,500101,1.8057
pointcloud,41666,500101,1.6568
pointcloud,41666,500101,2.0504
pointcloud,41666,500101,1.9778
pointcloud,41666,500101,1.5750
pointcloud,41666,500101,1.6178
pointcloud,41666,500101,1.6707
pointcloud,41666,500101,1.6718
pointcloud,41666,500101,1.9055
pointcloud,41666,500101,1.5569
pointcloud,41666,500101,1.9282
pointcloud,41666,500101,1.7011
pointcloud,41666,500101,1.8702
pointcloud,41666,500101,1.6266
pointcloud,41666,500101,1.5004
pointcloud,41666,500101,1.6212
pointcloud,41666,500101,1.6188
pointcloud,41666,500101,1.5716
pointcloud,41666,500101,1.5834
pointcloud,41666,500101,1.5494
pointcloud,41666,500101,1.9424
pointcloud,41666,500101,1.5978
pointcloud,41666,500101,1.6173
pointcloud,41666,500101,1.5687
pointcloud,41666,500101,1.5482
pointcloud,41666,500101,1.6022
pointcloud,41666,500101,1.6974
pointcloud,41666,500101,1.5882
pointcloud,41666,500101,1.6859
pointcloud,41666,500101,1.6476
pointcloud,41666,500101,1.6801
pointcloud,41666,500101,1.6431
pointcloud,41666,500101,2.0354
pointcloud,41666,500101,1.6610
pointcloud,41666,500101,1.5668
pointcloud,41666,500101,1.6497
pointcloud,41666,500101,1.6475
pointcloud,41666,500101,1.5930
pointcloud,41666,500101,1.7702
pointcloud,41666,500101,1.5985
pointcloud,41666,500101,1.7499
pointcloud,41666,500101,1.6831
pointcloud,41666,500101,1.6085
pointcloud,41666,500101,1.6428
pointcloud,41666,500101,1.6212
pointcloud,41666,500101,1.7972
pointcloud,41666,500101,1.6500
pointcloud,41666,500101,1.6480
pointcloud,41666,500101,1.8128
pointcloud,41666,500101,1.8177
pointcloud,41666,500101,1.7652
pointcloud,41666,500101,1.9167
pointcloud,41666,500101,1.7887
pointcloud,41666,500101,1.8049
pointcloud,41666,500101,1.4952
pointcloud,41666,500101,1.5662
pointcloud,41666,500101,1.5129
pointcloud,41666,500101,1.9953
pointcloud,41666,500101,1.5809
pointcloud,41666,500101,1.5518
pointcloud,41666,500101,1.5347
pointcloud,41666,500101,2.1160
pointcloud,41666,500101,1.7578
pointcloud,41666,500101,1.6502
pointcloud,41666,500101,1.6400
pointcloud,41666,500101,1.5273
pointcloud,41666,500101,1.5487
pointcloud,41666,500101,1.6457
pointcloud,41666,500101,1.8198
pointcloud,41666,500101,1.7532
pointcloud,41666,500101,1.6044
pointcloud,41666,500101,1.5642
pointcloud,41666,500101,1.8495
pointcloud,41666,500101,1.6050
pointcloud,41666,500101,1.5491
pointcloud,41666,500101,1.5596
pointcloud,41666,500101,1.6848
pointcloud,41666,500101,1.6327
pointcloud,41666,500101,1.5390
pointcloud,41666,500101,1.4963
pointcloud,41666,500101,1.5334
pointcloud,41666,500101,1.6215
pointcloud,41666,500101,1.5937
pointcloud,41666,500101,1.6564
pointcloud,41666,500101,1.6090
pointcloud,41666,500101,1.6100
pointcloud,41666,500101,1.6337
pointcloud,41666,500101,1.5868
pointcloud,41666,500101,1.6616
pointcloud,41666,500101,1.5567
pointcloud,41666,500101,1.7615
pointcloud,41666,500101,1.7180
pointcloud,41666,500101,2.0639
pointcloud,41666,500101,1.7236
pointcloud,41666,500101,1.6312
pointcloud,41666,500101,1.6885
pointcloud,41666,500101,1.5643
pointcloud,41666,500101,1.6976
pointcloud,41666,500101,1.6785
pointcloud,41666,500101,1.5703
pointcloud,41666,500101,1.6176
pointcloud,41666,500101,1.6587
pointcloud,41666,500101,1.6557
pointcloud,41666,500101,1.5976
pointcloud,41666,500101,1.5165
pointcloud,41666,500101,1.5488
pointcloud,41666,500101,1.5539
pointcloud,41666,500101,1.5584
pointcloud,41666,500101,1.5734
pointcloud,41666,500101,1.2138
pointcloud,41666,500101,1.7433
pointcloud,41666,500101,1.5673
pointcloud,41666,500101,1.7113
pointcloud,41666,500101,1.5993
pointcloud,41666,500101,1.6957
pointcloud,41666,500101,1.5344
pointcloud,41666,500101,1.7068
pointcloud,41666,500101,1.5703
pointcloud,41666,500101,1.5364
pointcloud,41666,500101,1.5141
pointcloud,41666,500101,1.7713
pointcloud,41666,500101,1.7042
pointcloud,41666,500101,1.7720
pointcloud,41666,500101,1.7233
pointcloud,41666,500101,1.5580
pointcloud,41666,500101,1.5489
pointcloud,41666,500101,1.5521
pointcloud,41666,500101,1.5778
pointcloud,41666,500101,1.5588
pointcloud,41666,500101,1.5944
pointcloud,41666,500101,1.7654
pointcloud,41666,500101,1.6631
pointcloud,41666,500101,1.7010
pointcloud,41666,500101,1.8059
pointcloud,41666,500101,2.1659
pointcloud,41666,500101,1.6590
pointcloud,41666,500101,1.7691
pointcloud,41666,500101,1.7153
pointcloud,41666,500101,1.7010
pointcloud,41666,500101,1.6877
pointcloud,41666,500101,1.7765
pointcloud,41666,500101,1.5916
pointcloud,41666,500101,1.7754
pointcloud,41666,500101,1.2153
pointcloud,41666,500101,1.4748
pointcloud,41666,500101,1.6803
pointcloud,41666,500101,1.7920
pointcloud,41666,500101,1.8152
pointcloud,41666,500101,1.5394
pointcloud,41666,500101,1.7872
pointcloud,41666,500101,1.6105
pointcloud,41666,500101,1.6205
pointcloud,41666,500101,1.7835
pointcloud,41666,500101,1.6233
pointcloud,41666,500101,1.7483
pointcloud,41666,500101,1.6338
pointcloud,41666,500101,1.5752
pointcloud,41666,500101,1.7406
pointcloud,41666,500101,1.7466
pointcloud,41666,500101,1.7144
pointcloud,41666,500101,1.7135
pointcloud,41666,500101,1.6870
pointcloud,41666,500101,1.7439
pointcloud,41666,500101,1.9179
pointcloud,41666,500101,1.7930
pointcloud,41666,500101,1.5669
pointcloud,41666,500101,1.5849
pointcloud,41666,500101,1.6632
pointcloud,41666,500101,1.6620
pointcloud,41666,500101,1.6855
pointcloud,41666,500101,1.7571
pointcloud,41666,500101,1.5319
pointcloud,41666,500101,1.5795
pointcloud,41666,500101,1.7123
pointcloud,41666,500101,1.7194
pointcloud,41666,500101,1.6591
pointcloud,41666,500101,1.7729
pointcloud,41666,500101,1.7244
pointcloud,41666,500101,1.6914
pointcloud,41666,500101,1.6642
pointcloud,41666,500101,1.7793
pointcloud,41666,500101,1.6256
pointcloud,41666,500101,1.7584
pointcloud,41666,500101,1.7058
pointcloud,41666,500101,1.8578
pointcloud,41666,500101,1.5763
pointcloud,41666,500101,1.7293
pointcloud,41666,500101,1.7796
pointcloud,41666,500101,1.6641
pointcloud,41666,500101,1.5737
pointcloud,41666,500101,1.5568
pointcloud,41666,500101,1.5773
pointcloud,41666,500101,1.5681
pointcloud,41666,500101,1.6764
pointcloud,41666,500101,1.7143
pointcloud,41666,500101,1.5357
pointcloud,41666,500101,1.6595
pointcloud,41666,500101,1.6952
pointcloud,41666,500101,1.6534
pointcloud,41666,500101,1.5475
pointcloud,41666,500101,1.7939
pointcloud,41666,500101,1.7264
pointcloud,41666,500101,1.6898
pointcloud,41666,500101,1.7475
pointcloud,41666,500101,1.5403
pointcloud,41666,500101,1.6611
pointcloud,41666,500101,1.5973
pointcloud,41666,500101,1.6161
pointcloud,41666,500101,2.1442
pointcloud,41666,500101,1.6802
pointcloud,41666,500101,1.6611
pointcloud,41666,500101,1.6692
pointcloud,41666,500101,1.7490
pointcloud,41666,500101,1.6371
pointcloud,41666,500101,1.4053
pointcloud,41666,500101,1.6573
pointcloud,41666,500101,1.6403
pointcloud,41666,500101,1.5931
pointcloud,41666,500101,1.7487
pointcloud,41666,500101,1.6221
pointcloud,41666,500101,1.7819
pointcloud,41666,500101,1.5122
pointcloud,41666,500101,1.6160
pointcloud,41666,500101,1.6769
pointcloud,41666,500101,1.6938
pointcloud,41666,500101,1.7470
pointcloud,41666,500101,1.6291
pointcloud,41666,500101,1.6432
pointcloud,41666,500101,1.6210
pointcloud,41666,500101,1.6095
pointcloud,41666,500101,1.8150
pointcloud,41666,500101,1.6176
pointcloud,41666,500101,1.6755
pointcloud,41666,500101,1.6591
pointcloud,41666,500101,1.8267
pointcloud,41666,500101,1.9222
pointcloud,41666,500101,2.0274
pointcloud,41666,500101,1.9364
pointcloud,41666,500101,1.7036
pointcloud,41666,500101,1.7143
pointcloud,41666,500101,1.6317
pointcloud,41666,500101,1.7823
pointcloud,41666,500101,1.6943
pointcloud,41666,500101,1.7932
pointcloud,41666,500101,1.4631
pointcloud,41666,500101,1.6988
pointcloud,41666,500101,1.7851
pointcloud,41666,500101,1.6997
pointcloud,41666,500101,1.7689
pointcloud,41666,500101,1.6450
pointcloud,41666,500101,1.5952
pointcloud,41666,500101,1.8728
pointcloud,41666,500101,1.6112
pointcloud,41666,500101,1.6437
pointcloud,41666,500101,1.5871
pointcloud,41666,500101,1.6742
pointcloud,41666,500101,1.6681
pointcloud,41666,500101,1.6151
pointcloud,41666,500101,1.6288
pointcloud,41666,500101,1.6208
pointcloud,41666,500101,1.6827
pointcloud,41666,500101,1.5488
pointcloud,41666,500101,1.7219
pointcloud,41666,500101,1.8343
pointcloud,41666,500101,1.7281
pointcloud,41666,500101,1.6518
pointcloud,41666,500101,1.8200
pointcloud,41666,500101,2.0080
pointcloud,41666,500101,1.7662
pointcloud,41666,500101,1.6960
pointcloud,41666,500101,1.9591
pointcloud,41666,500101,1.6797
pointcloud,41666,500101,2.0237
pointcloud,41666,500101,1.7820
pointcloud,41666,500101,1.6546
pointcloud,41666,500101,1.6654
pointcloud,41666,500101,1.7629
pointcloud,41666,500101,2.0125
pointcloud,41666,500101,1.7491
pointcloud,41666,500101,1.6134
pointcloud,41666,500101,1.9255
pointcloud,41666,500101,1.6371
pointcloud,41666,500101,1.6887
pointcloud,41666,500101,1.6500
pointcloud,41666,500101,1.7309
pointcloud,41666,500101,1.5904
pointcloud,41666,500101,1.3015
pointcloud,41666,500101,1.5657
pointcloud,41666,500101,1.7109
pointcloud,41666,500101,1.6247
pointcloud,41666,500101,1.5821
pointcloud,41666,500101,1.6479
pointcloud,41666,500101,1.7009
pointcloud,41666,500101,1.6686
pointcloud,41666,500101,1.6020
pointcloud,41666,500101,1.6060
pointcloud,41666,500101,1.6155
pointcloud,41666,500101,1.6268
pointcloud,41666,500101,1.6746
pointcloud,41666,500101,1.6629
pointcloud,41666,500101,1.6020
pointcloud,41666,500101,1.6244
pointcloud,41666,500101,1.6072
pointcloud,41666,500101,1.6731
pointcloud,41666,500101,1.5437
pointcloud,41666,500101,1.6320
pointcloud,41666,500101,1.4666
pointcloud,41666,500101,1.9436
pointcloud,41666,500101,1.7648
pointcloud,41666,500101,1.5811
pointcloud,41666,500101,1.7077
pointcloud,41666,500101,1.6826
pointcloud,41666,500101,1.6829
pointcloud,41666,500101,1.8208
pointcloud,41666,500101,1.5615
pointcloud,41666,500101,1.6209
pointcloud,41666,500101,1.6212
pointcloud,41666,500101,1.6347
pointcloud,41666,500101,1.6323
pointcloud,41666,500101,1.4285
pointcloud,41666,500101,1.6008
pointcloud,41666,500101,1.6652
pointcloud,41666,500101,1.6258
pointcloud,41666,500101,1.6534
pointcloud,41666,500101,1.5940
pointcloud,41666,500101,1.7086
pointcloud,41666,500101,1.5277
pointcloud,41666,500101,1.7111
pointcloud,41666,500101,1.6743
pointcloud,41666,500101,1.4141
pointcloud,41666,500101,1.7375
pointcloud,41666,500101,1.5944
pointcloud,41666,500101,1.6602
pointcloud,41666,500101,1.9019
pointcloud,41666,500101,1.6747
pointcloud,41666,500101,1.6967
pointcloud,41666,500101,1.6162
pointcloud,41666,500101,1.6257
pointcloud,41666,500101,1.6661
pointcloud,41666,500101,1.2927
pointcloud,41666,500101,1.7272
pointcloud,41666,500101,1.6401
pointcloud,41666,500101,1.8794
pointcloud,41666,500101,1.7624
pointcloud,41666,500101,1.5679
pointcloud,41666,500101,1.6703
pointcloud,41666,500101,1.6284
pointcloud,41666,500101,1.6904
pointcloud,41666,500101,1.7312
pointcloud,41666,500101,1.2715
pointcloud,41666,500101,1.5628
pointcloud,41666,500101,1.7245
pointcloud,41666,500101,1.7698
pointcloud,41666,500101,1.7249
pointcloud,41666,500101,1.5454
pointcloud,41666,500101,1.7358
pointcloud,41666,500101,1.5756
pointcloud,41666,500101,1.6704
pointcloud,41666,500101,1.6663
pointcloud,41666,500101,1.5224
pointcloud,41666,500101,1.5942
pointcloud,41666,500101,1.7042
pointcloud,41666,500101,1.7206
pointcloud,41666,500101,1.8187
pointcloud,41666,500101,1.7045
pointcloud,41666,500101,1.6748
pointcloud,41666,500101,1.6078
pointcloud,41666,500101,1.7398
pointcloud,41666,500101,1.7393
pointcloud,41666,500101,1.7008
pointcloud,41666,500101,1.6691
pointcloud,41666,500101,1.7144
pointcloud,41666,500101,1.6403
pointcloud,41666,500101,1.7024
pointcloud,41666,500101,1.6736
pointcloud,41666,500101,1.6262
pointcloud,41666,500101,1.6421
pointcloud,41666,500101,1.6463
pointcloud,41666,500101,1.6843
pointcloud,41666,500101,1.6182
pointcloud,41666,500101,1.6322
pointcloud,41666,500101,1.6364
pointcloud,41666,500101,1.6314
pointcloud,41666,500101,1.6840
pointcloud,41666,500101,1.6943
pointcloud,41666,500101,1.6518
pointcloud,41666,500101,1.7659
pointcloud,41666,500101,1.7073
pointcloud,41666,500101,1.6985
pointcloud,41666,500101,1.7025
pointcloud,41666,500101,1.6481
pointcloud,41666,500101,1.6843
pointcloud,41666,500101,1.7278
pointcloud,41666,500101,1.6297
pointcloud,41666,500101,1.5984
pointcloud,41666,500101,1.7554
pointcloud,41666,500101,1.6360
pointcloud,41666,500101,1.6984
pointcloud,41666,500101,1.6769
pointcloud,41666,500101,1.6178
pointcloud,41666,500101,1.5992
pointcloud,41666,500101,1.6018
pointcloud,41666,500101,2.0443
pointcloud,41666,500101,2.0241
pointcloud,41666,500101,2.0022
pointcloud,41666,500101,1.8239
pointcloud,41666,500101,1.6351
pointcloud,41666,500101,1.9755
pointcloud,41666,500101,1.6782
pointcloud,41666,500101,1.8047
pointcloud,41666,500101,1.6460
pointcloud,41666,500101,1.8646
pointcloud,41666,500101,1.8100
pointcloud,41666,500101,1.8231
pointcloud,41666,500101,1.8333
pointcloud,41666,500101,1.7878
pointcloud,41666,500101,1.8588
pointcloud,41666,500101,1.9252
pointcloud,41666,500101,1.7277
pointcloud,41666,500101,1.7278
pointcloud,41666,500101,1.7102
pointcloud,41666,500101,1.7783
pointcloud,41666,500101,1.9309
pointcloud,41666,500101,1.7128
pointcloud,41666,500101,1.7216
pointcloud,41666,500101,1.6597
pointcloud,41666,500101,1.6501
pointcloud,41666,500101,1.6203
pointcloud,41666,500101,1.6304
pointcloud,41666,500101,1.6118
pointcloud,41666,500101,1.6808
pointcloud,41666,500101,1.8406
pointcloud,41666,500101,1.6611
pointcloud,41666,500101,1.6484
pointcloud,41666,500101,1.6805
pointcloud,41666,500101,1.5712
pointcloud,83333,1000105,3.5028
pointcloud,83333,1000105,3.1875
pointcloud,83333,1000105,3.1753
pointcloud,83333,1000105,3.4106
pointcloud,83333,1000105,4.5943
pointcloud,83333,1000105,4.0900
pointcloud,83333,1000105,4.7498
pointcloud,83333,1000105,3.6314
pointcloud,83333,1000105,3.4199
pointcloud,83333,1000105,3.1415
pointcloud,83333,1000105,3.1816
pointcloud,83333,1000105,3.3364
pointcloud,83333,1000105,3.1434
pointcloud,83333,1000105,3.4011
pointcloud,83333,1000105,4.7193
pointcloud,83333,1000105,3.6629
pointcloud,83333,1000105,4.5567
pointcloud,83333,1000105,3.5641
pointcloud,83333,1000105,3.1434
pointcloud,83333,1000105,3.2741
pointcloud,83333,1000105,3.3938
pointcloud,83333,1000105,3.1040
pointcloud,83333,1000105,2.9384
pointcloud,83333,1000105,4.4810
pointcloud,83333,1000105,3.7725
pointcloud,83333,1000105,4.7028
pointcloud,83333,1000105,102.8726
pointcloud,83333,1000105,3.6161
pointcloud,83333,1000105,4.5349
pointcloud,83333,1000105,3.2972
pointcloud,83333,1000105,3.1390
pointcloud,83333,1000105,3.2332
pointcloud,83333,1000105,3.3383
pointcloud,83333,1000105,4.5945
pointcloud,83333,1000105,3.6095
pointcloud,83333,1000105,4.6072
pointcloud,83333,1000105,3.1013
pointcloud,83333,1000105,3.1982
pointcloud,83333,1000105,3.4362
pointcloud,83333,1000105,3.3282
pointcloud,83333,1000105,3.4482
pointcloud,83333,1000105,3.3524
pointcloud,83333,1000105,4.6627
pointcloud,83333,1000105,3.6583
pointcloud,83333,1000105,3.2788
pointcloud,83333,1000105,3.4780
pointcloud,83333,1000105,3.4610
pointcloud,83333,1000105,3.1422
pointcloud,83333,1000105,3.1812
pointcloud,83333,1000105,3.1514
pointcloud,83333,1000105,3.4565
pointcloud,83333,1000105,3.3657
pointcloud,83333,1000105,4.5404
pointcloud,83333,1000105,3.9397
pointcloud,83333,1000105,4.4189
pointcloud,83333,1000105,3.2435
pointcloud,83333,1000105,3.3640
pointcloud,83333,1000105,3.1916
pointcloud,83333,1000105,3.2164
pointcloud,83333,1000105,3.2419
pointcloud,83333,1000105,3.3598
pointcloud,83333,1000105,4.6106
pointcloud,83333,1000105,3.6897
pointcloud,83333,1000105,4.5232
pointcloud,83333,1000105,3.9407
pointcloud,83333,1000105,3.1961
pointcloud,83333,1000105,3.4017
pointcloud,83333,1000105,3.4327
pointcloud,83333,1000105,3.2731
pointcloud,83333,1000105,3.0959
pointcloud,83333,1000105,3.1832
pointcloud,83333,1000105,4.5148
pointcloud,83333,1000105,3.7496
pointcloud,83333,1000105,4.9742
pointcloud,83333,1000105,3.8042
pointcloud,83333,1000105,3.1473
pointcloud,83333,1000105,3.3599
pointcloud,83333,1000105,3.1172
pointcloud,83333,1000105,3.1063
pointcloud,83333,1000105,3.3032
pointcloud,83333,1000105,4.6147
pointcloud,83333,1000105,3.8956
pointcloud,83333,1000105,4.8467
pointcloud,83333,1000105,3.7982
pointcloud,83333,1000105,3.3252
pointcloud,83333,1000105,3.1900
pointcloud,83333,1000105,3.2873
pointcloud,83333,1000105,3.2497
pointcloud,83333,1000105,3.2052
pointcloud,83333,1000105,3.1233
pointcloud,83333,1000105,4.7826
pointcloud,83333,1000105,3.7130
pointcloud,83333,1000105,4.8010
pointcloud,83333,1000105,3.0703
pointcloud,83333,1000105,3.1367
pointcloud,83333,1000105,3.2480
pointcloud,83333,1000105,3.2697
pointcloud,83333,1000105,3.3360
pointcloud,83333,1000105,3.1833
pointcloud,83333,1000105,3.5158
pointcloud,83333,1000105,4.5955
pointcloud,83333,1000105,3.8894
pointcloud,83333,1000105,4.7651
pointcloud,83333,1000105,3.1308
pointcloud,83333,1000105,3.2690
pointcloud,83333,1000105,3.3614
pointcloud,83333,1000105,3.1685
pointcloud,83333,1000105,3.4044
pointcloud,83333,1000105,3.4771
pointcloud,83333,1000105,4.8850
pointcloud,83333,1000105,3.9703
pointcloud,83333,1000105,4.6454
pointcloud,83333,1000105,3.1892
pointcloud,83333,1000105,3.1543
pointcloud,83333,1000105,3.3676
pointcloud,83333,1000105,3.1620
pointcloud,83333,1000105,3.1763
pointcloud,83333,1000105,3.3776
pointcloud,83333,1000105,3.3951
pointcloud,83333,1000105,4.9397
pointcloud,83333,1000105,4.0051
pointcloud,83333,1000105,4.6199
pointcloud,83333,1000105,3.1588
pointcloud,83333,1000105,3.2410
pointcloud,83333,1000105,3.4068
pointcloud,83333,1000105,3.3659
pointcloud,83333,1000105,3.3614
pointcloud,83333,1000105,3.1532
pointcloud,83333,1000105,4.8978
pointcloud,83333,1000105,4.1776
pointcloud,83333,1000105,4.5427
pointcloud,83333,1000105,3.1943
pointcloud,83333,1000105,3.2811
pointcloud,83333,1000105,3.3534
pointcloud,83333,1000105,3.3834
pointcloud,83333,1000105,3.8176
pointcloud,83333,1000105,3.1511
pointcloud,83333,1000105,3.4148
pointcloud,83333,1000105,4.5526
pointcloud,83333,1000105,3.7858
pointcloud,83333,1000105,4.9535
pointcloud,83333,1000105,3.7831
pointcloud,83333,1000105,3.2800
pointcloud,83333,1000105,2.5828
pointcloud,83333,1000105,3.2648
pointcloud,83333,1000105,3.1516
pointcloud,83333,1000105,3.3410
pointcloud,83333,1000105,4.8446
pointcloud,83333,1000105,3.8516
pointcloud,83333,1000105,5.7481
pointcloud,83333,1000105,4.2032
pointcloud,83333,1000105,3.2161
pointcloud,83333,1000105,3.1556
pointcloud,83333,1000105,2.5525
pointcloud,83333,1000105,3.4738
pointcloud,83333,1000105,3.1422
pointcloud,83333,1000105,3.2330
pointcloud,83333,1000105,4.7607
pointcloud,83333,1000105,3.7704
pointcloud,83333,1000105,4.7634
pointcloud,83333,1000105,3.2488
pointcloud,83333,1000105,3.2533
pointcloud,83333,1000105,5.1220
pointcloud,83333,1000105,3.0704
pointcloud,83333,1000105,3.2383
pointcloud,83333,1000105,3.2183
pointcloud,83333,1000105,4.8008
pointcloud,83333,1000105,4.1910
pointcloud,83333,1000105,4.7946
pointcloud,83333,1000105,103.1328
pointcloud,83333,1000105,2.9622
pointcloud,83333,1000105,3.0514
pointcloud,83333,1000105,4.5834
pointcloud,83333,1000105,2.9391
pointcloud,83333,1000105,3.8136
pointcloud,83333,1000105,3.7970
pointcloud,83333,1000105,5.1408
pointcloud,83333,1000105,4.3246
pointcloud,83333,1000105,5.4590
pointcloud,83333,1000105,3.9622
pointcloud,83333,1000105,3.9393
pointcloud,83333,1000105,3.7459
pointcloud,83333,1000105,3.4438
pointcloud,83333,1000105,2.9026
pointcloud,83333,1000105,3.1314
pointcloud,83333,1000105,5.3311
pointcloud,83333,1000105,4.8043
pointcloud,83333,1000105,5.1596
pointcloud,83333,1000105,4.2234
pointcloud,83333,1000105,4.2341
pointcloud,83333,1000105,3.7598
pointcloud,83333,1000105,4.1130
pointcloud,83333,1000105,3.8809
pointcloud,83333,1000105,3.0170
pointcloud,83333,1000105,3.0875
pointcloud,83333,1000105,4.6284
pointcloud,83333,1000105,3.6880
pointcloud,83333,1000105,4.8439
pointcloud,83333,1000105,4.6547
pointcloud,83333,1000105,3.2568
pointcloud,83333,1000105,3.1604
pointcloud,83333,1000105,3.1062
pointcloud,83333,1000105,3.2586
pointcloud,83333,1000105,3.0323
pointcloud,83333,1000105,4.8771
pointcloud,83333,1000105,4.1278
pointcloud,83333,1000105,5.2556
pointcloud,83333,1000105,4.3017
pointcloud,83333,1000105,3.7289
pointcloud,83333,1000105,4.0958
pointcloud,83333,1000105,4.0688
pointcloud,83333,1000105,3.7105
pointcloud,83333,1000105,4.0796
pointcloud,83333,1000105,3.7003
pointcloud,83333,1000105,5.3406
pointcloud,83333,1000105,3.9119
pointcloud,83333,1000105,4.5573
pointcloud,83333,1000105,3.1249
pointcloud,83333,1000105,3.1693
pointcloud,83333,1000105,3.1716
pointcloud,83333,1000105,3.1755
pointcloud,83333,1000105,3.1656
pointcloud,83333,1000105,3.3059
pointcloud,83333,1000105,4.8491
pointcloud,83333,1000105,3.9909
pointcloud,83333,1000105,5.0936
pointcloud,83333,1000105,4.6616
pointcloud,83333,1000105,3.3689
pointcloud,83333,1000105,3.2626
pointcloud,83333,1000105,3.4219
pointcloud,83333,1000105,3.6113
pointcloud,83333,1000105,3.2317
pointcloud,83333,1000105,3.2559
pointcloud,83333,1000105,4.6483
pointcloud,83333,1000105,3.8178
pointcloud,83333,1000105,4.7881
pointcloud,83333,1000105,3.1717
pointcloud,83333,1000105,3.1421
pointcloud,83333,1000105,3.1492
pointcloud,83333,1000105,3.3492
pointcloud,83333,1000105,3.2487
pointcloud,83333,1000105,3.1259
pointcloud,83333,1000105,4.8852
pointcloud,83333,1000105,3.8565
pointcloud,83333,1000105,5.0341
pointcloud,83333,1000105,3.9083
pointcloud,83333,1000105,3.2714
pointcloud,83333,1000105,3.1267
pointcloud,83333,1000105,3.3785
pointcloud,83333,1000105,3.4283
pointcloud,83333,1000105,3.4748
pointcloud,83333,1000105,3.5214
pointcloud,83333,1000105,4.9026
pointcloud,83333,1000105,3.4801
pointcloud,83333,1000105,4.0847
pointcloud,83333,1000105,3.3822
pointcloud,83333,1000105,3.3936
pointcloud,83333,1000105,3.2981
pointcloud,83333,1000105,3.1186
pointcloud,83333,1000105,3.2049
pointcloud,83333,1000105,3.3307
pointcloud,83333,1000105,4.9309
pointcloud,83333,1000105,4.3237
pointcloud,83333,1000105,5.3049
pointcloud,83333,1000105,3.6602
pointcloud,83333,1000105,3.9385
pointcloud,83333,1000105,3.5645
pointcloud,83333,1000105,3.5534
pointcloud,83333,1000105,3.0791
pointcloud,83333,1000105,3.2173
pointcloud,83333,1000105,3.2283
pointcloud,83333,1000105,4.5564
pointcloud,83333,1000105,3.8309
pointcloud,83333,1000105,4.7337
pointcloud,83333,1000105,102.8736
pointcloud,83333,1000105,3.1228
pointcloud,83333,1000105,4.2515
pointcloud,83333,1000105,3.0536
pointcloud,83333,1000105,3.0897
pointcloud,83333,1000105,3.0618
pointcloud,83333,1000105,4.8177
pointcloud,83333,1000105,3.7129
pointcloud,83333,1000105,4.4631
pointcloud,83333,1000105,3.7717
pointcloud,83333,1000105,3.1330
pointcloud,83333,1000105,3.1885
pointcloud,83333,1000105,3.3144
pointcloud,83333,1000105,3.2244
pointcloud,83333,1000105,3.1902
pointcloud,83333,1000105,3.3849
pointcloud,83333,1000105,4.8723
pointcloud,83333,1000105,3.9414
pointcloud,83333,1000105,4.7577
pointcloud,83333,1000105,3.1881
pointcloud,83333,1000105,3.2180
pointcloud,83333,1000105,3.1343
pointcloud,83333,1000105,3.3551
pointcloud,83333,1000105,3.3663
pointcloud,83333,1000105,2.9474
pointcloud,83333,1000105,3.1685
pointcloud,83333,1000105,4.5898
pointcloud,83333,1000105,3.8742
pointcloud,83333,1000105,4.6993
pointcloud,83333,1000105,3.5875
pointcloud,83333,1000105,3.3827
pointcloud,83333,1000105,3.1721
pointcloud,83333,1000105,3.3899
pointcloud,83333,1000105,3.1592
pointcloud,83333,1000105,3.3384
pointcloud,83333,1000105,4.8442
pointcloud,83333,1000105,3.9735
pointcloud,83333,1000105,4.5563
pointcloud,83333,1000105,3.3247
pointcloud,83333,1000105,3.1782
pointcloud,83333,1000105,3.3854
pointcloud,83333,1000105,3.3346
pointcloud,83333,1000105,3.1412
pointcloud,83333,1000105,3.1395
pointcloud,83333,1000105,3.1370
pointcloud,83333,1000105,4.7805
pointcloud,83333,1000105,3.7926
pointcloud,83333,1000105,4.5319
pointcloud,83333,1000105,3.2034
pointcloud,83333,1000105,3.1611
pointcloud,83333,1000105,3.2043
pointcloud,83333,1000105,3.1507
pointcloud,83333,1000105,3.1494
pointcloud,83333,1000105,3.3270
pointcloud,83333,1000105,4.7263
pointcloud,83333,1000105,3.9101
pointcloud,83333,1000105,4.4935
pointcloud,83333,1000105,102.8135
pointcloud,83333,1000105,3.0937
pointcloud,83333,1000105,3.1046
pointcloud,83333,1000105,4.5968
pointcloud,83333,1000105,3.1358
pointcloud,83333,1000105,3.3318
pointcloud,83333,1000105,3.0800
pointcloud,83333,1000105,4.6252
pointcloud,83333,1000105,3.9413
pointcloud,83333,1000105,4.6329
pointcloud,83333,1000105,3.6133
pointcloud,83333,1000105,3.1573
pointcloud,83333,1000105,3.2157
pointcloud,83333,1000105,3.4689
pointcloud,83333,1000105,3.3830
pointcloud,83333,1000105,3.3699
pointcloud,83333,1000105,4.7419
pointcloud,83333,1000105,3.6805
pointcloud,83333,1000105,4.5761
pointcloud,83333,1000105,3.3139
pointcloud,83333,1000105,3.1410
pointcloud,83333,1000105,3.3678
pointcloud,83333,1000105,3.2172
pointcloud,83333,1000105,3.3020
pointcloud,83333,1000105,3.1551
pointcloud,83333,1000105,3.6807
pointcloud,83333,1000105,5.3621
pointcloud,83333,1000105,4.3303
pointcloud,83333,1000105,5.5911
pointcloud,83333,1000105,3.4946
pointcloud,83333,1000105,2.6984
pointcloud,83333,1000105,3.3880
pointcloud,83333,1000105,3.2187
pointcloud,83333,1000105,3.3254
pointcloud,83333,1000105,3.1637
pointcloud,83333,1000105,3.1632
pointcloud,83333,1000105,4.6255
pointcloud,83333,1000105,3.7579
pointcloud,83333,1000105,4.7714
pointcloud,83333,1000105,4.3819
pointcloud,83333,1000105,2.1881
pointcloud,83333,1000105,3.1137
pointcloud,83333,1000105,3.1896
pointcloud,83333,1000105,3.3437
pointcloud,83333,1000105,3.1989
pointcloud,83333,1000105,4.6011
pointcloud,83333,1000105,3.8797
pointcloud,83333,1000105,4.6966
pointcloud,83333,1000105,3.6185
pointcloud,83333,1000105,3.2466
pointcloud,83333,1000105,2.1329
pointcloud,83333,1000105,3.2128
pointcloud,83333,1000105,3.3562
pointcloud,83333,1000105,3.3335
pointcloud,83333,1000105,3.2364
pointcloud,83333,1000105,4.5803
pointcloud,83333,1000105,3.6913
pointcloud,83333,1000105,4.5732
pointcloud,83333,1000105,3.2390
pointcloud,83333,1000105,3.1497
pointcloud,83333,1000105,2.6350
pointcloud,83333,1000105,3.3874
pointcloud,83333,1000105,3.2138
pointcloud,83333,1000105,3.5403
pointcloud,83333,1000105,4.5667
pointcloud,83333,1000105,3.7684
pointcloud,83333,1000105,4.7081
pointcloud,83333,1000105,3.2845
pointcloud,83333,1000105,3.3617
pointcloud,83333,1000105,3.3887
pointcloud,83333,1000105,2.8017
pointcloud,83333,1000105,3.0523
pointcloud,83333,1000105,3.4529
pointcloud,83333,1000105,3.3223
pointcloud,83333,1000105,4.7798
pointcloud,83333,1000105,3.6304
pointcloud,83333,1000105,4.7207
pointcloud,83333,1000105,4.8338
pointcloud,83333,1000105,3.3471
pointcloud,83333,1000105,3.2252
pointcloud,83333,1000105,3.2714
pointcloud,83333,1000105,3.4591
pointcloud,83333,1000105,3.1965
pointcloud,83333,1000105,4.9200
pointcloud,83333,1000105,3.8505
pointcloud,83333,1000105,4.7557
pointcloud,83333,1000105,3.2642
pointcloud,83333,1000105,3.1346
pointcloud,83333,1000105,3.5791
pointcloud,83333,1000105,3.4597
pointcloud,83333,1000105,3.4275
pointcloud,83333,1000105,3.2521
pointcloud,83333,1000105,3.4960
pointcloud,83333,1000105,4.7163
pointcloud,83333,1000105,3.8786
pointcloud,83333,1000105,4.4642
pointcloud,83333,1000105,3.2391
pointcloud,83333,1000105,3.2422
pointcloud,83333,1000105,3.2630
pointcloud,83333,1000105,3.4055
pointcloud,83333,1000105,8.6558
pointcloud,83333,1000105,4.6041
pointcloud,83333,1000105,3.9965
pointcloud,83333,1000105,4.6315
pointcloud,83333,1000105,102.8510
pointcloud,83333,1000105,2.9971
pointcloud,83333,1000105,3.1195
pointcloud,83333,1000105,4.4910
pointcloud,83333,1000105,3.3039
pointcloud,83333,1000105,3.0197
pointcloud,83333,1000105,3.4884
pointcloud,83333,1000105,4.5834
pointcloud,83333,1000105,3.7596
pointcloud,83333,1000105,4.7199
pointcloud,83333,1000105,3.2965
pointcloud,83333,1000105,3.3800
pointcloud,83333,1000105,3.1532
pointcloud,83333,1000105,3.4945
pointcloud,83333,1000105,3.0586
pointcloud,83333,1000105,3.2271
pointcloud,83333,1000105,4.8034
pointcloud,83333,1000105,3.8766
pointcloud,83333,1000105,4.8637
pointcloud,83333,1000105,3.2528
pointcloud,83333,1000105,3.2519
pointcloud,83333,1000105,3.4315
pointcloud,83333,1000105,3.1745
pointcloud,83333,1000105,3.1594
pointcloud,83333,1000105,3.1487
pointcloud,83333,1000105,3.2272
pointcloud,83333,1000105,4.7147
pointcloud,83333,1000105,4.1609
pointcloud,83333,1000105,5.2406
pointcloud,83333,1000105,3.2567
pointcloud,83333,1000105,3.3072
pointcloud,83333,1000105,3.1027
pointcloud,83333,1000105,3.3765
pointcloud,83333,1000105,3.4800
pointcloud,83333,1000105,3.2256
pointcloud,83333,1000105,4.7052
pointcloud,83333,1000105,3.9310
pointcloud,83333,1000105,4.5948
pointcloud,83333,1000105,102.7047
pointcloud,83333,1000105,2.9780
pointcloud,83333,1000105,2.9601
pointcloud,83333,1000105,4.2575
pointcloud,83333,1000105,3.2324
pointcloud,83333,1000105,2.9707
pointcloud,83333,1000105,3.0723
pointcloud,83333,1000105,4.6014
pointcloud,83333,1000105,4.3677
pointcloud,83333,1000105,4.6758
pointcloud,83333,1000105,3.8060
pointcloud,83333,1000105,3.1322
pointcloud,83333,1000105,3.2788
pointcloud,83333,1000105,2.9876
pointcloud,83333,1000105,3.0628
pointcloud,83333,1000105,3.1509
pointcloud,83333,1000105,3.1718
pointcloud,83333,1000105,4.7771
pointcloud,83333,1000105,3.7016
pointcloud,83333,1000105,4.7175
pointcloud,83333,1000105,3.2265
pointcloud,83333,1000105,3.1494
pointcloud,83333,1000105,3.1159
pointcloud,83333,1000105,3.0070
pointcloud,83333,1000105,3.1409
pointcloud,83333,1000105,3.2977
pointcloud,83333,1000105,4.7103
pointcloud,83333,1000105,3.9620
pointcloud,83333,1000105,4.5665
pointcloud,83333,1000105,3.2276
pointcloud,83333,1000105,3.2685
pointcloud,83333,1000105,3.3868
pointcloud,83333,1000105,3.4470
pointcloud,83333,1000105,3.1162
pointcloud,83333,1000105,2.8622
pointcloud,83333,1000105,3.1760
pointcloud,83333,1000105,4.7860
pointcloud,83333,1000105,3.6981
pointcloud,83333,1000105,4.6980
pointcloud,83333,1000105,3.7249
pointcloud,83333,1000105,3.2013
pointcloud,83333,1000105,3.1761
pointcloud,83333,1000105,3.2403
pointcloud,83333,1000105,3.2251
pointcloud,83333,1000105,3.4192
pointcloud,83333,1000105,4.3699
pointcloud,83333,1000105,3.8270
pointcloud,83333,1000105,4.7039
pointcloud,83333,1000105,3.8544
pointcloud,83333,1000105,3.3561
pointcloud,83333,1000105,3.7638
pointcloud,83333,1000105,3.3168
pointcloud,83333,1000105,3.1967
pointcloud,83333,1000105,3.0891
pointcloud,83333,1000105,3.1732
pointcloud,83333,1000105,4.5397
pointcloud,83333,1000105,3.7153
pointcloud,83333,1000105,4.7342
pointcloud,83333,1000105,3.5297
pointcloud,83333,1000105,3.1890
pointcloud,83333,1000105,3.1629
pointcloud,83333,1000105,3.3811
pointcloud,83333,1000105,3.2009
pointcloud,83333,1000105,3.4142
pointcloud,83333,1000105,4.7784
pointcloud,83333,1000105,4.1521
pointcloud,416666,5000101,14.1415
pointcloud,416666,5000101,14.1381
pointcloud,416666,5000101,14.2676
pointcloud,416666,5000101,14.6614
pointcloud,416666,5000101,14.2323
pointcloud,416666,5000101,15.3577
pointcloud,416666,5000101,14.1058
pointcloud,416666,5000101,15.5400
pointcloud,416666,5000101,14.8034
pointcloud,416666,5000101,14.2551
pointcloud,416666,5000101,14.2343
pointcloud,416666,5000101,14.2583
pointcloud,416666,5000101,14.6743
pointcloud,416666,5000101,14.3731
pointcloud,416666,5000101,13.9625
pointcloud,416666,5000101,15.2213
pointcloud,416666,5000101,15.3118
pointcloud,416666,5000101,14.4016
pointcloud,416666,5000101,15.6852
pointcloud,416666,5000101,15.6061
pointcloud,416666,5000101,14.0207
pointcloud,416666,5000101,14.8091
pointcloud,416666,5000101,15.0498
pointcloud,416666,5000101,14.1575
pointcloud,416666,5000101,14.0177
pointcloud,416666,5000101,13.7157
pointcloud,416666,5000101,14.0438
pointcloud,416666,5000101,13.9066
pointcloud,416666,5000101,13.9296
pointcloud,416666,5000101,13.9575
pointcloud,416666,5000101,14.0365
pointcloud,416666,5000101,13.8688
pointcloud,416666,5000101,13.8614
pointcloud,416666,5000101,14.0784
pointcloud,416666,5000101,15.2293
pointcloud,416666,5000101,15.0280
pointcloud,416666,5000101,13.5456
pointcloud,416666,5000101,13.3754
pointcloud,416666,5000101,14.7998
pointcloud,416666,5000101,13.3985
pointcloud,416666,5000101,13.8764
pointcloud,416666,5000101,14.0368
pointcloud,416666,5000101,14.9235
pointcloud,416666,5000101,14.0061
pointcloud,416666,5000101,13.8945
pointcloud,416666,5000101,13.9131
pointcloud,416666,5000101,13.9920
pointcloud,416666,5000101,13.4814
pointcloud,416666,5000101,14.1452
pointcloud,416666,5000101,13.2029
pointcloud,416666,5000101,13.8197
pointcloud,416666,5000101,14.0416
pointcloud,416666,5000101,15.3803
pointcloud,416666,5000101,15.5447
pointcloud,416666,5000101,13.9665
pointcloud,416666,5000101,14.2297
pointcloud,416666,5000101,14.1716
pointcloud,416666,5000101,14.0014
pointcloud,416666,5000101,14.1612
pointcloud,416666,5000101,14.1732
pointcloud,416666,5000101,13.9900
pointcloud,416666,5000101,15.1673
pointcloud,416666,5000101,14.3338
pointcloud,416666,5000101,14.5534
pointcloud,416666,5000101,15.6909
pointcloud,416666,5000101,14.1838
pointcloud,416666,5000101,13.7860
pointcloud,416666,5000101,12.7562
pointcloud,416666,5000101,10.6041
pointcloud,416666,5000101,525.2068
pointcloud,416666,5000101,434.6390
pointcloud,416666,5000101,342.1019
pointcloud,416666,5000101,255.8042
pointcloud,416666,5000101,170.0617
pointcloud,416666,5000101,94.0330
pointcloud,416666,5000101,14.3808
pointcloud,416666,5000101,10.7062
pointcloud,416666,5000101,10.4979
pointcloud,416666,5000101,10.4250
pointcloud,416666,5000101,11.0405
pointcloud,416666,5000101,11.0914
pointcloud,416666,5000101,10.5562
pointcloud,416666,5000101,10.7392
pointcloud,416666,5000101,11.1749
pointcloud,416666,5000101,11.0731
pointcloud,416666,5000101,10.9191
pointcloud,416666,5000101,10.5191
pointcloud,416666,5000101,11.1663
pointcloud,416666,5000101,10.6637
pointcloud,416666,5000101,12.1707
pointcloud,416666,5000101,13.3598
pointcloud,416666,5000101,11.1590
pointcloud,416666,5000101,10.6406
pointcloud,416666,5000101,10.3709
pointcloud,416666,5000101,10.9345
pointcloud,416666,5000101,12.2114
pointcloud,416666,5000101,12.1685
pointcloud,416666,5000101,12.3769
pointcloud,416666,5000101,11.8111
pointcloud,416666,5000101,11.0967
pointcloud,416666,5000101,11.5432
pointcloud,416666,5000101,11.3335
pointcloud,416666,5000101,11.3184
pointcloud,416666,5000101,10.2668
pointcloud,416666,5000101,10.8618
pointcloud,416666,5000101,9.6046
pointcloud,416666,5000101,10.9802
pointcloud,416666,5000101,11.2496
pointcloud,416666,5000101,11.3008
pointcloud,416666,5000101,10.7449
pointcloud,416666,5000101,11.6749
pointcloud,416666,5000101,10.9753
pointcloud,416666,5000101,14.7437
pointcloud,416666,5000101,11.0984
pointcloud,416666,5000101,6.4567
pointcloud,416666,5000101,11.6624
pointcloud,416666,5000101,10.2104
pointcloud,416666,5000101,10.7455
pointcloud,416666,5000101,10.8024
pointcloud,416666,5000101,11.2885
pointcloud,416666,5000101,12.3848
pointcloud,416666,5000101,10.7138
pointcloud,416666,5000101,11.7480
pointcloud,416666,5000101,9.5118
pointcloud,416666,5000101,10.5755
pointcloud,416666,5000101,10.7343
pointcloud,416666,5000101,10.1690
pointcloud,416666,5000101,12.2272
pointcloud,416666,5000101,11.6118
pointcloud,416666,5000101,10.9282
pointcloud,416666,5000101,10.6215
pointcloud,416666,5000101,9.8846
pointcloud,416666,5000101,11.1878
pointcloud,416666,5000101,10.1096
pointcloud,416666,5000101,11.9565
pointcloud,416666,5000101,8.9228
pointcloud,416666,5000101,118.6600
pointcloud,416666,5000101,114.5937
pointcloud,416666,5000101,21.9430
pointcloud,416666,5000101,8.4119
pointcloud,416666,5000101,10.2647
pointcloud,416666,5000101,11.8649
pointcloud,416666,5000101,11.2161
pointcloud,416666,5000101,11.6026
pointcloud,416666,5000101,14.6812
pointcloud,416666,5000101,11.6150
pointcloud,416666,5000101,11.3497
pointcloud,416666,5000101,9.8512
pointcloud,416666,5000101,11.0490
pointcloud,416666,5000101,12.1003
pointcloud,416666,5000101,13.3209
pointcloud,416666,5000101,11.7245
pointcloud,416666,5000101,11.2001
pointcloud,416666,5000101,10.7276
pointcloud,416666,5000101,11.8176
pointcloud,416666,5000101,12.7506
pointcloud,416666,5000101,11.0346
pointcloud,416666,5000101,10.0254
pointcloud,416666,5000101,10.1195
pointcloud,416666,5000101,10.8451
pointcloud,416666,5000101,12.7773
pointcloud,416666,5000101,10.7573
pointcloud,416666,5000101,10.9509
pointcloud,416666,5000101,9.6706
pointcloud,416666,5000101,10.7867
pointcloud,416666,5000101,10.2297
pointcloud,416666,5000101,12.3674
pointcloud,416666,5000101,11.7301
pointcloud,416666,5000101,8.8037
pointcloud,416666,5000101,10.5778
pointcloud,416666,5000101,10.7716
pointcloud,416666,5000101,13.6773
pointcloud,416666,5000101,12.1492
pointcloud,416666,5000101,14.2169
pointcloud,416666,5000101,11.6818
pointcloud,416666,5000101,10.9837
pointcloud,416666,5000101,11.3292
pointcloud,416666,5000101,11.3252
pointcloud,416666,5000101,13.9500
pointcloud,416666,5000101,14.0768
pointcloud,416666,5000101,14.1320
pointcloud,416666,5000101,15.7505
pointcloud,416666,5000101,14.1402
pointcloud,416666,5000101,14.1375
pointcloud,416666,5000101,14.2223
pointcloud,416666,5000101,18.3374
pointcloud,416666,5000101,15.2916
pointcloud,416666,5000101,17.7000
pointcloud,416666,5000101,16.2721
pointcloud,416666,5000101,13.8245
pointcloud,416666,5000101,13.4515
pointcloud,416666,5000101,14.4602
pointcloud,416666,5000101,13.9359
pointcloud,416666,5000101,15.0345
pointcloud,416666,5000101,14.0407
pointcloud,416666,5000101,14.2151
pointcloud,416666,5000101,13.7783
pointcloud,416666,5000101,15.3035
pointcloud,416666,5000101,14.2915
pointcloud,416666,5000101,14.2424
pointcloud,416666,5000101,20.5089
pointcloud,416666,5000101,14.3150
pointcloud,416666,5000101,14.4649
pointcloud,416666,5000101,13.2559
pointcloud,416666,5000101,13.3400
pointcloud,416666,5000101,15.2503
pointcloud,416666,5000101,14.1715
pointcloud,416666,5000101,14.3153
pointcloud,416666,5000101,14.2472
pointcloud,416666,5000101,14.9957
pointcloud,416666,5000101,13.5750
pointcloud,416666,5000101,14.5718
pointcloud,416666,5000101,16.5500
pointcloud,416666,5000101,14.1371
pointcloud,416666,5000101,14.1113
pointcloud,416666,5000101,13.9728
pointcloud,416666,5000101,13.5594
pointcloud,416666,5000101,13.8615
pointcloud,416666,5000101,11.7421
pointcloud,416666,5000101,11.0874
pointcloud,416666,5000101,13.9614
pointcloud,416666,5000101,14.1711
pointcloud,416666,5000101,13.9504
pointcloud,416666,5000101,13.6032
pointcloud,416666,5000101,14.0430
pointcloud,416666,5000101,13.9510
pointcloud,416666,5000101,11.7193
pointcloud,416666,5000101,10.6442
pointcloud,416666,5000101,13.8861
pointcloud,416666,5000101,13.6912
pointcloud,416666,5000101,13.8417
pointcloud,416666,5000101,14.2018
pointcloud,416666,5000101,14.6581
pointcloud,416666,5000101,13.5560
pointcloud,416666,5000101,12.0685
pointcloud,416666,5000101,13.5868
pointcloud,416666,5000101,14.2088
pointcloud,416666,5000101,14.2918
pointcloud,416666,5000101,15.1087
pointcloud,416666,5000101,13.5017
pointcloud,416666,5000101,13.4200
pointcloud,416666,5000101,9.5060
pointcloud,416666,5000101,12.1696
pointcloud,416666,5000101,14.1071
pointcloud,416666,5000101,14.1030
pointcloud,416666,5000101,15.3436
pointcloud,416666,5000101,12.1238
pointcloud,416666,5000101,11.6572
pointcloud,416666,5000101,11.7220
pointcloud,416666,5000101,14.6439
pointcloud,416666,5000101,14.2343
pointcloud,416666,5000101,14.0300
pointcloud,416666,5000101,14.5142
pointcloud,416666,5000101,13.9112
pointcloud,416666,5000101,11.2415
pointcloud,416666,5000101,11.4913
pointcloud,416666,5000101,12.4073
pointcloud,416666,5000101,13.9932
pointcloud,416666,5000101,14.1217
pointcloud,416666,5000101,14.5442
pointcloud,416666,5000101,11.1853
pointcloud,416666,5000101,9.0124
pointcloud,416666,5000101,12.0635
pointcloud,416666,5000101,14.0568
pointcloud,416666,5000101,13.9608
pointcloud,416666,5000101,12.3107
pointcloud,416666,5000101,12.1799
pointcloud,416666,5000101,11.2398
pointcloud,416666,5000101,11.0793
pointcloud,416666,5000101,13.1390
pointcloud,416666,5000101,11.7584
pointcloud,416666,5000101,7.4344
pointcloud,416666,5000101,10.5092
pointcloud,416666,5000101,11.5193
pointcloud,416666,5000101,12.1237
pointcloud,416666,5000101,14.6833
pointcloud,416666,5000101,12.0396
pointcloud,416666,5000101,10.6725
pointcloud,416666,5000101,9.8677
pointcloud,416666,5000101,11.8382
pointcloud,416666,5000101,11.8455
pointcloud,416666,5000101,14.0696
pointcloud,416666,5000101,10.7465
pointcloud,416666,5000101,12.2521
pointcloud,416666,5000101,7.4678
pointcloud,416666,5000101,13.8018
pointcloud,416666,5000101,11.1927
pointcloud,416666,5000101,14.6033
pointcloud,416666,5000101,10.4081
pointcloud,416666,5000101,10.5488
pointcloud,416666,5000101,9.8689
pointcloud,416666,5000101,10.8433
pointcloud,416666,5000101,10.7716
pointcloud,416666,5000101,7.8615
pointcloud,416666,5000101,8.9634
pointcloud,416666,5000101,12.2319
pointcloud,416666,5000101,10.1640
pointcloud,416666,5000101,11.4363
pointcloud,416666,5000101,10.9556
pointcloud,416666,5000101,11.9653
pointcloud,416666,5000101,11.5552
pointcloud,416666,5000101,10.1449
pointcloud,416666,5000101,10.5166
pointcloud,416666,5000101,10.1072
pointcloud,416666,5000101,10.2773
pointcloud,416666,5000101,11.2365
pointcloud,416666,5000101,11.5840
pointcloud,416666,5000101,11.3843
pointcloud,416666,5000101,11.4886
pointcloud,416666,5000101,11.6259
pointcloud,416666,5000101,10.8734
pointcloud,416666,5000101,11.3906
pointcloud,416666,5000101,10.9268
pointcloud,416666,5000101,12.2662
pointcloud,416666,5000101,11.0534
pointcloud,416666,5000101,10.3864
pointcloud,416666,5000101,12.3794
pointcloud,416666,5000101,9.9017
pointcloud,416666,5000101,10.6815
pointcloud,416666,5000101,10.8296
pointcloud,416666,5000101,11.3000
pointcloud,416666,5000101,11.5759
pointcloud,416666,5000101,10.6203
pointcloud,416666,5000101,10.8550
pointcloud,416666,5000101,11.1800
pointcloud,416666,5000101,10.7682
pointcloud,416666,5000101,12.0878
pointcloud,416666,5000101,11.0447
pointcloud,416666,5000101,11.5591
pointcloud,416666,5000101,11.9885
pointcloud,416666,5000101,10.7855
pointcloud,416666,5000101,8.1864
pointcloud,416666,5000101,107.0485
pointcloud,416666,5000101,17.2638
pointcloud,416666,5000101,12.0543
pointcloud,416666,5000101,11.5552
pointcloud,416666,5000101,11.2507
pointcloud,416666,5000101,14.0009
pointcloud,416666,5000101,11.1106
pointcloud,416666,5000101,10.6646
pointcloud,416666,5000101,10.8050
pointcloud,416666,5000101,11.3111
pointcloud,416666,5000101,10.3717
pointcloud,416666,5000101,11.4420
pointcloud,416666,5000101,10.9290
pointcloud,416666,5000101,11.5790
pointcloud,416666,5000101,11.0385
pointcloud,416666,5000101,15.0807
pointcloud,416666,5000101,12.0935
pointcloud,416666,5000101,10.7184
pointcloud,416666,5000101,10.9962
pointcloud,416666,5000101,11.2806
pointcloud,416666,5000101,12.1484
pointcloud,416666,5000101,11.7442
pointcloud,416666,5000101,10.7122
pointcloud,416666,5000101,13.0081
pointcloud,416666,5000101,11.9274
pointcloud,416666,5000101,10.6141
pointcloud,416666,5000101,11.6471
pointcloud,416666,5000101,11.2573
pointcloud,416666,5000101,10.8965
pointcloud,416666,5000101,10.8132
pointcloud,416666,5000101,9.8427
pointcloud,416666,5000101,11.0832
pointcloud,416666,5000101,10.7734
pointcloud,416666,5000101,11.5997
pointcloud,416666,5000101,11.8574
pointcloud,416666,5000101,14.6371
pointcloud,416666,5000101,10.3100
pointcloud,416666,5000101,10.6538
pointcloud,416666,5000101,10.5775
pointcloud,416666,5000101,11.1728
pointcloud,416666,5000101,11.2407
pointcloud,416666,5000101,8.7468
pointcloud,416666,5000101,11.8331
pointcloud,416666,5000101,10.8891
pointcloud,416666,5000101,10.8185
pointcloud,416666,5000101,107.1756
pointcloud,416666,5000101,25.5570
pointcloud,416666,5000101,220.0420
pointcloud,416666,5000101,128.6632
pointcloud,416666,5000101,28.1990
pointcloud,416666,5000101,14.5121
pointcloud,416666,5000101,10.0445
pointcloud,416666,5000101,9.8088
pointcloud,416666,5000101,7.6256
pointcloud,416666,5000101,8.3526
pointcloud,416666,5000101,10.7261
pointcloud,416666,5000101,10.6792
pointcloud,416666,5000101,10.9851
pointcloud,416666,5000101,13.4450
pointcloud,416666,5000101,10.9506
pointcloud,416666,5000101,12.0514
pointcloud,416666,5000101,12.4710
pointcloud,416666,5000101,11.2623
pointcloud,416666,5000101,10.8005
pointcloud,416666,5000101,10.5760
pointcloud,416666,5000101,10.8585
pointcloud,416666,5000101,11.6183
pointcloud,416666,5000101,14.0191
pointcloud,416666,5000101,14.3274
pointcloud,416666,5000101,16.3373
pointcloud,416666,5000101,14.1994
pointcloud,416666,5000101,15.1195
pointcloud,416666,5000101,7.3094
pointcloud,416666,5000101,12.4663
pointcloud,416666,5000101,10.4892
pointcloud,416666,5000101,10.6504
pointcloud,416666,5000101,11.6251
pointcloud,416666,5000101,14.0847
pointcloud,416666,5000101,11.4132
pointcloud,416666,5000101,9.7775
pointcloud,416666,5000101,9.6524
pointcloud,416666,5000101,8.9688
pointcloud,416666,5000101,10.9401
pointcloud,416666,5000101,10.9643
pointcloud,416666,5000101,11.3350
pointcloud,416666,5000101,13.5945
pointcloud,416666,5000101,11.0039
pointcloud,416666,5000101,11.0914
pointcloud,416666,5000101,10.9513
pointcloud,416666,5000101,8.5577
pointcloud,416666,5000101,11.7864
pointcloud,416666,5000101,9.8665
pointcloud,416666,5000101,11.0064
pointcloud,416666,5000101,13.0142
pointcloud,416666,5000101,14.0299
pointcloud,416666,5000101,14.0341
pointcloud,416666,5000101,15.2862
pointcloud,416666,5000101,14.1372
pointcloud,416666,5000101,13.7723
pointcloud,416666,5000101,12.8847
pointcloud,416666,5000101,14.4455
pointcloud,416666,5000101,16.1865
pointcloud,416666,5000101,13.4428
pointcloud,416666,5000101,15.5823
pointcloud,416666,5000101,14.5729
pointcloud,416666,5000101,14.4319
pointcloud,416666,5000101,14.9432
pointcloud,416666,5000101,14.1367
pointcloud,416666,5000101,15.1530
pointcloud,416666,5000101,15.1939
pointcloud,416666,5000101,13.6692
pointcloud,416666,5000101,14.6620
pointcloud,416666,5000101,13.6268
pointcloud,416666,5000101,13.8174
pointcloud,416666,5000101,14.8815
pointcloud,416666,5000101,13.9890
pointcloud,416666,5000101,14.0522
pointcloud,416666,5000101,13.7608
pointcloud,416666,5000101,14.7919
pointcloud,416666,5000101,13.5906
pointcloud,416666,5000101,13.9552
pointcloud,416666,5000101,14.9879
pointcloud,416666,5000101,14.7698
pointcloud,416666,5000101,15.3917
pointcloud,416666,5000101,15.0231
pointcloud,416666,5000101,14.0508
pointcloud,416666,5000101,15.2174
pointcloud,416666,5000101,13.9224
pointcloud,416666,5000101,15.2353
pointcloud,416666,5000101,14.4896
pointcloud,416666,5000101,14.2591
pointcloud,416666,5000101,14.3304
pointcloud,416666,5000101,13.9457
pointcloud,416666,5000101,14.2809
pointcloud,416666,5000101,15.0911
pointcloud,416666,5000101,14.1430
pointcloud,416666,5000101,14.2128
pointcloud,416666,5000101,14.1279
pointcloud,416666,5000101,15.3732
pointcloud,416666,5000101,14.1447
pointcloud,416666,5000101,15.2815
pointcloud,416666,5000101,13.8386
pointcloud,416666,5000101,15.1502
pointcloud,416666,5000101,14.0828
pointcloud,416666,5000101,14.0117
pointcloud,416666,5000101,13.7252
pointcloud,416666,5000101,13.8818
pointcloud,416666,5000101,14.0330
pointcloud,416666,5000101,14.2381
pointcloud,416666,5000101,13.9535
pointcloud,416666,5000101,11.7192
pointcloud,416666,5000101,10.7530
pointcloud,416666,5000101,12.0855
pointcloud,416666,5000101,13.8377
pointcloud,416666,5000101,14.1343
pointcloud,416666,5000101,15.5851
pointcloud,416666,5000101,227.3414
pointcloud,416666,5000101,134.8714
pointcloud,416666,5000101,57.4171
pointcloud,416666,5000101,27.0786
pointcloud,416666,5000101,17.0141
pointcloud,416666,5000101,14.3814
pointcloud,416666,5000101,12.1207
pointcloud,416666,5000101,12.3317
pointcloud,416666,5000101,10.0519
pointcloud,416666,5000101,11.4067
pointcloud,416666,5000101,14.2193
pointcloud,416666,5000101,13.9199
pointcloud,416666,5000101,14.3347
pointcloud,416666,5000101,12.7246
pointcloud,416666,5000101,15.2376
pointcloud,416666,5000101,15.5495
pointcloud,416666,5000101,15.0844
pointcloud,416666,5000101,16.0888
pointcloud,416666,5000101,15.4013
pointcloud,416666,5000101,14.3852
pointcloud,416666,5000101,13.4212
pointcloud,416666,5000101,11.2213
pointcloud,416666,5000101,12.8326
pointcloud,416666,5000101,13.9900
pointcloud,416666,5000101,11.0890
pointcloud,416666,5000101,11.2092
pointcloud,416666,5000101,11.5080
pointcloud,416666,5000101,13.8668
pointcloud,416666,5000101,11.8053
pointcloud,416666,5000101,14.1468
pointcloud,416666,5000101,12.3388
pointcloud,416666,5000101,14.1855
pointcloud,416666,5000101,10.9093
pointcloud,416666,5000101,11.2542
pointcloud,416666,5000101,11.0808
pointcloud,416666,5000101,15.4318
pointcloud,416666,5000101,11.4957
pointcloud,416666,5000101,11.3415
pointcloud,416666,5000101,11.7169
pointcloud,416666,5000101,11.3135
pointcloud,416666,5000101,14.1275
pointcloud,416666,5000101,15.2331
pointcloud,416666,5000101,14.1218
pointcloud,416666,5000101,14.3341
pointcloud,416666,5000101,15.3757
pointcloud,416666,5000101,14.2392
pointcloud,416666,5000101,15.4056
pointcloud,416666,5000101,13.9953
pointcloud,416666,5000101,14.7835
pointcloud,416666,5000101,14.3466
pointcloud,416666,5000101,13.8232
pointcloud,833333,10000105,26.0545
pointcloud,833333,10000105,19.9020
pointcloud,833333,10000105,23.4404
pointcloud,833333,10000105,27.3890
pointcloud,833333,10000105,26.8067
pointcloud,833333,10000105,25.7414
pointcloud,833333,10000105,22.2404
pointcloud,833333,10000105,20.5488
pointcloud,833333,10000105,23.8065
pointcloud,833333,10000105,20.5498
pointcloud,833333,10000105,24.2051
pointcloud,833333,10000105,21.7831
pointcloud,833333,10000105,25.3182
pointcloud,833333,10000105,26.7219
pointcloud,833333,10000105,26.8091
pointcloud,833333,10000105,27.6901
pointcloud,833333,10000105,26.3481
pointcloud,833333,10000105,26.1751
pointcloud,833333,10000105,25.4906
pointcloud,833333,10000105,26.3989
pointcloud,833333,10000105,27.7389
pointcloud,833333,10000105,27.1343
pointcloud,833333,10000105,27.0571
pointcloud,833333,10000105,25.3567
pointcloud,833333,10000105,25.5210
pointcloud,833333,10000105,29.6195
pointcloud,833333,10000105,26.9022
pointcloud,833333,10000105,29.1833
pointcloud,833333,10000105,27.5720
pointcloud,833333,10000105,28.3225
pointcloud,833333,10000105,25.5286
pointcloud,833333,10000105,28.2259
pointcloud,833333,10000105,25.3832
pointcloud,833333,10000105,27.1393
pointcloud,833333,10000105,28.1038
pointcloud,833333,10000105,26.9405
pointcloud,833333,10000105,24.4839
pointcloud,833333,10000105,25.1723
pointcloud,833333,10000105,25.9930
pointcloud,833333,10000105,26.4043
pointcloud,833333,10000105,26.7131
pointcloud,833333,10000105,26.3831
pointcloud,833333,10000105,24.3254
pointcloud,833333,10000105,25.1015
pointcloud,833333,10000105,25.8002
pointcloud,833333,10000105,26.2968
pointcloud,833333,10000105,26.8296
pointcloud,833333,10000105,27.4171
pointcloud,833333,10000105,25.7613
pointcloud,833333,10000105,24.8191
pointcloud,833333,10000105,25.2982
pointcloud,833333,10000105,27.7804
pointcloud,833333,10000105,28.3130
pointcloud,833333,10000105,26.3370
pointcloud,833333,10000105,26.0647
pointcloud,833333,10000105,25.2182
pointcloud,833333,10000105,25.1577
pointcloud,833333,10000105,26.2853
pointcloud,833333,10000105,25.4406
pointcloud,833333,10000105,27.1768
pointcloud,833333,10000105,27.0649
pointcloud,833333,10000105,25.4502
pointcloud,833333,10000105,25.3988
pointcloud,833333,10000105,27.7809
pointcloud,833333,10000105,25.3172
pointcloud,833333,10000105,25.3494
pointcloud,833333,10000105,26.4685
pointcloud,833333,10000105,28.8131
pointcloud,833333,10000105,25.0153
pointcloud,833333,10000105,24.6129
pointcloud,833333,10000105,24.0580
pointcloud,833333,10000105,24.9749
pointcloud,833333,10000105,25.5093
pointcloud,833333,10000105,23.8177
pointcloud,833333,10000105,26.1801
pointcloud,833333,10000105,26.6624
pointcloud,833333,10000105,24.1305
pointcloud,833333,10000105,24.8690
pointcloud,833333,10000105,21.5025
pointcloud,833333,10000105,23.6380
pointcloud,833333,10000105,25.1901
pointcloud,833333,10000105,25.7316
pointcloud,833333,10000105,26.5379
pointcloud,833333,10000105,26.8238
pointcloud,833333,10000105,26.2043
pointcloud,833333,10000105,24.6284
pointcloud,833333,10000105,25.2668
pointcloud,833333,10000105,25.9104
pointcloud,833333,10000105,22.9639
pointcloud,833333,10000105,26.3209
pointcloud,833333,10000105,28.6415
pointcloud,833333,10000105,26.3110
pointcloud,833333,10000105,25.7808
pointcloud,833333,10000105,25.0436
pointcloud,833333,10000105,25.5985
pointcloud,833333,10000105,25.6432
pointcloud,833333,10000105,27.1139
pointcloud,833333,10000105,29.2023
pointcloud,833333,10000105,24.4647
pointcloud,833333,10000105,25.9412
pointcloud,833333,10000105,25.9149
pointcloud,833333,10000105,26.2323
pointcloud,833333,10000105,26.7759
pointcloud,833333,10000105,29.4188
pointcloud,833333,10000105,29.5788
pointcloud,833333,10000105,28.5542
pointcloud,833333,10000105,27.0127
pointcloud,833333,10000105,24.8123
pointcloud,833333,10000105,26.4034
pointcloud,833333,10000105,26.6434
pointcloud,833333,10000105,26.8455
pointcloud,833333,10000105,28.0057
pointcloud,833333,10000105,28.9089
pointcloud,833333,10000105,26.8143
pointcloud,833333,10000105,27.5328
pointcloud,833333,10000105,27.8906
pointcloud,833333,10000105,27.6445
pointcloud,833333,10000105,27.6154
pointcloud,833333,10000105,27.0285
pointcloud,833333,10000105,27.4194
pointcloud,833333,10000105,22.6365
pointcloud,833333,10000105,22.1099
pointcloud,833333,10000105,22.8519
pointcloud,833333,10000105,26.2857
pointcloud,833333,10000105,31.8845
pointcloud,833333,10000105,34.5432
pointcloud,833333,10000105,34.1921
pointcloud,833333,10000105,21.6882
pointcloud,833333,10000105,23.6537
pointcloud,833333,10000105,25.5887
pointcloud,833333,10000105,27.4369
pointcloud,833333,10000105,36.4413
pointcloud,833333,10000105,21.3591
pointcloud,833333,10000105,21.5666
pointcloud,833333,10000105,24.8082
pointcloud,833333,10000105,21.4194
pointcloud,833333,10000105,29.4584
pointcloud,833333,10000105,21.4682
pointcloud,833333,10000105,21.2690
pointcloud,833333,10000105,24.7319
pointcloud,833333,10000105,25.0671
pointcloud,833333,10000105,20.1695
pointcloud,833333,10000105,21.2931
pointcloud,833333,10000105,21.6096
pointcloud,833333,10000105,23.6308
pointcloud,833333,10000105,27.0958
pointcloud,833333,10000105,20.9840
pointcloud,833333,10000105,24.2512
pointcloud,833333,10000105,25.6076
pointcloud,833333,10000105,28.0317
pointcloud,833333,10000105,25.8510
pointcloud,833333,10000105,26.3186
pointcloud,833333,10000105,24.0994
pointcloud,833333,10000105,21.2803
pointcloud,833333,10000105,21.5760
pointcloud,833333,10000105,26.5698
pointcloud,833333,10000105,26.1002
pointcloud,833333,10000105,26.3951
pointcloud,833333,10000105,27.1106
pointcloud,833333,10000105,25.1389
pointcloud,833333,10000105,27.1425
pointcloud,833333,10000105,28.0481
pointcloud,833333,10000105,25.6079
pointcloud,833333,10000105,25.8649
pointcloud,833333,10000105,22.9524
pointcloud,833333,10000105,19.9737
pointcloud,833333,10000105,24.6319
pointcloud,833333,10000105,30.0401
pointcloud,833333,10000105,31.8180
pointcloud,833333,10000105,28.7208
pointcloud,833333,10000105,28.2238
pointcloud,833333,10000105,24.5585
pointcloud,833333,10000105,25.0576
pointcloud,833333,10000105,24.7801
pointcloud,833333,10000105,27.1877
pointcloud,833333,10000105,27.3356
pointcloud,833333,10000105,27.2943
pointcloud,833333,10000105,26.3348
pointcloud,833333,10000105,23.6299
pointcloud,833333,10000105,24.0908
pointcloud,833333,10000105,25.3032
pointcloud,833333,10000105,25.9356
pointcloud,833333,10000105,26.3893
pointcloud,833333,10000105,25.4813
pointcloud,833333,10000105,24.8333
pointcloud,833333,10000105,24.5805
pointcloud,833333,10000105,24.9598
pointcloud,833333,10000105,27.3108
pointcloud,833333,10000105,19.9415
pointcloud,833333,10000105,22.7517
pointcloud,833333,10000105,27.1619
pointcloud,833333,10000105,26.9881
pointcloud,833333,10000105,25.5610
pointcloud,833333,10000105,30.1413
pointcloud,833333,10000105,24.3550
pointcloud,833333,10000105,26.6586
pointcloud,833333,10000105,27.0665
pointcloud,833333,10000105,22.4576
pointcloud,833333,10000105,27.0748
pointcloud,833333,10000105,25.0262
pointcloud,833333,10000105,25.3924
pointcloud,833333,10000105,26.3554
pointcloud,833333,10000105,26.5586
pointcloud,833333,10000105,27.1364
pointcloud,833333,10000105,19.3323
pointcloud,833333,10000105,25.9052
pointcloud,833333,10000105,28.5851
pointcloud,833333,10000105,26.0468
pointcloud,833333,10000105,28.8493
pointcloud,833333,10000105,25.0970
pointcloud,833333,10000105,26.0964
pointcloud,833333,10000105,26.8338
pointcloud,833333,10000105,26.8656
pointcloud,833333,10000105,26.8160
pointcloud,833333,10000105,25.6216
pointcloud,833333,10000105,28.3500
pointcloud,833333,10000105,28.7342
pointcloud,833333,10000105,20.7636
pointcloud,833333,10000105,18.7822
pointcloud,833333,10000105,21.4699
pointcloud,833333,10000105,19.1750
pointcloud,833333,10000105,19.7005
pointcloud,833333,10000105,19.6177
pointcloud,833333,10000105,13.9613
pointcloud,833333,10000105,19.6885
pointcloud,833333,10000105,12.9849
pointcloud,833333,10000105,18.5628
pointcloud,833333,10000105,20.2361
pointcloud,833333,10000105,20.8092
pointcloud,833333,10000105,23.0176
pointcloud,833333,10000105,22.6471
pointcloud,833333,10000105,22.5567
pointcloud,833333,10000105,21.9919
pointcloud,833333,10000105,17.1575
pointcloud,833333,10000105,21.7750
pointcloud,833333,10000105,18.7721
pointcloud,833333,10000105,20.8668
pointcloud,833333,10000105,245.3028
pointcloud,833333,10000105,138.9082
pointcloud,833333,10000105,44.4406
pointcloud,833333,10000105,21.7434
pointcloud,833333,10000105,21.1522
pointcloud,833333,10000105,21.7478
pointcloud,833333,10000105,21.4431
pointcloud,833333,10000105,21.6855
pointcloud,833333,10000105,21.3777
pointcloud,833333,10000105,24.4690
pointcloud,833333,10000105,20.8843
pointcloud,833333,10000105,20.2464
pointcloud,833333,10000105,20.1536
pointcloud,833333,10000105,20.8792
pointcloud,833333,10000105,26.7087
pointcloud,833333,10000105,20.5706
pointcloud,833333,10000105,20.7515
pointcloud,833333,10000105,20.6857
pointcloud,833333,10000105,19.3437
pointcloud,833333,10000105,20.5387
pointcloud,833333,10000105,25.0877
pointcloud,833333,10000105,20.6999
pointcloud,833333,10000105,25.9887
pointcloud,833333,10000105,20.3284
pointcloud,833333,10000105,25.9986
pointcloud,833333,10000105,21.3864
pointcloud,833333,10000105,27.7056
pointcloud,833333,10000105,21.8437
pointcloud,833333,10000105,24.6887
pointcloud,833333,10000105,25.7487
pointcloud,833333,10000105,17.8227
pointcloud,833333,10000105,22.7628
pointcloud,833333,10000105,26.8363
pointcloud,833333,10000105,20.2296
pointcloud,833333,10000105,26.8219
pointcloud,833333,10000105,22.8917
pointcloud,833333,10000105,25.3115
pointcloud,833333,10000105,25.4335
pointcloud,833333,10000105,26.2651
pointcloud,833333,10000105,25.8375
pointcloud,833333,10000105,24.6725
pointcloud,833333,10000105,28.6080
pointcloud,833333,10000105,25.9260
pointcloud,833333,10000105,25.5306
pointcloud,833333,10000105,22.8081
pointcloud,833333,10000105,23.1358
pointcloud,833333,10000105,23.3230
pointcloud,833333,10000105,25.7253
pointcloud,833333,10000105,29.2101
pointcloud,833333,10000105,24.7574
pointcloud,833333,10000105,24.9504
pointcloud,833333,10000105,23.1916
pointcloud,833333,10000105,25.2773
pointcloud,833333,10000105,24.1387
pointcloud,833333,10000105,25.8335
pointcloud,833333,10000105,28.4406
pointcloud,833333,10000105,140.2592
pointcloud,833333,10000105,38.7721
pointcloud,833333,10000105,26.1229
pointcloud,833333,10000105,26.3285
pointcloud,833333,10000105,23.2958
pointcloud,833333,10000105,27.2342
pointcloud,833333,10000105,26.5653
pointcloud,833333,10000105,27.7074
pointcloud,833333,10000105,25.7767
pointcloud,833333,10000105,26.3265
pointcloud,833333,10000105,27.1647
pointcloud,833333,10000105,27.4561
pointcloud,833333,10000105,26.2715
pointcloud,833333,10000105,25.7520
pointcloud,833333,10000105,18.5749
pointcloud,833333,10000105,25.2788
pointcloud,833333,10000105,28.3519
pointcloud,833333,10000105,253.6568
pointcloud,833333,10000105,160.5076
pointcloud,833333,10000105,51.7427
pointcloud,833333,10000105,19.8942
pointcloud,833333,10000105,25.7688
pointcloud,833333,10000105,26.4328
pointcloud,833333,10000105,29.2168
pointcloud,833333,10000105,27.5311
pointcloud,833333,10000105,134.3478
pointcloud,833333,10000105,42.3836
pointcloud,833333,10000105,23.0423
pointcloud,833333,10000105,25.8808
pointcloud,833333,10000105,26.2711
pointcloud,833333,10000105,25.5542
pointcloud,833333,10000105,26.1272
pointcloud,833333,10000105,25.3596
pointcloud,833333,10000105,25.8717
pointcloud,833333,10000105,29.1528
pointcloud,833333,10000105,27.5896
pointcloud,833333,10000105,26.8128
pointcloud,833333,10000105,25.2948
pointcloud,833333,10000105,23.0087
pointcloud,833333,10000105,16.1008
pointcloud,833333,10000105,24.5930
pointcloud,833333,10000105,26.8042
pointcloud,833333,10000105,26.8868
pointcloud,833333,10000105,27.2271
pointcloud,833333,10000105,25.6802
pointcloud,833333,10000105,26.5018
pointcloud,833333,10000105,31.6994
pointcloud,833333,10000105,29.3727
pointcloud,833333,10000105,29.2624
pointcloud,833333,10000105,25.6510
pointcloud,833333,10000105,27.6915
pointcloud,833333,10000105,26.5763
pointcloud,833333,10000105,26.3490
pointcloud,833333,10000105,27.6786
pointcloud,833333,10000105,27.3087
pointcloud,833333,10000105,24.7492
pointcloud,833333,10000105,24.2527
pointcloud,833333,10000105,28.0718
pointcloud,833333,10000105,22.4748
pointcloud,833333,10000105,22.9620
pointcloud,833333,10000105,23.8963
pointcloud,833333,10000105,21.2729
pointcloud,833333,10000105,24.1326
pointcloud,833333,10000105,24.8608
pointcloud,833333,10000105,23.5884
pointcloud,833333,10000105,26.9740
pointcloud,833333,10000105,28.7037
pointcloud,833333,10000105,27.1048
pointcloud,833333,10000105,25.7667
pointcloud,833333,10000105,28.8784
pointcloud,833333,10000105,28.9273
pointcloud,833333,10000105,26.2660
pointcloud,833333,10000105,31.6575
pointcloud,833333,10000105,27.8073
pointcloud,833333,10000105,25.2300
pointcloud,833333,10000105,26.4121
pointcloud,833333,10000105,27.6611
pointcloud,833333,10000105,17.5837
pointcloud,833333,10000105,26.9399
pointcloud,833333,10000105,28.4884
pointcloud,833333,10000105,27.2329
pointcloud,833333,10000105,26.1422
pointcloud,833333,10000105,27.9049
pointcloud,833333,10000105,25.6249
pointcloud,833333,10000105,26.1994
pointcloud,833333,10000105,26.2242
pointcloud,833333,10000105,26.4994
pointcloud,833333,10000105,27.4689
pointcloud,833333,10000105,23.9659
pointcloud,833333,10000105,22.4135
pointcloud,833333,10000105,25.1973
pointcloud,833333,10000105,23.7990
pointcloud,833333,10000105,25.1608
pointcloud,833333,10000105,29.0277
pointcloud,833333,10000105,27.2713
pointcloud,833333,10000105,26.2207
pointcloud,833333,10000105,25.5732
pointcloud,833333,10000105,26.5132
pointcloud,833333,10000105,25.5086
pointcloud,833333,10000105,22.3058
pointcloud,833333,10000105,27.0767
pointcloud,833333,10000105,27.4464
pointcloud,833333,10000105,25.5891
pointcloud,833333,10000105,24.5928
pointcloud,833333,10000105,32.5812
pointcloud,833333,10000105,27.2976
pointcloud,833333,10000105,25.7100
pointcloud,833333,10000105,26.1180
pointcloud,833333,10000105,27.7194
pointcloud,833333,10000105,27.4379
pointcloud,833333,10000105,21.0542
pointcloud,833333,10000105,21.4214
pointcloud,833333,10000105,23.1929
pointcloud,833333,10000105,23.8445
pointcloud,833333,10000105,25.2560
pointcloud,833333,10000105,25.1995
pointcloud,833333,10000105,25.9008
pointcloud,833333,10000105,22.2819
pointcloud,833333,10000105,25.7738
pointcloud,833333,10000105,26.7831
pointcloud,833333,10000105,26.8721
pointcloud,833333,10000105,26.4128
pointcloud,833333,10000105,22.4953
pointcloud,833333,10000105,23.6150
pointcloud,833333,10000105,25.7059
pointcloud,833333,10000105,20.8926
pointcloud,833333,10000105,23.9027
pointcloud,833333,10000105,27.0733
pointcloud,833333,10000105,27.7082
pointcloud,833333,10000105,26.2720
pointcloud,833333,10000105,25.8321
pointcloud,833333,10000105,26.3236
pointcloud,833333,10000105,24.2010
pointcloud,833333,10000105,26.4051
pointcloud,833333,10000105,24.5205
pointcloud,833333,10000105,26.6097
pointcloud,833333,10000105,21.6604
pointcloud,833333,10000105,21.1321
pointcloud,833333,10000105,22.7074
pointcloud,833333,10000105,25.8010
pointcloud,833333,10000105,29.9459
pointcloud,833333,10000105,26.4103
pointcloud,833333,10000105,24.8758
pointcloud,833333,10000105,23.2755
pointcloud,833333,10000105,26.1787
pointcloud,833333,10000105,24.3029
pointcloud,833333,10000105,24.9523
pointcloud,833333,10000105,22.2075
pointcloud,833333,10000105,20.7228
pointcloud,833333,10000105,22.2856
pointcloud,833333,10000105,21.5849
pointcloud,833333,10000105,23.1695
pointcloud,833333,10000105,26.0556
pointcloud,833333,10000105,20.3602
pointcloud,833333,10000105,20.4069
pointcloud,833333,10000105,21.6213
pointcloud,833333,10000105,26.5344
pointcloud,833333,10000105,23.6581
pointcloud,833333,10000105,27.3700
pointcloud,833333,10000105,23.3232
pointcloud,833333,10000105,20.1831
pointcloud,833333,10000105,19.7747
pointcloud,833333,10000105,22.4543
pointcloud,833333,10000105,23.8581
pointcloud,833333,10000105,25.7098
pointcloud,833333,10000105,25.0859
pointcloud,833333,10000105,25.3649
pointcloud,833333,10000105,28.5854
pointcloud,833333,10000105,27.1693
pointcloud,833333,10000105,27.9726
pointcloud,833333,10000105,23.0434
pointcloud,833333,10000105,27.3035
pointcloud,833333,10000105,28.6173
pointcloud,833333,10000105,26.8410
pointcloud,833333,10000105,28.3709
pointcloud,833333,10000105,24.9129
pointcloud,833333,10000105,25.0036
pointcloud,833333,10000105,27.7277
pointcloud,833333,10000105,27.3646
pointcloud,833333,10000105,28.9397
pointcloud,833333,10000105,26.9419
pointcloud,833333,10000105,26.7860
pointcloud,833333,10000105,27.9607
pointcloud,833333,10000105,25.9687
pointcloud,833333,10000105,27.6153
pointcloud,833333,10000105,25.3705
pointcloud,833333,10000105,25.5872
pointcloud,833333,10000105,27.0569
pointcloud,833333,10000105,28.5904
pointcloud,833333,10000105,26.4095
pointcloud,833333,10000105,24.2329
pointcloud,833333,10000105,21.0737
pointcloud,833333,10000105,18.8913
pointcloud,833333,10000105,19.8075
pointcloud,833333,10000105,23.9635
pointcloud,833333,10000105,26.7970
pointcloud,833333,10000105,22.0705
pointcloud,833333,10000105,21.3403
pointcloud,833333,10000105,24.9128
pointcloud,833333,10000105,23.6137
pointcloud,833333,10000105,20.4842
pointcloud,833333,10000105,25.5803
pointcloud,833333,10000105,22.2239
pointcloud,833333,10000105,25.0877
pointcloud,833333,10000105,21.3162
pointcloud,833333,10000105,22.5624
pointcloud,833333,10000105,24.1470
pointcloud,833333,10000105,24.0419
pointcloud,833333,10000105,25.8143
pointcloud,833333,10000105,25.3193
pointcloud,833333,10000105,19.9667
pointcloud,833333,10000105,24.9799
pointcloud,833333,10000105,20.3132
pointcloud,833333,10000105,25.3870
pointcloud,833333,10000105,20.9214
pointcloud,833333,10000105,25.6019
pointcloud,833333,10000105,25.0672
pointcloud,833333,10000105,28.1247
pointcloud,833333,10000105,24.4174
pointcloud,833333,10000105,21.0661
pointcloud,833333,10000105,20.9568
pointcloud,833333,10000105,20.9844
pointcloud,833333,10000105,19.3550
pointcloud,833333,10000105,19.1206
pointcloud,833333,10000105,19.9014
pointcloud,833333,10000105,22.3806
pointcloud,833333,10000105,22.3352
pointcloud,833333,10000105,21.3053
pointcloud,833333,10000105,23.5917
pointcloud,833333,10000105,23.1943
pointcloud,833333,10000105,26.0415
pointcloud,833333,10000105,22.4531
pointcloud,833333,10000105,20.7593
pointcloud,833333,10000105,22.0743
pointcloud,833333,10000105,26.0385
pointcloud,833333,10000105,20.3878
pointcloud,833333,10000105,25.1657
pointcloud,833333,10000105,25.7766
pointcloud,833333,10000105,27.8022
pointcloud,833333,10000105,27.9207
pointcloud,833333,10000105,28.4327
pointcloud,833333,10000105,25.4932
pointcloud,833333,10000105,26.9236
pointcloud,833333,10000105,25.1960
pointcloud,833333,10000105,25.8064
pointcloud,833333,10000105,26.3398
pointcloud,833333,10000105,26.7855
pointcloud,2500000,30000109,332.5609
pointcloud,2500000,30000109,241.7789
pointcloud,2500000,30000109,149.3904
pointcloud,2500000,30000109,1047.9319
pointcloud,2500000,30000109,975.0420
pointcloud,2500000,30000109,885.4841
pointcloud,2500000,30000109,812.2289
pointcloud,2500000,30000109,720.8937
pointcloud,2500000,30000109,945.1928
pointcloud,2500000,30000109,956.8892
pointcloud,2500000,30000109,870.1761
pointcloud,2500000,30000109,779.1282
pointcloud,2500000,30000109,804.8918
pointcloud,2500000,30000109,965.9878
pointcloud,2500000,30000109,883.7964
pointcloud,2500000,30000109,848.5775
pointcloud,2500000,30000109,757.1825
pointcloud,2500000,30000109,664.2043
pointcloud,2500000,30000109,574.7150
pointcloud,2500000,30000109,492.0893
pointcloud,2500000,30000109,425.3263
pointcloud,2500000,30000109,338.7688
pointcloud,2500000,30000109,265.4094
pointcloud,2500000,30000109,181.8331
pointcloud,2500000,30000109,145.7014
pointcloud,2500000,30000109,83.6082
pointcloud,2500000,30000109,44.8863
pointcloud,2500000,30000109,55.6823
pointcloud,2500000,30000109,44.3938
pointcloud,2500000,30000109,44.7974
pointcloud,2500000,30000109,46.6530
pointcloud,2500000,30000109,51.4409
pointcloud,2500000,30000109,55.1901
pointcloud,2500000,30000109,59.4506
pointcloud,2500000,30000109,48.2197
pointcloud,2500000,30000109,45.1794
pointcloud,2500000,30000109,45.5401
pointcloud,2500000,30000109,45.9962
pointcloud,2500000,30000109,51.2246
pointcloud,2500000,30000109,51.5324
pointcloud,2500000,30000109,49.3313
pointcloud,2500000,30000109,47.0627
pointcloud,2500000,30000109,48.8815
pointcloud,2500000,30000109,48.2722
pointcloud,2500000,30000109,44.7828
pointcloud,2500000,30000109,46.2258
pointcloud,2500000,30000109,65.2184
pointcloud,2500000,30000109,59.7421
pointcloud,2500000,30000109,50.4530
pointcloud,2500000,30000109,49.9669
pointcloud,2500000,30000109,266.9131
pointcloud,2500000,30000109,173.0654
pointcloud,2500000,30000109,84.8993
pointcloud,2500000,30000109,88.8766
pointcloud,2500000,30000109,59.4523
pointcloud,2500000,30000109,41.9077
pointcloud,2500000,30000109,354.2550
pointcloud,2500000,30000109,264.1221
pointcloud,2500000,30000109,187.3979
pointcloud,2500000,30000109,136.6947
pointcloud,2500000,30000109,89.9605
pointcloud,2500000,30000109,31.4422
pointcloud,2500000,30000109,45.1614
pointcloud,2500000,30000109,46.4590
pointcloud,2500000,30000109,46.8407
pointcloud,2500000,30000109,40.2862
pointcloud,2500000,30000109,45.4831
pointcloud,2500000,30000109,48.3147
pointcloud,2500000,30000109,48.9364
pointcloud,2500000,30000109,46.1224
pointcloud,2500000,30000109,46.8455
pointcloud,2500000,30000109,46.7073
pointcloud,2500000,30000109,61.0249
pointcloud,2500000,30000109,50.0859
pointcloud,2500000,30000109,50.2964
pointcloud,2500000,30000109,62.0165
pointcloud,2500000,30000109,45.6092
pointcloud,2500000,30000109,44.5905
pointcloud,2500000,30000109,57.0254
pointcloud,2500000,30000109,46.4290
pointcloud,2500000,30000109,49.4304
pointcloud,2500000,30000109,47.2082
pointcloud,2500000,30000109,51.6746
pointcloud,2500000,30000109,49.6020
pointcloud,2500000,30000109,45.9792
pointcloud,2500000,30000109,608.1275
pointcloud,2500000,30000109,516.1824
pointcloud,2500000,30000109,425.8459
pointcloud,2500000,30000109,335.8725
pointcloud,2500000,30000109,245.7145
pointcloud,2500000,30000109,155.7898
pointcloud,2500000,30000109,148.5711
pointcloud,2500000,30000109,395.1106
pointcloud,2500000,30000109,306.2477
pointcloud,2500000,30000109,216.7925
pointcloud,2500000,30000109,125.7361
pointcloud,2500000,30000109,87.3295
pointcloud,2500000,30000109,41.8398
pointcloud,2500000,30000109,53.1226
pointcloud,2500000,30000109,45.9266
pointcloud,2500000,30000109,44.8523
pointcloud,2500000,30000109,47.1122
pointcloud,2500000,30000109,64.2299
pointcloud,2500000,30000109,45.5857
pointcloud,2500000,30000109,47.3067
pointcloud,2500000,30000109,68.7992
pointcloud,2500000,30000109,53.7744
pointcloud,2500000,30000109,42.4452
pointcloud,2500000,30000109,43.4190
pointcloud,2500000,30000109,41.5192
pointcloud,2500000,30000109,44.8160
pointcloud,2500000,30000109,48.7385
pointcloud,2500000,30000109,50.5508
pointcloud,2500000,30000109,48.3312
pointcloud,2500000,30000109,45.9711
pointcloud,2500000,30000109,58.2919
pointcloud,2500000,30000109,48.5552
pointcloud,2500000,30000109,62.3963
pointcloud,2500000,30000109,47.4015
pointcloud,2500000,30000109,55.6827
pointcloud,2500000,30000109,51.2903
pointcloud,2500000,30000109,50.3310
pointcloud,2500000,30000109,48.0435
pointcloud,2500000,30000109,49.2356
pointcloud,2500000,30000109,97.9614
pointcloud,2500000,30000109,43.8696
pointcloud,2500000,30000109,39.6347
pointcloud,2500000,30000109,56.5342
pointcloud,2500000,30000109,46.8167
pointcloud,2500000,30000109,43.4044
pointcloud,2500000,30000109,43.4257
pointcloud,2500000,30000109,45.5876
pointcloud,2500000,30000109,47.1052
pointcloud,2500000,30000109,50.6726
pointcloud,2500000,30000109,52.0454
pointcloud,2500000,30000109,49.6859
pointcloud,2500000,30000109,49.5278
pointcloud,2500000,30000109,59.5194
pointcloud,2500000,30000109,59.1788
pointcloud,2500000,30000109,44.6666
pointcloud,2500000,30000109,46.7658
pointcloud,2500000,30000109,45.0621
pointcloud,2500000,30000109,49.8581
pointcloud,2500000,30000109,69.6421
pointcloud,2500000,30000109,42.2533
pointcloud,2500000,30000109,43.6796
pointcloud,2500000,30000109,45.5148
pointcloud,2500000,30000109,49.9442
pointcloud,2500000,30000109,43.2759
pointcloud,2500000,30000109,42.6849
pointcloud,2500000,30000109,44.3046
pointcloud,2500000,30000109,46.1686
pointcloud,2500000,30000109,48.9454
pointcloud,2500000,30000109,49.3852
pointcloud,2500000,30000109,47.3170
pointcloud,2500000,30000109,44.9401
pointcloud,2500000,30000109,45.2323
pointcloud,2500000,30000109,46.0582
pointcloud,2500000,30000109,46.3562
pointcloud,2500000,30000109,59.3109
pointcloud,2500000,30000109,45.2099
pointcloud,2500000,30000109,49.4806
pointcloud,2500000,30000109,54.3957
pointcloud,2500000,30000109,44.8629
pointcloud,2500000,30000109,44.6506
pointcloud,2500000,30000109,50.9726
pointcloud,2500000,30000109,47.6497
pointcloud,2500000,30000109,47.8077
pointcloud,2500000,30000109,44.3344
pointcloud,2500000,30000109,50.1118
pointcloud,2500000,30000109,54.6799
pointcloud,2500000,30000109,47.5441
pointcloud,2500000,30000109,49.7005
pointcloud,2500000,30000109,48.6962
pointcloud,2500000,30000109,50.8565
pointcloud,2500000,30000109,49.0861
pointcloud,2500000,30000109,48.0290
pointcloud,2500000,30000109,45.0479
pointcloud,2500000,30000109,45.0778
pointcloud,2500000,30000109,44.1138
pointcloud,2500000,30000109,44.6702
pointcloud,2500000,30000109,47.0717
pointcloud,2500000,30000109,43.6782
pointcloud,2500000,30000109,46.9333
pointcloud,2500000,30000109,48.7105
pointcloud,2500000,30000109,47.6151
pointcloud,2500000,30000109,56.5477
pointcloud,2500000,30000109,49.0940
pointcloud,2500000,30000109,47.1107
pointcloud,2500000,30000109,46.9957
pointcloud,2500000,30000109,55.1182
pointcloud,2500000,30000109,51.0107
pointcloud,2500000,30000109,46.1480
pointcloud,2500000,30000109,45.2331
pointcloud,2500000,30000109,45.0678
pointcloud,2500000,30000109,62.5937
pointcloud,2500000,30000109,45.4728
pointcloud,2500000,30000109,48.1689
pointcloud,2500000,30000109,48.6554
pointcloud,2500000,30000109,47.5514
pointcloud,2500000,30000109,83.0480
pointcloud,2500000,30000109,33.2758
pointcloud,2500000,30000109,42.6517
pointcloud,2500000,30000109,45.5131
pointcloud,2500000,30000109,72.8934
pointcloud,2500000,30000109,44.3257
pointcloud,2500000,30000109,45.9766
pointcloud,2500000,30000109,67.4295
pointcloud,2500000,30000109,45.3025
pointcloud,2500000,30000109,49.4132
pointcloud,2500000,30000109,47.0012
pointcloud,2500000,30000109,47.4481
pointcloud,2500000,30000109,40.8915
pointcloud,2500000,30000109,98.2277
pointcloud,2500000,30000109,51.9037
pointcloud,2500000,30000109,53.1749
pointcloud,2500000,30000109,46.0631
pointcloud,2500000,30000109,46.7483
pointcloud,2500000,30000109,47.4481
pointcloud,2500000,30000109,49.3770
pointcloud,2500000,30000109,48.5042
pointcloud,2500000,30000109,46.5033
pointcloud,2500000,30000109,45.1994
pointcloud,2500000,30000109,53.2236
pointcloud,2500000,30000109,50.3889
pointcloud,2500000,30000109,48.5079
pointcloud,2500000,30000109,46.9816
pointcloud,2500000,30000109,48.7471
pointcloud,2500000,30000109,61.3748
pointcloud,2500000,30000109,68.7148
pointcloud,2500000,30000109,41.7487
pointcloud,2500000,30000109,44.0173
pointcloud,2500000,30000109,46.9565
pointcloud,2500000,30000109,45.9039
pointcloud,2500000,30000109,45.2653
pointcloud,2500000,30000109,44.7895
pointcloud,2500000,30000109,46.8283
pointcloud,2500000,30000109,46.2435
pointcloud,2500000,30000109,57.3819
pointcloud,2500000,30000109,43.1812
pointcloud,2500000,30000109,47.4186
pointcloud,2500000,30000109,46.1514
pointcloud,2500000,30000109,48.4545
pointcloud,2500000,30000109,48.5336
pointcloud,2500000,30000109,46.5197
pointcloud,2500000,30000109,44.3632
pointcloud,2500000,30000109,51.2275
pointcloud,2500000,30000109,45.3331
pointcloud,2500000,30000109,45.2575
pointcloud,2500000,30000109,47.7475
pointcloud,2500000,30000109,47.7783
pointcloud,2500000,30000109,45.6809
pointcloud,2500000,30000109,56.4235
pointcloud,2500000,30000109,55.0115
pointcloud,2500000,30000109,70.5539
pointcloud,2500000,30000109,47.9357
pointcloud,2500000,30000109,48.8245
pointcloud,2500000,30000109,45.2723
pointcloud,2500000,30000109,60.1757
pointcloud,2500000,30000109,46.6364
pointcloud,2500000,30000109,45.5286
pointcloud,2500000,30000109,45.6190
pointcloud,2500000,30000109,48.5644
pointcloud,2500000,30000109,48.0669
pointcloud,2500000,30000109,48.3025
pointcloud,2500000,30000109,56.4587
pointcloud,2500000,30000109,44.4725
pointcloud,2500000,30000109,43.0268
pointcloud,2500000,30000109,43.1946
pointcloud,2500000,30000109,45.6907
pointcloud,2500000,30000109,46.5492
pointcloud,2500000,30000109,48.1406
pointcloud,2500000,30000109,50.4207
pointcloud,2500000,30000109,75.4344
pointcloud,2500000,30000109,40.7310
pointcloud,2500000,30000109,42.6235
pointcloud,2500000,30000109,44.4865
pointcloud,2500000,30000109,288.3897
pointcloud,2500000,30000109,200.0835
pointcloud,2500000,30000109,110.2538
pointcloud,2500000,30000109,46.9625
pointcloud,2500000,30000109,47.5518
pointcloud,2500000,30000109,48.4343
pointcloud,2500000,30000109,49.1843
pointcloud,2500000,30000109,50.2390
pointcloud,2500000,30000109,49.6227
pointcloud,2500000,30000109,51.9238
pointcloud,2500000,30000109,44.0042
pointcloud,2500000,30000109,50.4989
pointcloud,2500000,30000109,48.6928
pointcloud,2500000,30000109,66.5508
pointcloud,2500000,30000109,56.1314
pointcloud,2500000,30000109,60.7558
pointcloud,2500000,30000109,52.3391
pointcloud,2500000,30000109,48.7247
pointcloud,2500000,30000109,46.3630
pointcloud,2500000,30000109,55.5930
pointcloud,2500000,30000109,40.5535
pointcloud,2500000,30000109,45.5153
pointcloud,2500000,30000109,45.1830
pointcloud,2500000,30000109,46.2623
pointcloud,2500000,30000109,47.2315
pointcloud,2500000,30000109,47.8439
pointcloud,2500000,30000109,45.5491
pointcloud,2500000,30000109,44.3901
pointcloud,2500000,30000109,41.1194
pointcloud,2500000,30000109,44.7086
pointcloud,2500000,30000109,45.4817
pointcloud,2500000,30000109,47.1262
pointcloud,2500000,30000109,70.0527
pointcloud,2500000,30000109,44.7131
pointcloud,2500000,30000109,42.7066
pointcloud,2500000,30000109,55.5488
pointcloud,2500000,30000109,45.4903
pointcloud,2500000,30000109,46.3695
pointcloud,2500000,30000109,46.7343
pointcloud,2500000,30000109,48.7166
pointcloud,2500000,30000109,46.5261
pointcloud,2500000,30000109,50.1220
pointcloud,2500000,30000109,77.1064
pointcloud,2500000,30000109,189.6745
pointcloud,2500000,30000109,97.5558
pointcloud,2500000,30000109,38.8766
pointcloud,2500000,30000109,44.8083
pointcloud,2500000,30000109,46.7217
pointcloud,2500000,30000109,44.2078
pointcloud,2500000,30000109,47.9722
pointcloud,2500000,30000109,45.5680
pointcloud,2500000,30000109,42.9335
pointcloud,2500000,30000109,70.1604
pointcloud,2500000,30000109,42.1775
pointcloud,2500000,30000109,40.6004
pointcloud,2500000,30000109,51.3158
pointcloud,2500000,30000109,47.8460
pointcloud,2500000,30000109,45.7803
pointcloud,2500000,30000109,40.9381
pointcloud,2500000,30000109,44.5163
pointcloud,2500000,30000109,49.7077
pointcloud,2500000,30000109,49.1594
pointcloud,2500000,30000109,50.2990
pointcloud,2500000,30000109,43.4213
pointcloud,2500000,30000109,754.3591
pointcloud,2500000,30000109,663.5407
pointcloud,2500000,30000109,573.4985
pointcloud,2500000,30000109,513.2871
pointcloud,2500000,30000109,424.1048
pointcloud,2500000,30000109,334.0056
pointcloud,2500000,30000109,243.4500
pointcloud,2500000,30000109,153.1480
pointcloud,2500000,30000109,741.2369
pointcloud,2500000,30000109,652.1527
pointcloud,2500000,30000109,561.4060
pointcloud,2500000,30000109,469.4430
pointcloud,2500000,30000109,377.5994
pointcloud,2500000,30000109,286.3713
pointcloud,2500000,30000109,200.1650
pointcloud,2500000,30000109,703.5618
pointcloud,2500000,30000109,627.0946
pointcloud,2500000,30000109,536.4859
pointcloud,2500000,30000109,559.8840
pointcloud,2500000,30000109,471.7613
pointcloud,2500000,30000109,380.6153
pointcloud,2500000,30000109,289.5353
pointcloud,2500000,30000109,706.0065
pointcloud,2500000,30000109,616.8780
pointcloud,2500000,30000109,530.7365
pointcloud,2500000,30000109,436.9315
pointcloud,2500000,30000109,345.1131
pointcloud,2500000,30000109,254.7973
pointcloud,2500000,30000109,161.3509
pointcloud,2500000,30000109,414.5078
pointcloud,2500000,30000109,327.5952
pointcloud,2500000,30000109,235.2485
pointcloud,2500000,30000109,143.9116
pointcloud,2500000,30000109,141.3748
pointcloud,2500000,30000109,119.9460
pointcloud,2500000,30000109,51.6704
pointcloud,2500000,30000109,56.5323
pointcloud,2500000,30000109,42.2991
pointcloud,2500000,30000109,42.7102
pointcloud,2500000,30000109,41.7785
pointcloud,2500000,30000109,48.9204
pointcloud,2500000,30000109,48.9883
pointcloud,2500000,30000109,135.4255
pointcloud,2500000,30000109,176.3203
pointcloud,2500000,30000109,93.8568
pointcloud,2500000,30000109,43.3432
pointcloud,2500000,30000109,43.3922
pointcloud,2500000,30000109,56.8588
pointcloud,2500000,30000109,47.5509
pointcloud,2500000,30000109,51.1739
pointcloud,2500000,30000109,44.1836
pointcloud,2500000,30000109,60.2215
pointcloud,2500000,30000109,85.9230
pointcloud,2500000,30000109,41.7836
pointcloud,2500000,30000109,45.4194
pointcloud,2500000,30000109,51.6649
pointcloud,2500000,30000109,66.0001
pointcloud,2500000,30000109,50.5007
pointcloud,2500000,30000109,45.6311
pointcloud,2500000,30000109,44.1033
pointcloud,2500000,30000109,44.5876
pointcloud,2500000,30000109,46.6663
pointcloud,2500000,30000109,49.0953
pointcloud,2500000,30000109,48.7269
pointcloud,2500000,30000109,46.8676
pointcloud,2500000,30000109,46.6203
pointcloud,2500000,30000109,43.5863
pointcloud,2500000,30000109,45.7257
pointcloud,2500000,30000109,269.3936
pointcloud,2500000,30000109,179.2914
pointcloud,2500000,30000109,93.6083
pointcloud,2500000,30000109,45.2966
pointcloud,2500000,30000109,59.4963
pointcloud,2500000,30000109,49.9977
pointcloud,2500000,30000109,46.9542
pointcloud,2500000,30000109,45.3713
pointcloud,2500000,30000109,58.6497
pointcloud,2500000,30000109,48.3032
pointcloud,2500000,30000109,49.5627
pointcloud,2500000,30000109,50.9291
pointcloud,2500000,30000109,45.4295
pointcloud,2500000,30000109,44.1875
pointcloud,2500000,30000109,48.5626
pointcloud,2500000,30000109,49.0836
pointcloud,2500000,30000109,48.1655
pointcloud,2500000,30000109,62.8934
pointcloud,2500000,30000109,60.9684
pointcloud,2500000,30000109,59.2804
pointcloud,2500000,30000109,45.1088
pointcloud,2500000,30000109,44.1498
pointcloud,2500000,30000109,58.7357
pointcloud,2500000,30000109,45.0482
pointcloud,2500000,30000109,45.9376
pointcloud,2500000,30000109,50.0287
pointcloud,2500000,30000109,51.1379
pointcloud,2500000,30000109,72.8699
pointcloud,2500000,30000109,44.3675
pointcloud,2500000,30000109,44.9286
pointcloud,2500000,30000109,48.2041
pointcloud,2500000,30000109,55.5955
pointcloud,2500000,30000109,49.0537
pointcloud,2500000,30000109,59.1216
pointcloud,2500000,30000109,48.8184
pointcloud,2500000,30000109,48.7298
pointcloud,2500000,30000109,47.8370
pointcloud,2500000,30000109,45.9263
pointcloud,2500000,30000109,46.9390
pointcloud,2500000,30000109,47.5860
pointcloud,2500000,30000109,47.7917
pointcloud,2500000,30000109,47.2379
pointcloud,2500000,30000109,46.9616
pointcloud,2500000,30000109,53.7834
pointcloud,2500000,30000109,43.1511
pointcloud,2500000,30000109,136.9923
pointcloud,2500000,30000109,113.4213
pointcloud,2500000,30000109,45.6305
pointcloud,2500000,30000109,53.4941
pointcloud,2500000,30000109,69.3990
pointcloud,2500000,30000109,45.0153
pointcloud,2500000,30000109,45.9661
pointcloud,2500000,30000109,46.9208
pointcloud,2500000,30000109,44.2430
pointcloud,2500000,30000109,44.2071
pointcloud,2500000,30000109,47.8964
pointcloud,2500000,30000109,46.7200
pointcloud,2500000,30000109,50.3940
pointcloud,2500000,30000109,45.6301
pointcloud,2500000,30000109,62.3328
pointcloud,2500000,30000109,46.2815
pointcloud,2500000,30000109,45.9083
pointcloud,2500000,30000109,49.4054
pointcloud,2500000,30000109,57.4279
pointcloud,2500000,30000109,57.0266
pointcloud,2500000,30000109,52.0169
pointcloud,2500000,30000109,50.2979
pointcloud,2500000,30000109,48.3180
pointcloud,2500000,30000109,44.2873
pointcloud,2500000,30000109,71.5220
pointcloud,2500000,30000109,42.8697
pointcloud,2500000,30000109,56.3894
pointcloud,2500000,30000109,57.9245
pointcloud,2500000,30000109,48.7392
pointcloud,4166666,50000101,1272.4763
pointcloud,4166666,50000101,1255.2383
pointcloud,4166666,50000101,1190.5927
pointcloud,4166666,50000101,1272.0501
pointcloud,4166666,50000101,1241.1065
pointcloud,4166666,50000101,1212.4612
pointcloud,4166666,50000101,1234.8757
pointcloud,4166666,50000101,1358.2715
pointcloud,4166666,50000101,1312.3326
pointcloud,4166666,50000101,1385.6222
pointcloud,4166666,50000101,1290.7752
pointcloud,4166666,50000101,1227.9973
pointcloud,4166666,50000101,1197.9728
pointcloud,4166666,50000101,1202.0363
pointcloud,4166666,50000101,1290.0194
pointcloud,4166666,50000101,1247.0318
pointcloud,4166666,50000101,1253.9142
pointcloud,4166666,50000101,1345.0645
pointcloud,4166666,50000101,1286.0711
pointcloud,4166666,50000101,1248.4915
pointcloud,4166666,50000101,1287.0926
pointcloud,4166666,50000101,1326.8666
pointcloud,4166666,50000101,1286.3362
pointcloud,4166666,50000101,1254.9825
pointcloud,4166666,50000101,1389.5649
pointcloud,4166666,50000101,1367.5736
pointcloud,4166666,50000101,1265.2307
pointcloud,4166666,50000101,1359.7312
pointcloud,4166666,50000101,1298.6812
pointcloud,4166666,50000101,1322.6353
pointcloud,4166666,50000101,1294.2252
pointcloud,4166666,50000101,1249.5818
pointcloud,4166666,50000101,1302.9786
pointcloud,4166666,50000101,1390.8545
pointcloud,4166666,50000101,1358.0162
pointcloud,4166666,50000101,1250.7616
pointcloud,4166666,50000101,1360.3561
pointcloud,4166666,50000101,1395.7659
pointcloud,4166666,50000101,1229.4437
pointcloud,4166666,50000101,1180.1746
pointcloud,4166666,50000101,1311.6983
pointcloud,4166666,50000101,1297.3224
pointcloud,4166666,50000101,1359.5262
pointcloud,4166666,50000101,1314.0720
pointcloud,4166666,50000101,1341.5734
pointcloud,4166666,50000101,1367.5845
pointcloud,4166666,50000101,1293.4165
pointcloud,4166666,50000101,1248.1025
pointcloud,4166666,50000101,1178.1078
pointcloud,4166666,50000101,1311.5875
pointcloud,4166666,50000101,1262.5611
pointcloud,4166666,50000101,1250.1374
pointcloud,4166666,50000101,1296.8413
pointcloud,4166666,50000101,1389.9849
pointcloud,4166666,50000101,1379.7381
pointcloud,4166666,50000101,1362.9814
pointcloud,4166666,50000101,1297.1002
pointcloud,4166666,50000101,1365.5080
pointcloud,4166666,50000101,1476.7927
pointcloud,4166666,50000101,1325.6998
pointcloud,4166666,50000101,1371.1206
pointcloud,4166666,50000101,1340.9088
pointcloud,4166666,50000101,1265.9116
pointcloud,8333333,100000105,2239.2997
pointcloud,8333333,100000105,2118.7568
pointcloud,8333333,100000105,2247.8147
pointcloud,8333333,100000105,2741.1883
pointcloud,8333333,100000105,2536.8035
pointcloud,8333333,100000105,2583.7943
pointcloud,8333333,100000105,2559.4573
pointcloud,8333333,100000105,2467.3650
pointcloud,8333333,100000105,2523.7075
pointcloud,8333333,100000105,2586.5645
pointcloud,8333333,100000105,2760.9331
pointcloud,8333333,100000105,2656.2887
pointcloud,8333333,100000105,2664.9097
pointcloud,8333333,100000105,2623.9488
pointcloud,8333333,100000105,2575.6361
pointcloud,8333333,100000105,2686.4793
pointcloud,8333333,100000105,2583.4889
pointcloud,8333333,100000105,2496.2326
pointcloud,8333333,100000105,2405.4581
pointcloud,8333333,100000105,2229.8266
pointcloud,8333333,100000105,2501.3683
pointcloud,8333333,100000105,2502.7029
pointcloud,8333333,100000105,2618.5302
pointcloud,8333333,100000105,2589.7867
pointcloud,8333333,100000105,2505.0290
pointcloud,8333333,100000105,2384.3087
pointcloud,8333333,100000105,2653.8230
pointcloud,8333333,100000105,2727.9761
pointcloud,8333333,100000105,2474.4520
pointcloud,8333333,100000105,2362.9446
pointcloud,8333333,100000105,2313.8515
pointcloud,8333333,100000105,2202.7016
laserscan,1250,10056,0.6747
laserscan,1250,10056,0.5827
laserscan,1250,10056,0.6435
laserscan,1250,10056,0.5272
laserscan,1250,10056,0.4797
laserscan,1250,10056,0.4654
laserscan,1250,10056,0.4840
laserscan,1250,10056,0.4930
laserscan,1250,10056,0.5113
laserscan,1250,10056,0.4527
laserscan,1250,10056,0.5133
laserscan,1250,10056,0.6038
laserscan,1250,10056,0.4550
laserscan,1250,10056,0.4876
laserscan,1250,10056,0.4624
laserscan,1250,10056,0.4891
laserscan,1250,10056,0.4283
laserscan,1250,10056,0.6492
laserscan,1250,10056,0.5486
laserscan,1250,10056,0.5397
laserscan,1250,10056,0.4561
laserscan,1250,10056,0.5515
laserscan,1250,10056,0.6072
laserscan,1250,10056,0.4446
laserscan,1250,10056,0.4739
laserscan,1250,10056,0.5062
laserscan,1250,10056,0.5038
laserscan,1250,10056,0.4605
laserscan,1250,10056,0.4976
laserscan,1250,10056,0.5041
laserscan,1250,10056,0.4421
laserscan,1250,10056,0.4760
laserscan,1250,10056,0.4808
laserscan,1250,10056,0.4561
laserscan,1250,10056,0.5082
laserscan,1250,10056,0.5014
laserscan,1250,10056,0.5428
laserscan,1250,10056,0.5937
laserscan,1250,10056,0.4817
laserscan,1250,10056,0.4107
laserscan,1250,10056,0.4262
laserscan,1250,10056,0.5072
laserscan,1250,10056,0.5096
laserscan,1250,10056,0.5692
laserscan,1250,10056,0.5019
laserscan,1250,10056,0.5452
laserscan,1250,10056,0.5391
laserscan,1250,10056,0.5541
laserscan,1250,10056,0.5199
laserscan,1250,10056,0.5229
laserscan,1250,10056,0.5185
laserscan,1250,10056,0.4573
laserscan,1250,10056,0.5064
laserscan,1250,10056,0.5106
laserscan,1250,10056,0.4954
laserscan,1250,10056,0.4814
laserscan,1250,10056,0.4120
laserscan,1250,10056,0.4742
laserscan,1250,10056,0.4477
laserscan,1250,10056,0.4930
laserscan,1250,10056,0.4859
laserscan,1250,10056,0.5572
laserscan,1250,10056,0.5118
laserscan,1250,10056,0.4594
laserscan,1250,10056,0.5873
laserscan,1250,10056,0.5635
laserscan,1250,10056,0.4800
laserscan,1250,10056,0.4928
laserscan,1250,10056,0.5380
laserscan,1250,10056,0.4326
laserscan,1250,10056,0.4751
laserscan,1250,10056,0.5294
laserscan,1250,10056,0.5221
laserscan,1250,10056,0.4634
laserscan,1250,10056,0.4856
laserscan,1250,10056,0.5231
laserscan,1250,10056,0.4256
laserscan,1250,10056,0.5373
laserscan,1250,10056,0.4943
laserscan,1250,10056,0.4768
laserscan,1250,10056,0.4812
laserscan,1250,10056,0.4939
laserscan,1250,10056,0.7283
laserscan,1250,10056,0.4929
laserscan,1250,10056,0.4941
laserscan,1250,10056,0.5595
laserscan,1250,10056,0.4766
laserscan,1250,10056,0.5646
laserscan,1250,10056,0.4912
laserscan,1250,10056,0.4929
laserscan,1250,10056,0.4730
laserscan,1250,10056,0.5023
laserscan,1250,10056,0.5300
laserscan,1250,10056,0.4986
laserscan,1250,10056,0.4980
laserscan,1250,10056,0.5221
laserscan,1250,10056,0.4655
laserscan,1250,10056,0.5259
laserscan,1250,10056,0.5125
laserscan,1250,10056,0.5030
laserscan,1250,10056,0.4517
laserscan,1250,10056,0.4521
laserscan,1250,10056,0.6199
laserscan,1250,10056,0.4525
laserscan,1250,10056,0.4011
laserscan,1250,10056,0.5490
laserscan,1250,10056,0.5171
laserscan,1250,10056,0.5423
laserscan,1250,10056,0.4739
laserscan,1250,10056,0.4538
laserscan,1250,10056,0.4298
laserscan,1250,10056,0.4414
laserscan,1250,10056,0.4812
laserscan,1250,10056,0.4375
laserscan,1250,10056,0.5242
laserscan,1250,10056,0.5448
laserscan,1250,10056,0.5355
laserscan,1250,10056,0.5948
laserscan,1250,10056,0.4806
laserscan,1250,10056,0.5015
laserscan,1250,10056,0.4707
laserscan,1250,10056,0.4929
laserscan,1250,10056,0.5486
laserscan,1250,10056,0.7778
laserscan,1250,10056,0.6032
laserscan,1250,10056,0.4861
laserscan,1250,10056,0.5315
laserscan,1250,10056,0.6504
laserscan,1250,10056,0.4787
laserscan,1250,10056,0.5081
laserscan,1250,10056,0.5261
laserscan,1250,10056,0.4756
laserscan,1250,10056,0.5492
laserscan,1250,10056,0.5184
laserscan,1250,10056,0.4910
laserscan,1250,10056,0.5039
laserscan,1250,10056,0.5219
laserscan,1250,10056,0.5250
laserscan,1250,10056,0.4812
laserscan,1250,10056,0.4917
laserscan,1250,10056,0.4657
laserscan,1250,10056,0.4992
laserscan,1250,10056,0.4715
laserscan,1250,10056,0.6093
laserscan,1250,10056,0.4630
laserscan,1250,10056,0.5282
laserscan,1250,10056,0.4794
laserscan,1250,10056,0.4727
laserscan,1250,10056,0.5113
laserscan,1250,10056,0.5169
laserscan,1250,10056,0.4823
laserscan,1250,10056,0.4250
laserscan,1250,10056,0.5021
laserscan,1250,10056,0.4958
laserscan,1250,10056,0.4330
laserscan,1250,10056,0.5816
laserscan,1250,10056,0.4781
laserscan,1250,10056,0.5857
laserscan,1250,10056,0.4667
laserscan,1250,10056,0.5028
laserscan,1250,10056,0.4897
laserscan,1250,10056,0.5192
laserscan,1250,10056,0.5509
laserscan,1250,10056,0.5548
laserscan,1250,10056,0.6703
laserscan,1250,10056,0.5214
laserscan,1250,10056,0.4738
laserscan,1250,10056,0.6148
laserscan,1250,10056,0.5556
laserscan,1250,10056,0.5599
laserscan,1250,10056,0.4676
laserscan,1250,10056,0.5223
laserscan,1250,10056,0.5216
laserscan,1250,10056,0.5030
laserscan,1250,10056,0.5562
laserscan,1250,10056,0.5654
laserscan,1250,10056,0.5378
laserscan,1250,10056,0.6043
laserscan,1250,10056,0.4765
laserscan,1250,10056,0.5423
laserscan,1250,10056,0.5171
laserscan,1250,10056,0.5407
laserscan,1250,10056,0.5106
laserscan,1250,10056,0.4950
laserscan,1250,10056,0.6428
laserscan,1250,10056,0.5718
laserscan,1250,10056,0.4674
laserscan,1250,10056,0.5912
laserscan,1250,10056,0.5228
laserscan,1250,10056,0.5945
laserscan,1250,10056,0.5241
laserscan,1250,10056,0.5361
laserscan,1250,10056,0.5435
laserscan,1250,10056,0.4509
laserscan,1250,10056,0.5497
laserscan,1250,10056,0.5519
laserscan,1250,10056,0.5204
laserscan,1250,10056,0.5978
laserscan,1250,10056,0.5271
laserscan,1250,10056,0.5492
laserscan,1250,10056,0.4889
laserscan,1250,10056,0.5167
laserscan,1250,10056,0.5289
laserscan,1250,10056,0.4975
laserscan,1250,10056,0.5376
laserscan,1250,10056,0.5168
laserscan,1250,10056,0.5153
laserscan,1250,10056,0.5378
laserscan,1250,10056,0.4871
laserscan,1250,10056,0.5046
laserscan,1250,10056,0.5718
laserscan,1250,10056,0.5188
laserscan,1250,10056,0.5484
laserscan,1250,10056,0.4863
laserscan,1250,10056,0.4812
laserscan,1250,10056,0.4815
laserscan,1250,10056,0.4956
laserscan,1250,10056,0.5334
laserscan,1250,10056,0.4943
laserscan,1250,10056,0.4794
laserscan,1250,10056,0.4178
laserscan,1250,10056,0.4852
laserscan,1250,10056,0.5208
laserscan,1250,10056,0.4727
laserscan,1250,10056,0.5193
laserscan,1250,10056,0.5712
laserscan,1250,10056,0.5821
laserscan,1250,10056,0.5541
laserscan,1250,10056,0.4930
laserscan,1250,10056,0.4679
laserscan,1250,10056,0.5809
laserscan,1250,10056,0.5225
laserscan,1250,10056,0.6269
laserscan,1250,10056,0.4921
laserscan,1250,10056,0.5811
laserscan,1250,10056,0.5287
laserscan,1250,10056,0.5388
laserscan,1250,10056,0.4542
laserscan,1250,10056,0.4884
laserscan,1250,10056,0.4964
laserscan,1250,10056,0.4867
laserscan,1250,10056,0.4368
laserscan,1250,10056,0.5240
laserscan,1250,10056,0.4936
laserscan,1250,10056,0.4799
laserscan,1250,10056,0.5855
laserscan,1250,10056,0.4584
laserscan,1250,10056,0.5163
laserscan,1250,10056,0.4272
laserscan,1250,10056,0.4137
laserscan,1250,10056,0.4642
laserscan,1250,10056,0.5603
laserscan,1250,10056,0.5595
laserscan,1250,10056,0.4325
laserscan,1250,10056,0.4446
laserscan,1250,10056,0.4284
laserscan,1250,10056,0.4860
laserscan,1250,10056,0.4775
laserscan,1250,10056,0.4699
laserscan,1250,10056,0.4345
laserscan,1250,10056,0.4446
laserscan,1250,10056,0.4624
laserscan,1250,10056,0.5111
laserscan,1250,10056,0.4268
laserscan,1250,10056,0.5189
laserscan,1250,10056,0.4824
laserscan,1250,10056,0.5168
laserscan,1250,10056,0.5105
laserscan,1250,10056,0.4958
laserscan,1250,10056,0.4519
laserscan,1250,10056,0.4887
laserscan,1250,10056,0.4914
laserscan,1250,10056,0.6283
laserscan,1250,10056,0.4812
laserscan,1250,10056,0.4987
laserscan,1250,10056,0.4976
laserscan,1250,10056,0.4972
laserscan,1250,10056,0.5104
laserscan,1250,10056,0.4951
laserscan,1250,10056,0.4833
laserscan,1250,10056,0.4561
laserscan,1250,10056,0.5021
laserscan,1250,10056,0.5338
laserscan,1250,10056,0.4806
laserscan,1250,10056,0.5079
laserscan,1250,10056,0.4913
laserscan,1250,10056,0.5717
laserscan,1250,10056,0.5548
laserscan,1250,10056,0.5108
laserscan,1250,10056,0.4999
laserscan,1250,10056,0.4450
laserscan,1250,10056,0.4695
laserscan,1250,10056,0.5378
laserscan,1250,10056,0.5278
laserscan,1250,10056,0.5346
laserscan,1250,10056,0.5050
laserscan,1250,10056,0.4132
laserscan,1250,10056,0.4882
laserscan,1250,10056,0.4394
laserscan,1250,10056,0.4435
laserscan,1250,10056,0.4247
laserscan,1250,10056,0.4707
laserscan,1250,10056,0.4920
laserscan,1250,10056,0.4731
laserscan,1250,10056,0.4799
laserscan,1250,10056,0.4741
laserscan,1250,10056,0.5552
laserscan,1250,10056,0.6172
laserscan,1250,10056,0.5519
laserscan,1250,10056,0.5378
laserscan,1250,10056,0.4865
laserscan,1250,10056,0.4920
laserscan,1250,10056,0.5369
laserscan,1250,10056,0.4947
laserscan,1250,10056,0.5185
laserscan,1250,10056,0.4882
laserscan,1250,10056,0.4999
laserscan,1250,10056,0.5728
laserscan,1250,10056,0.4827
laserscan,1250,10056,0.4837
laserscan,1250,10056,0.4804
laserscan,1250,10056,0.4976
laserscan,1250,10056,0.5177
laserscan,1250,10056,0.4889
laserscan,1250,10056,0.4828
laserscan,1250,10056,0.5143
laserscan,1250,10056,0.4910
laserscan,1250,10056,0.5758
laserscan,1250,10056,0.4929
laserscan,1250,10056,0.4958
laserscan,1250,10056,0.4836
laserscan,1250,10056,0.4506
laserscan,1250,10056,0.4680
laserscan,1250,10056,0.4938
laserscan,1250,10056,0.5212
laserscan,1250,10056,0.4539
laserscan,1250,10056,0.5464
laserscan,1250,10056,0.4871
laserscan,1250,10056,0.4352
laserscan,1250,10056,0.4324
laserscan,1250,10056,0.4325
laserscan,1250,10056,0.4487
laserscan,1250,10056,0.5168
laserscan,1250,10056,0.4910
laserscan,1250,10056,0.4048
laserscan,1250,10056,0.4927
laserscan,1250,10056,0.4197
laserscan,1250,10056,0.5282
laserscan,1250,10056,0.4799
laserscan,1250,10056,0.5003
laserscan,1250,10056,0.4079
laserscan,1250,10056,0.5011
laserscan,1250,10056,0.5247
laserscan,1250,10056,0.4983
laserscan,1250,10056,0.4738
laserscan,1250,10056,0.5962
laserscan,1250,10056,0.4840
laserscan,1250,10056,0.4574
laserscan,1250,10056,0.4700
laserscan,1250,10056,0.4351
laserscan,1250,10056,0.4051
laserscan,1250,10056,0.5266
laserscan,1250,10056,0.5181
laserscan,1250,10056,0.4929
laserscan,1250,10056,0.4736
laserscan,1250,10056,0.4272
laserscan,1250,10056,0.4676
laserscan,1250,10056,0.4755
laserscan,1250,10056,0.5292
laserscan,1250,10056,0.5121
laserscan,1250,10056,0.4778
laserscan,1250,10056,0.4964
laserscan,1250,10056,0.5108
laserscan,1250,10056,0.4865
laserscan,1250,10056,0.4706
laserscan,1250,10056,0.5268
laserscan,1250,10056,0.5331
laserscan,1250,10056,0.4933
laserscan,1250,10056,0.4175
laserscan,1250,10056,0.4862
laserscan,1250,10056,0.4770
laserscan,1250,10056,0.4980
laserscan,1250,10056,0.4945
laserscan,1250,10056,0.4308
laserscan,1250,10056,0.3914
laserscan,1250,10056,0.4387
laserscan,1250,10056,0.4665
laserscan,1250,10056,0.4061
laserscan,1250,10056,0.6076
laserscan,1250,10056,0.5083
laserscan,1250,10056,0.4805
laserscan,1250,10056,0.4994
laserscan,1250,10056,0.5256
laserscan,1250,10056,0.5163
laserscan,1250,10056,0.4676
laserscan,1250,10056,0.5243
laserscan,1250,10056,0.4915
laserscan,1250,10056,0.5470
laserscan,1250,10056,0.5324
laserscan,1250,10056,0.5424
laserscan,1250,10056,0.4795
laserscan,1250,10056,0.5115
laserscan,1250,10056,0.5117
laserscan,1250,10056,0.4450
laserscan,1250,10056,0.4621
laserscan,1250,10056,0.4303
laserscan,1250,10056,0.4237
laserscan,1250,10056,0.4578
laserscan,1250,10056,0.5526
laserscan,1250,10056,0.4865
laserscan,1250,10056,0.4163
laserscan,1250,10056,0.4909
laserscan,1250,10056,0.5812
laserscan,1250,10056,0.4954
laserscan,1250,10056,0.4977
laserscan,1250,10056,0.4927
laserscan,1250,10056,0.4700
laserscan,1250,10056,0.6628
laserscan,1250,10056,0.4788
laserscan,1250,10056,0.5218
laserscan,1250,10056,0.4179
laserscan,1250,10056,0.5043
laserscan,1250,10056,0.4951
laserscan,1250,10056,0.4863
laserscan,1250,10056,0.5109
laserscan,1250,10056,0.5141
laserscan,1250,10056,0.4671
laserscan,1250,10056,0.5821
laserscan,1250,10056,0.4587
laserscan,1250,10056,0.5872
laserscan,1250,10056,0.5271
laserscan,1250,10056,0.5729
laserscan,1250,10056,0.5431
laserscan,1250,10056,0.5174
laserscan,1250,10056,0.5253
laserscan,1250,10056,0.5464
laserscan,1250,10056,0.4517
laserscan,1250,10056,0.5309
laserscan,1250,10056,0.6670
laserscan,1250,10056,0.5211
laserscan,1250,10056,0.4953
laserscan,1250,10056,0.5262
laserscan,1250,10056,0.5872
laserscan,1250,10056,0.4904
laserscan,1250,10056,0.4832
laserscan,1250,10056,0.4396
laserscan,1250,10056,0.5422
laserscan,1250,10056,0.6256
laserscan,1250,10056,0.6318
laserscan,1250,10056,0.6384
laserscan,1250,10056,0.4479
laserscan,1250,10056,0.4763
laserscan,1250,10056,0.5005
laserscan,1250,10056,0.4461
laserscan,1250,10056,0.4195
laserscan,1250,10056,0.4323
laserscan,1250,10056,0.4758
laserscan,1250,10056,0.5128
laserscan,1250,10056,0.5335
laserscan,1250,10056,0.5497
laserscan,1250,10056,0.5131
laserscan,1250,10056,0.5841
laserscan,1250,10056,0.6533
laserscan,1250,10056,0.4787
laserscan,1250,10056,0.4222
laserscan,1250,10056,0.4864
laserscan,1250,10056,0.5582
laserscan,1250,10056,0.5946
laserscan,1250,10056,0.5707
laserscan,1250,10056,0.4855
laserscan,1250,10056,0.6420
laserscan,1250,10056,0.4768
laserscan,1250,10056,0.4836
laserscan,1250,10056,0.4314
laserscan,1250,10056,0.4151
laserscan,1250,10056,0.5098
laserscan,1250,10056,0.4233
laserscan,1250,10056,0.4660
laserscan,1250,10056,0.4996
laserscan,1250,10056,0.5756
laserscan,1250,10056,0.5311
laserscan,1250,10056,0.5633
laserscan,1250,10056,0.6635
laserscan,1250,10056,0.5248
laserscan,1250,10056,0.4972
laserscan,1250,10056,0.4924
laserscan,1250,10056,0.4908
laserscan,1250,10056,0.5225
laserscan,1250,10056,0.4970
laserscan,1250,10056,0.4913
laserscan,1250,10056,0.6321
laserscan,1250,10056,0.4640
laserscan,1250,10056,0.5505
laserscan,1250,10056,0.5606
laserscan,1250,10056,0.4879
laserscan,1250,10056,0.5349
laserscan,1250,10056,0.4936
laserscan,1250,10056,0.5322
laserscan,1250,10056,0.4551
laserscan,1250,10056,0.4227
laserscan,1250,10056,0.5344
laserscan,1250,10056,0.5031
laserscan,1250,10056,0.5470
laserscan,1250,10056,0.5163
laserscan,1250,10056,0.4721
laserscan,1250,10056,0.5661
laserscan,1250,10056,0.5446
laserscan,1250,10056,0.5856
laserscan,1250,10056,0.5340
laserscan,1250,10056,0.5224
laserscan,1250,10056,0.5970
laserscan,1250,10056,0.7551
laserscan,1250,10056,0.6337
laserscan,1250,10056,0.5500
laserscan,1250,10056,0.4709
laserscan,1250,10056,0.5170
laserscan,1250,10056,0.4977
laserscan,1250,10056,0.5589
laserscan,1250,10056,0.5079
laserscan,1250,10056,0.4815
laserscan,1250,10056,0.4828
laserscan,1250,10056,0.6209
laserscan,1250,10056,0.5598
laserscan,1250,10056,0.5178
laserscan,1250,10056,0.4808
laserscan,1250,10056,0.5172
laserscan,1250,10056,0.4991
laserscan,1250,10056,0.5399
laserscan,1250,10056,0.4789
laserscan,1250,10056,0.5381
laserscan,1250,10056,0.5026
laserscan,1250,10056,0.6828
laserscan,1250,10056,0.5670
laserscan,1250,10056,0.4794
laserscan,1250,10056,0.4514
laserscan,1250,10056,0.4967
laserscan,1250,10056,0.4475
laserscan,1250,10056,0.4926
laserscan,1250,10056,0.5092
laserscan,6250,50056,0.5908
laserscan,6250,50056,0.6203
laserscan,6250,50056,0.5745
laserscan,6250,50056,0.6547
laserscan,6250,50056,0.6200
laserscan,6250,50056,0.5728
laserscan,6250,50056,0.6860
laserscan,6250,50056,0.5935
laserscan,6250,50056,0.5624
laserscan,6250,50056,0.5575
laserscan,6250,50056,0.5650
laserscan,6250,50056,0.6036
laserscan,6250,50056,0.5529
laserscan,6250,50056,0.5652
laserscan,6250,50056,0.5661
laserscan,6250,50056,0.5422
laserscan,6250,50056,0.6628
laserscan,6250,50056,0.6065
laserscan,6250,50056,0.5434
laserscan,6250,50056,0.5883
laserscan,6250,50056,0.5853
laserscan,6250,50056,0.6331
laserscan,6250,50056,0.5442
laserscan,6250,50056,0.5661
laserscan,6250,50056,0.6571
laserscan,6250,50056,0.5840
laserscan,6250,50056,0.6429
laserscan,6250,50056,0.5649
laserscan,6250,50056,0.5470
laserscan,6250,50056,0.5494
laserscan,6250,50056,0.5538
laserscan,6250,50056,0.6089
laserscan,6250,50056,0.5417
laserscan,6250,50056,0.5396
laserscan,6250,50056,0.6005
laserscan,6250,50056,0.5686
laserscan,6250,50056,0.6017
laserscan,6250,50056,0.6432
laserscan,6250,50056,0.5646
laserscan,6250,50056,0.5867
laserscan,6250,50056,0.5628
laserscan,6250,50056,0.6620
laserscan,6250,50056,0.5604
laserscan,6250,50056,0.6300
laserscan,6250,50056,0.6630
laserscan,6250,50056,0.5511
laserscan,6250,50056,0.6771
laserscan,6250,50056,0.6762
laserscan,6250,50056,0.6116
laserscan,6250,50056,0.6288
laserscan,6250,50056,0.6220
laserscan,6250,50056,0.6925
laserscan,6250,50056,0.6149
laserscan,6250,50056,0.6271
laserscan,6250,50056,0.6229
laserscan,6250,50056,0.6505
laserscan,6250,50056,0.6721
laserscan,6250,50056,0.6848
laserscan,6250,50056,0.7018
laserscan,6250,50056,0.6637
laserscan,6250,50056,0.6530
laserscan,6250,50056,0.6927
laserscan,6250,50056,0.6504
laserscan,6250,50056,0.6400
laserscan,6250,50056,0.5826
laserscan,6250,50056,0.6656
laserscan,6250,50056,0.6092
laserscan,6250,50056,0.5823
laserscan,6250,50056,0.5778
laserscan,6250,50056,0.5785
laserscan,6250,50056,0.5940
laserscan,6250,50056,0.6136
laserscan,6250,50056,0.5781
laserscan,6250,50056,0.5622
laserscan,6250,50056,0.5572
laserscan,6250,50056,0.5617
laserscan,6250,50056,0.5845
laserscan,6250,50056,0.5678
laserscan,6250,50056,0.6592
laserscan,6250,50056,0.6714
laserscan,6250,50056,0.6592
laserscan,6250,50056,0.6747
laserscan,6250,50056,0.5772
laserscan,6250,50056,0.6073
laserscan,6250,50056,0.5983
laserscan,6250,50056,0.6542
laserscan,6250,50056,0.6349
laserscan,6250,50056,0.5775
laserscan,6250,50056,0.5845
laserscan,6250,50056,0.5541
laserscan,6250,50056,0.6069
laserscan,6250,50056,0.6062
laserscan,6250,50056,0.5500
laserscan,6250,50056,0.5649
laserscan,6250,50056,0.5494
laserscan,6250,50056,0.5583
laserscan,6250,50056,0.5830
laserscan,6250,50056,0.5688
laserscan,6250,50056,0.6073
laserscan,6250,50056,0.5976
laserscan,6250,50056,0.6011
laserscan,6250,50056,0.6165
laserscan,6250,50056,0.6131
laserscan,6250,50056,0.5596
laserscan,6250,50056,0.5799
laserscan,6250,50056,0.5732
laserscan,6250,50056,0.6536
laserscan,6250,50056,0.5679
laserscan,6250,50056,0.5627
laserscan,6250,50056,0.5494
laserscan,6250,50056,0.6151
laserscan,6250,50056,0.5997
laserscan,6250,50056,0.5453
laserscan,6250,50056,0.5591
laserscan,6250,50056,0.5872
laserscan,6250,50056,0.5525
laserscan,6250,50056,0.6050
laserscan,6250,50056,0.5497
laserscan,6250,50056,0.5698
laserscan,6250,50056,0.5492
laserscan,6250,50056,0.6412
laserscan,6250,50056,0.6086
laserscan,6250,50056,0.5808
laserscan,6250,50056,0.6752
laserscan,6250,50056,0.6471
laserscan,6250,50056,0.6220
laserscan,6250,50056,0.7159
laserscan,6250,50056,0.5987
laserscan,6250,50056,0.6402
laserscan,6250,50056,0.6392
laserscan,6250,50056,0.6520
laserscan,6250,50056,0.5358
laserscan,6250,50056,0.6658
laserscan,6250,50056,0.5121
laserscan,6250,50056,0.6629
laserscan,6250,50056,0.6178
laserscan,6250,50056,0.6805
laserscan,6250,50056,0.6289
laserscan,6250,50056,0.6277
laserscan,6250,50056,0.6123
laserscan,6250,50056,0.6245
laserscan,6250,50056,0.6450
laserscan,6250,50056,0.5551
laserscan,6250,50056,0.5742
laserscan,6250,50056,0.5831
laserscan,6250,50056,0.5794
laserscan,6250,50056,0.6365
laserscan,6250,50056,0.6028
laserscan,6250,50056,0.6351
laserscan,6250,50056,0.5514
laserscan,6250,50056,0.5734
laserscan,6250,50056,0.6395
laserscan,6250,50056,0.5710
laserscan,6250,50056,0.5473
laserscan,6250,50056,0.6298
laserscan,6250,50056,0.5457
laserscan,6250,50056,0.6069
laserscan,6250,50056,0.6251
laserscan,6250,50056,0.6234
laserscan,6250,50056,0.6060
laserscan,6250,50056,0.6492
laserscan,6250,50056,0.7071
laserscan,6250,50056,0.6412
laserscan,6250,50056,0.6097
laserscan,6250,50056,0.7025
laserscan,6250,50056,0.6489
laserscan,6250,50056,0.6637
laserscan,6250,50056,0.7474
laserscan,6250,50056,0.6323
laserscan,6250,50056,0.6099
laserscan,6250,50056,0.7037
laserscan,6250,50056,0.7231
laserscan,6250,50056,0.6123
laserscan,6250,50056,0.5754
laserscan,6250,50056,0.6176
laserscan,6250,50056,0.6333
laserscan,6250,50056,0.6843
laserscan,6250,50056,0.6896
laserscan,6250,50056,0.6410
laserscan,6250,50056,0.6699
laserscan,6250,50056,0.6120
laserscan,6250,50056,0.6762
laserscan,6250,50056,0.6605
laserscan,6250,50056,0.6624
laserscan,6250,50056,0.6748
laserscan,6250,50056,0.6134
laserscan,6250,50056,0.6869
laserscan,6250,50056,0.6748
laserscan,6250,50056,0.6577
laserscan,6250,50056,0.6445
laserscan,6250,50056,0.6336
laserscan,6250,50056,0.6432
laserscan,6250,50056,0.6028
laserscan,6250,50056,0.6227
laserscan,6250,50056,0.5919
laserscan,6250,50056,0.5905
laserscan,6250,50056,0.6144
laserscan,6250,50056,0.5813
laserscan,6250,50056,0.6723
laserscan,6250,50056,0.5963
laserscan,6250,50056,0.5276
laserscan,6250,50056,0.6282
laserscan,6250,50056,0.6205
laserscan,6250,50056,0.6285
laserscan,6250,50056,0.6348
laserscan,6250,50056,0.5973
laserscan,6250,50056,0.7299
laserscan,6250,50056,0.6099
laserscan,6250,50056,0.6714
laserscan,6250,50056,0.6327
laserscan,6250,50056,0.5863
laserscan,6250,50056,0.5990
laserscan,6250,50056,0.6259
laserscan,6250,50056,0.5924
laserscan,6250,50056,0.6054
laserscan,6250,50056,0.5904
laserscan,6250,50056,0.6711
laserscan,6250,50056,0.6102
laserscan,6250,50056,0.6214
laserscan,6250,50056,0.6004
laserscan,6250,50056,0.6595
laserscan,6250,50056,0.7139
laserscan,6250,50056,0.6390
laserscan,6250,50056,0.6403
laserscan,6250,50056,0.6395
laserscan,6250,50056,0.5677
laserscan,6250,50056,0.6784
laserscan,6250,50056,0.5991
laserscan,6250,50056,0.7389
laserscan,6250,50056,0.6313
laserscan,6250,50056,0.6313
laserscan,6250,50056,0.7126
laserscan,6250,50056,0.5837
laserscan,6250,50056,0.6009
laserscan,6250,50056,0.6680
laserscan,6250,50056,0.5983
laserscan,6250,50056,0.6893
laserscan,6250,50056,0.6139
laserscan,6250,50056,0.6580
laserscan,6250,50056,0.6328
laserscan,6250,50056,0.6418
laserscan,6250,50056,0.6038
laserscan,6250,50056,0.5886
laserscan,6250,50056,0.6264
laserscan,6250,50056,0.6676
laserscan,6250,50056,0.6905
laserscan,6250,50056,0.6820
laserscan,6250,50056,0.6395
laserscan,6250,50056,0.5922
laserscan,6250,50056,0.7291
laserscan,6250,50056,0.6399
laserscan,6250,50056,0.6734
laserscan,6250,50056,0.5918
laserscan,6250,50056,0.6499
laserscan,6250,50056,0.5925
laserscan,6250,50056,0.5984
laserscan,6250,50056,0.6465
laserscan,6250,50056,0.5893
laserscan,6250,50056,0.5910
laserscan,6250,50056,0.6357
laserscan,6250,50056,0.5450
laserscan,6250,50056,0.5565
laserscan,6250,50056,0.6525
laserscan,6250,50056,0.6519
laserscan,6250,50056,0.5999
laserscan,6250,50056,0.6775
laserscan,6250,50056,0.6328
laserscan,6250,50056,0.5816
laserscan,6250,50056,0.5575
laserscan,6250,50056,0.6255
laserscan,6250,50056,0.5990
laserscan,6250,50056,0.6783
laserscan,6250,50056,0.6001
laserscan,6250,50056,0.6072
laserscan,6250,50056,0.6709
laserscan,6250,50056,0.5821
laserscan,6250,50056,0.6162
laserscan,6250,50056,0.6796
laserscan,6250,50056,0.6511
laserscan,6250,50056,0.5736
laserscan,6250,50056,0.5988
laserscan,6250,50056,0.5742
laserscan,6250,50056,0.6701
laserscan,6250,50056,0.6536
laserscan,6250,50056,0.6694
laserscan,6250,50056,0.5847
laserscan,6250,50056,0.7062
laserscan,6250,50056,0.6039
laserscan,6250,50056,0.5535
laserscan,6250,50056,0.6379
laserscan,6250,50056,0.6284
laserscan,6250,50056,0.6512
laserscan,6250,50056,0.5972
laserscan,6250,50056,0.5645
laserscan,6250,50056,0.5584
laserscan,6250,50056,0.5656
laserscan,6250,50056,0.5915
laserscan,6250,50056,0.5798
laserscan,6250,50056,0.5801
laserscan,6250,50056,0.5643
laserscan,6250,50056,0.5676
laserscan,6250,50056,0.6863
laserscan,6250,50056,0.6500
laserscan,6250,50056,0.5709
laserscan,6250,50056,0.5506
laserscan,6250,50056,0.5771
laserscan,6250,50056,0.6029
laserscan,6250,50056,0.7173
laserscan,6250,50056,0.6181
laserscan,6250,50056,0.6237
laserscan,6250,50056,0.7922
laserscan,6250,50056,0.6932
laserscan,6250,50056,0.6490
laserscan,6250,50056,0.6172
laserscan,6250,50056,0.5748
laserscan,6250,50056,0.6736
laserscan,6250,50056,0.6680
laserscan,6250,50056,0.6340
laserscan,6250,50056,0.6369
laserscan,6250,50056,0.5360
laserscan,6250,50056,0.6305
laserscan,6250,50056,0.7045
laserscan,6250,50056,0.6630
laserscan,6250,50056,0.6435
laserscan,6250,50056,0.6353
laserscan,6250,50056,0.6413
laserscan,6250,50056,0.6749
laserscan,6250,50056,0.6513
laserscan,6250,50056,0.6991
laserscan,6250,50056,0.6154
laserscan,6250,50056,0.6331
laserscan,6250,50056,0.6323
laserscan,6250,50056,0.6414
laserscan,6250,50056,0.7307
laserscan,6250,50056,0.6330
laserscan,6250,50056,0.6354
laserscan,6250,50056,0.6514
laserscan,6250,50056,0.6390
laserscan,6250,50056,0.6321
laserscan,6250,50056,0.6258
laserscan,6250,50056,0.6104
laserscan,6250,50056,0.6625
laserscan,6250,50056,0.5670
laserscan,6250,50056,0.5652
laserscan,6250,50056,0.6246
laserscan,6250,50056,0.6188
laserscan,6250,50056,0.6798
laserscan,6250,50056,0.6200
laserscan,6250,50056,0.6371
laserscan,6250,50056,0.5607
laserscan,6250,50056,0.5736
laserscan,6250,50056,0.7543
laserscan,6250,50056,0.6455
laserscan,6250,50056,0.7630
laserscan,6250,50056,0.6116
laserscan,6250,50056,0.6343
laserscan,6250,50056,0.7219
laserscan,6250,50056,0.6134
laserscan,6250,50056,0.6338
laserscan,6250,50056,0.5976
laserscan,6250,50056,0.6998
laserscan,6250,50056,0.6388
laserscan,6250,50056,0.6048
laserscan,6250,50056,0.6278
laserscan,6250,50056,0.6141
laserscan,6250,50056,0.6041
laserscan,6250,50056,0.6774
laserscan,6250,50056,0.6068
laserscan,6250,50056,0.7020
laserscan,6250,50056,0.6820
laserscan,6250,50056,0.6703
laserscan,6250,50056,0.6688
laserscan,6250,50056,0.7072
laserscan,6250,50056,0.6197
laserscan,6250,50056,0.6014
laserscan,6250,50056,0.6145
laserscan,6250,50056,0.6956
laserscan,6250,50056,0.6383
laserscan,6250,50056,0.6530
laserscan,6250,50056,0.5626
laserscan,6250,50056,0.6183
laserscan,6250,50056,0.6440
laserscan,6250,50056,0.6304
laserscan,6250,50056,0.6068
laserscan,6250,50056,0.6102
laserscan,6250,50056,0.6266
laserscan,6250,50056,0.6550
laserscan,6250,50056,0.5623
laserscan,6250,50056,0.6249
laserscan,6250,50056,0.5634
laserscan,6250,50056,0.6460
laserscan,6250,50056,0.6442
laserscan,6250,50056,0.6833
laserscan,6250,50056,0.5293
laserscan,6250,50056,0.6431
laserscan,6250,50056,0.5441
laserscan,6250,50056,0.6741
laserscan,6250,50056,0.6593
laserscan,6250,50056,0.6229
laserscan,6250,50056,0.5984
laserscan,6250,50056,0.5692
laserscan,6250,50056,0.6032
laserscan,6250,50056,0.5597
laserscan,6250,50056,0.5884
laserscan,6250,50056,0.6175
laserscan,6250,50056,0.6197
laserscan,6250,50056,0.6012
laserscan,6250,50056,0.7327
laserscan,6250,50056,0.6209
laserscan,6250,50056,0.6308
laserscan,6250,50056,0.6255
laserscan,6250,50056,0.7052
laserscan,6250,50056,0.6430
laserscan,6250,50056,0.5182
laserscan,6250,50056,0.6459
laserscan,6250,50056,0.5986
laserscan,6250,50056,0.5855
laserscan,6250,50056,0.5589
laserscan,6250,50056,0.6244
laserscan,6250,50056,0.6913
laserscan,6250,50056,0.6535
laserscan,6250,50056,0.6673
laserscan,6250,50056,0.6280
laserscan,6250,50056,0.6212
laserscan,6250,50056,0.5773
laserscan,6250,50056,0.6247
laserscan,6250,50056,0.6362
laserscan,6250,50056,0.5714
laserscan,6250,50056,0.5980
laserscan,6250,50056,0.5944
laserscan,6250,50056,0.5881
laserscan,6250,50056,0.6652
laserscan,6250,50056,0.6316
laserscan,6250,50056,0.6340
laserscan,6250,50056,0.6141
laserscan,6250,50056,0.5629
laserscan,6250,50056,0.5961
laserscan,6250,50056,0.5881
laserscan,6250,50056,0.6042
laserscan,6250,50056,0.6359
laserscan,6250,50056,0.6086
laserscan,6250,50056,0.6475
laserscan,6250,50056,0.5960
laserscan,6250,50056,0.6436
laserscan,6250,50056,0.6422
laserscan,6250,50056,0.6548
laserscan,6250,50056,0.6539
laserscan,6250,50056,0.6481
laserscan,6250,50056,0.6446
laserscan,6250,50056,0.6463
laserscan,6250,50056,0.6124
laserscan,6250,50056,0.7240
laserscan,6250,50056,0.6350
laserscan,6250,50056,0.7815
laserscan,6250,50056,0.5968
laserscan,6250,50056,0.6358
laserscan,6250,50056,0.6514
laserscan,6250,50056,0.7199
laserscan,6250,50056,0.6306
laserscan,6250,50056,0.6110
laserscan,6250,50056,0.6467
laserscan,6250,50056,0.6629
laserscan,6250,50056,0.5629
laserscan,6250,50056,0.6171
laserscan,6250,50056,0.6421
laserscan,6250,50056,0.6834
laserscan,6250,50056,0.6729
laserscan,6250,50056,0.5775
laserscan,6250,50056,0.6235
laserscan,6250,50056,0.6478
laserscan,6250,50056,0.6528
laserscan,6250,50056,0.6576
laserscan,6250,50056,0.6199
laserscan,6250,50056,0.7022
laserscan,6250,50056,0.6944
laserscan,6250,50056,0.6796
laserscan,6250,50056,0.6114
laserscan,6250,50056,0.6057
laserscan,6250,50056,0.6316
laserscan,6250,50056,0.6386
laserscan,6250,50056,0.7315
laserscan,6250,50056,0.6391
laserscan,6250,50056,0.5995
laserscan,6250,50056,0.6480
laserscan,6250,50056,0.7052
laserscan,6250,50056,0.5893
laserscan,6250,50056,0.6085
laserscan,6250,50056,0.6256
laserscan,6250,50056,0.5404
laserscan,6250,50056,0.5780
laserscan,6250,50056,0.6149
laserscan,6250,50056,0.6858
laserscan,6250,50056,0.5905
laserscan,6250,50056,0.6294
laserscan,6250,50056,0.9438
laserscan,6250,50056,0.5649
laserscan,6250,50056,0.5814
laserscan,6250,50056,0.5392
laserscan,6250,50056,0.5732
laserscan,6250,50056,0.5254
laserscan,6250,50056,0.5861
laserscan,6250,50056,0.6184
laserscan,6250,50056,0.5152
laserscan,6250,50056,0.6414
laserscan,6250,50056,0.6563
laserscan,6250,50056,0.6970
laserscan,6250,50056,0.6893
laserscan,6250,50056,0.6141
laserscan,6250,50056,0.5668
laserscan,6250,50056,0.5654
laserscan,6250,50056,0.5634
laserscan,6250,50056,0.6819
laserscan,6250,50056,0.6077
laserscan,6250,50056,0.6451
laserscan,6250,50056,0.7423
laserscan,6250,50056,0.6886
laserscan,6250,50056,0.7264
laserscan,6250,50056,0.6300
laserscan,6250,50056,0.6133
laserscan,6250,50056,0.5978
laserscan,6250,50056,0.5823
laserscan,6250,50056,0.5912
laserscan,6250,50056,0.6131
laserscan,6250,50056,0.6006
laserscan,6250,50056,0.6336
laserscan,6250,50056,0.4947
laserscan,6250,50056,0.5877
laserscan,6250,50056,0.6747
laserscan,6250,50056,0.5578
laserscan,6250,50056,0.6342
laserscan,6250,50056,0.5664
laserscan,6250,50056,0.6403
laserscan,6250,50056,0.5791
laserscan,6250,50056,0.5339
laserscan,6250,50056,0.6328
laserscan,6250,50056,0.6410
laserscan,6250,50056,0.6344
laserscan,6250,50056,0.5632
laserscan,6250,50056,0.5371
laserscan,12500,100056,0.7916
laserscan,12500,100056,0.7333
laserscan,12500,100056,0.7577
laserscan,12500,100056,0.7210
laserscan,12500,100056,0.6963
laserscan,12500,100056,0.9212
laserscan,12500,100056,0.7423
laserscan,12500,100056,0.8931
laserscan,12500,100056,0.6593
laserscan,12500,100056,0.7198
laserscan,12500,100056,0.8168
laserscan,12500,100056,0.7654
laserscan,12500,100056,0.7268
laserscan,12500,100056,0.7331
laserscan,12500,100056,0.6721
laserscan,12500,100056,0.7765
laserscan,12500,100056,0.7142
laserscan,12500,100056,0.7437
laserscan,12500,100056,0.7172
laserscan,12500,100056,0.7545
laserscan,12500,100056,0.7825
laserscan,12500,100056,0.7591
laserscan,12500,100056,0.7734
laserscan,12500,100056,0.7266
laserscan,12500,100056,0.7254
laserscan,12500,100056,0.7723
laserscan,12500,100056,0.7413
laserscan,12500,100056,0.7345
laserscan,12500,100056,0.8254
laserscan,12500,100056,0.7578
laserscan,12500,100056,0.8289
laserscan,12500,100056,0.7792
laserscan,12500,100056,0.7423
laserscan,12500,100056,0.7745
laserscan,12500,100056,0.7140
laserscan,12500,100056,0.7791
laserscan,12500,100056,0.7541
laserscan,12500,100056,0.7236
laserscan,12500,100056,0.7263
laserscan,12500,100056,0.7450
laserscan,12500,100056,0.7638
laserscan,12500,100056,0.7698
laserscan,12500,100056,0.7476
laserscan,12500,100056,0.7779
laserscan,12500,100056,0.7221
laserscan,12500,100056,0.7456
laserscan,12500,100056,0.6420
laserscan,12500,100056,0.7653
laserscan,12500,100056,0.8235
laserscan,12500,100056,0.7414
laserscan,12500,100056,0.8015
laserscan,12500,100056,0.7418
laserscan,12500,100056,0.7886
laserscan,12500,100056,0.7284
laserscan,12500,100056,0.7550
laserscan,12500,100056,0.7541
laserscan,12500,100056,0.6455
laserscan,12500,100056,0.7356
laserscan,12500,100056,0.7757
laserscan,12500,100056,0.7719
laserscan,12500,100056,0.7795
laserscan,12500,100056,0.7145
laserscan,12500,100056,0.7521
laserscan,12500,100056,0.6606
laserscan,12500,100056,0.7139
laserscan,12500,100056,0.7550
laserscan,12500,100056,0.6859
laserscan,12500,100056,0.7306
laserscan,12500,100056,0.7848
laserscan,12500,100056,0.8735
laserscan,12500,100056,0.7924
laserscan,12500,100056,0.7073
laserscan,12500,100056,0.7172
laserscan,12500,100056,0.7212
laserscan,12500,100056,0.7299
laserscan,12500,100056,0.7380
laserscan,12500,100056,0.7011
laserscan,12500,100056,0.6758
laserscan,12500,100056,0.7027
laserscan,12500,100056,0.7494
laserscan,12500,100056,0.7729
laserscan,12500,100056,0.7153
laserscan,12500,100056,0.7121
laserscan,12500,100056,0.7086
laserscan,12500,100056,0.6768
laserscan,12500,100056,0.7403
laserscan,12500,100056,0.7324
laserscan,12500,100056,0.7269
laserscan,12500,100056,0.6928
laserscan,12500,100056,0.8294
laserscan,12500,100056,0.7959
laserscan,12500,100056,0.7331
laserscan,12500,100056,0.8194
laserscan,12500,100056,0.7898
laserscan,12500,100056,0.7589
laserscan,12500,100056,0.7383
laserscan,12500,100056,0.7389
laserscan,12500,100056,0.7009
laserscan,12500,100056,0.7357
laserscan,12500,100056,0.7484
laserscan,12500,100056,0.7741
laserscan,12500,100056,0.7859
laserscan,12500,100056,0.7406
laserscan,12500,100056,0.7259
laserscan,12500,100056,0.7291
laserscan,12500,100056,0.7347
laserscan,12500,100056,0.8270
laserscan,12500,100056,0.7130
laserscan,12500,100056,0.7692
laserscan,12500,100056,0.8454
laserscan,12500,100056,0.7942
laserscan,12500,100056,0.7337
laserscan,12500,100056,0.7279
laserscan,12500,100056,0.7070
laserscan,12500,100056,0.7531
laserscan,12500,100056,0.7993
laserscan,12500,100056,0.7202
laserscan,12500,100056,0.7534
laserscan,12500,100056,0.7272
laserscan,12500,100056,0.7529
laserscan,12500,100056,0.7393
laserscan,12500,100056,0.6950
laserscan,12500,100056,0.7201
laserscan,12500,100056,0.7061
laserscan,12500,100056,0.7179
laserscan,12500,100056,0.7443
laserscan,12500,100056,0.7055
laserscan,12500,100056,0.7114
laserscan,12500,100056,0.6959
laserscan,12500,100056,0.7859
laserscan,12500,100056,0.8634
laserscan,12500,100056,0.7083
laserscan,12500,100056,0.7026
laserscan,12500,100056,0.7005
laserscan,12500,100056,0.7019
laserscan,12500,100056,0.8436
laserscan,12500,100056,0.7334
laserscan,12500,100056,0.7361
laserscan,12500,100056,0.6522
laserscan,12500,100056,0.7475
laserscan,12500,100056,0.7388
laserscan,12500,100056,0.8228
laserscan,12500,100056,0.6945
laserscan,12500,100056,0.7352
laserscan,12500,100056,0.6448
laserscan,12500,100056,0.7922
laserscan,12500,100056,0.6843
laserscan,12500,100056,0.7294
laserscan,12500,100056,0.7062
laserscan,12500,100056,0.6890
laserscan,12500,100056,0.8496
laserscan,12500,100056,0.7442
laserscan,12500,100056,0.7134
laserscan,12500,100056,0.8629
laserscan,12500,100056,0.7063
laserscan,12500,100056,0.8449
laserscan,12500,100056,0.7217
laserscan,12500,100056,0.7348
laserscan,12500,100056,0.6933
laserscan,12500,100056,0.7717
laserscan,12500,100056,0.8330
laserscan,12500,100056,0.7219
laserscan,12500,100056,0.7291
laserscan,12500,100056,0.7241
laserscan,12500,100056,0.7351
laserscan,12500,100056,0.7776
laserscan,12500,100056,0.7435
laserscan,12500,100056,0.7211
laserscan,12500,100056,0.6524
laserscan,12500,100056,0.7021
laserscan,12500,100056,0.7651
laserscan,12500,100056,0.8894
laserscan,12500,100056,0.6860
laserscan,12500,100056,0.7818
laserscan,12500,100056,0.6861
laserscan,12500,100056,0.7949
laserscan,12500,100056,0.6978
laserscan,12500,100056,0.7343
laserscan,12500,100056,0.7075
laserscan,12500,100056,0.7633
laserscan,12500,100056,0.7187
laserscan,12500,100056,0.5284
laserscan,12500,100056,0.7859
laserscan,12500,100056,0.6670
laserscan,12500,100056,0.6819
laserscan,12500,100056,0.7857
laserscan,12500,100056,0.7556
laserscan,12500,100056,0.7310
laserscan,12500,100056,0.7164
laserscan,12500,100056,0.7018
laserscan,12500,100056,0.7105
laserscan,12500,100056,0.7110
laserscan,12500,100056,0.7517
laserscan,12500,100056,0.7531
laserscan,12500,100056,0.6952
laserscan,12500,100056,0.6972
laserscan,12500,100056,0.8058
laserscan,12500,100056,0.8173
laserscan,12500,100056,0.7403
laserscan,12500,100056,0.7025
laserscan,12500,100056,0.7714
laserscan,12500,100056,0.7003
laserscan,12500,100056,0.7408
laserscan,12500,100056,0.7080
laserscan,12500,100056,0.6899
laserscan,12500,100056,0.7618
laserscan,12500,100056,0.7425
laserscan,12500,100056,0.7095
laserscan,12500,100056,0.7009
laserscan,12500,100056,0.7400
laserscan,12500,100056,0.7303
laserscan,12500,100056,0.6595
laserscan,12500,100056,0.8518
laserscan,12500,100056,0.7240
laserscan,12500,100056,0.6841
laserscan,12500,100056,0.7212
laserscan,12500,100056,0.7247
laserscan,12500,100056,0.7173
laserscan,12500,100056,0.7806
laserscan,12500,100056,0.7414
laserscan,12500,100056,0.7778
laserscan,12500,100056,0.6462
laserscan,12500,100056,0.7658
laserscan,12500,100056,0.6985
laserscan,12500,100056,0.7743
laserscan,12500,100056,0.7632
laserscan,12500,100056,0.7271
laserscan,12500,100056,0.7268
laserscan,12500,100056,0.6469
laserscan,12500,100056,0.7247
laserscan,12500,100056,0.7263
laserscan,12500,100056,0.6524
laserscan,12500,100056,0.7706
laserscan,12500,100056,0.7501
laserscan,12500,100056,0.8753
laserscan,12500,100056,0.7661
laserscan,12500,100056,0.6967
laserscan,12500,100056,0.6874
laserscan,12500,100056,0.7422
laserscan,12500,100056,0.8097
laserscan,12500,100056,0.7738
laserscan,12500,100056,0.6932
laserscan,12500,100056,0.7774
laserscan,12500,100056,0.7458
laserscan,12500,100056,0.8480
laserscan,12500,100056,0.7615
laserscan,12500,100056,0.6977
laserscan,12500,100056,0.6910
laserscan,12500,100056,0.6899
laserscan,12500,100056,0.6944
laserscan,12500,100056,0.8214
laserscan,12500,100056,0.6844
laserscan,12500,100056,0.7170
laserscan,12500,100056,0.7777
laserscan,12500,100056,0.7474
laserscan,12500,100056,0.7092
laserscan,12500,100056,0.7008
laserscan,12500,100056,0.6970
laserscan,12500,100056,0.6935
laserscan,12500,100056,0.7043
laserscan,12500,100056,0.7430
laserscan,12500,100056,0.6326
laserscan,12500,100056,0.7451
laserscan,12500,100056,0.6768
laserscan,12500,100056,0.6319
laserscan,12500,100056,0.7192
laserscan,12500,100056,0.7731
laserscan,12500,100056,0.8082
laserscan,12500,100056,0.6909
laserscan,12500,100056,0.6901
laserscan,12500,100056,0.7779
laserscan,12500,100056,0.6777
laserscan,12500,100056,0.6893
laserscan,12500,100056,0.8156
laserscan,12500,100056,0.6838
laserscan,12500,100056,0.8018
laserscan,12500,100056,0.7214
laserscan,12500,100056,0.6964
laserscan,12500,100056,0.9299
laserscan,12500,100056,0.6871
laserscan,12500,100056,0.7693
laserscan,12500,100056,0.7381
laserscan,12500,100056,0.8175
laserscan,12500,100056,0.8456
laserscan,12500,100056,0.8103
laserscan,12500,100056,0.8762
laserscan,12500,100056,0.7183
laserscan,12500,100056,0.6093
laserscan,12500,100056,0.6980
laserscan,12500,100056,0.6752
laserscan,12500,100056,0.7279
laserscan,12500,100056,0.7319
laserscan,12500,100056,0.6916
laserscan,12500,100056,0.6704
laserscan,12500,100056,0.7000
laserscan,12500,100056,0.7106
laserscan,12500,100056,0.6028
laserscan,12500,100056,0.7751
laserscan,12500,100056,0.7591
laserscan,12500,100056,0.6615
laserscan,12500,100056,0.7547
laserscan,12500,100056,0.7011
laserscan,12500,100056,0.6707
laserscan,12500,100056,0.8676
laserscan,12500,100056,0.7323
laserscan,12500,100056,0.6950
laserscan,12500,100056,0.7116
laserscan,12500,100056,0.6241
laserscan,12500,100056,0.6898
laserscan,12500,100056,0.6523
laserscan,12500,100056,0.7618
laserscan,12500,100056,0.6844
laserscan,12500,100056,0.9501
laserscan,12500,100056,0.7261
laserscan,12500,100056,0.8415
laserscan,12500,100056,0.6366
laserscan,12500,100056,0.7600
laserscan,12500,100056,0.7443
laserscan,12500,100056,0.6778
laserscan,12500,100056,0.6850
laserscan,12500,100056,0.7550
laserscan,12500,100056,0.7163
laserscan,12500,100056,0.6433
laserscan,12500,100056,0.7138
laserscan,12500,100056,0.7002
laserscan,12500,100056,0.7152
laserscan,12500,100056,0.6465
laserscan,12500,100056,0.6321
laserscan,12500,100056,0.7224
laserscan,12500,100056,0.7149
laserscan,12500,100056,0.7161
laserscan,12500,100056,0.7312
laserscan,12500,100056,0.8495
laserscan,12500,100056,0.6683
laserscan,12500,100056,0.8738
laserscan,12500,100056,0.8485
laserscan,12500,100056,0.7109
laserscan,12500,100056,0.6948
laserscan,12500,100056,0.8030
laserscan,12500,100056,0.8485
laserscan,12500,100056,0.7434
laserscan,12500,100056,0.8096
laserscan,12500,100056,0.8201
laserscan,12500,100056,0.8342
laserscan,12500,100056,0.8764
laserscan,12500,100056,0.8250
laserscan,12500,100056,0.8077
laserscan,12500,100056,0.6795
laserscan,12500,100056,0.6177
laserscan,12500,100056,0.7356
laserscan,12500,100056,0.7640
laserscan,12500,100056,0.7733
laserscan,12500,100056,0.7392
laserscan,12500,100056,0.7505
laserscan,12500,100056,0.8794
laserscan,12500,100056,0.7452
laserscan,12500,100056,0.7753
laserscan,12500,100056,0.7996
laserscan,12500,100056,0.7435
laserscan,12500,100056,0.7243
laserscan,12500,100056,0.6960
laserscan,12500,100056,0.8074
laserscan,12500,100056,0.7971
laserscan,12500,100056,0.8012
laserscan,12500,100056,0.8802
laserscan,12500,100056,0.7814
laserscan,12500,100056,0.8562
laserscan,12500,100056,0.7948
laserscan,12500,100056,0.7088
laserscan,12500,100056,0.7256
laserscan,12500,100056,0.8617
laserscan,12500,100056,1.0091
laserscan,12500,100056,0.8820
laserscan,12500,100056,0.7371
laserscan,12500,100056,0.7478
laserscan,12500,100056,0.7672
laserscan,12500,100056,0.7289
laserscan,12500,100056,0.7221
laserscan,12500,100056,0.8358
laserscan,12500,100056,0.7544
laserscan,12500,100056,0.8249
laserscan,12500,100056,0.8329
laserscan,12500,100056,0.7853
laserscan,12500,100056,0.8366
laserscan,12500,100056,0.7225
laserscan,12500,100056,1.0031
laserscan,12500,100056,0.7731
laserscan,12500,100056,0.7277
laserscan,12500,100056,0.7321
laserscan,12500,100056,0.6935
laserscan,12500,100056,1.0019
laserscan,12500,100056,0.9507
laserscan,12500,100056,0.8152
laserscan,12500,100056,0.6814
laserscan,12500,100056,0.6545
laserscan,12500,100056,0.7365
laserscan,12500,100056,0.8772
laserscan,12500,100056,0.9783
laserscan,12500,100056,0.8426
laserscan,12500,100056,0.8782
laserscan,12500,100056,0.6971
laserscan,12500,100056,0.7329
laserscan,12500,100056,0.8624
laserscan,12500,100056,0.7774
laserscan,12500,100056,0.6908
laserscan,12500,100056,0.5825
laserscan,12500,100056,0.7325
laserscan,12500,100056,0.6959
laserscan,12500,100056,0.8240
laserscan,12500,100056,0.6783
laserscan,12500,100056,0.7898
laserscan,12500,100056,0.6421
laserscan,12500,100056,0.7740
laserscan,12500,100056,0.6933
laserscan,12500,100056,0.6143
laserscan,12500,100056,0.7033
laserscan,12500,100056,0.7934
laserscan,12500,100056,0.6167
laserscan,12500,100056,0.6705
laserscan,12500,100056,0.6652
laserscan,12500,100056,0.8129
laserscan,12500,100056,0.7627
laserscan,12500,100056,0.8010
laserscan,12500,100056,0.7539
laserscan,12500,100056,0.6734
laserscan,12500,100056,0.8425
laserscan,12500,100056,0.6534
laserscan,12500,100056,0.6919
laserscan,12500,100056,0.7891
laserscan,12500,100056,0.7076
laserscan,12500,100056,0.6604
laserscan,12500,100056,0.8404
laserscan,12500,100056,0.6123
laserscan,12500,100056,0.7303
laserscan,12500,100056,0.6585
laserscan,12500,100056,0.7767
laserscan,12500,100056,0.6978
laserscan,12500,100056,0.6798
laserscan,12500,100056,0.6751
laserscan,12500,100056,0.7793
laserscan,12500,100056,0.7093
laserscan,12500,100056,0.6487
laserscan,12500,100056,0.5938
laserscan,12500,100056,0.6099
laserscan,12500,100056,0.6784
laserscan,12500,100056,0.7207
laserscan,12500,100056,0.7607
laserscan,12500,100056,0.7377
laserscan,12500,100056,0.6673
laserscan,12500,100056,0.8916
laserscan,12500,100056,0.8805
laserscan,12500,100056,0.7949
laserscan,12500,100056,0.5873
laserscan,12500,100056,0.7022
laserscan,12500,100056,0.6916
laserscan,12500,100056,0.6290
laserscan,12500,100056,0.6295
laserscan,12500,100056,0.6865
laserscan,12500,100056,0.7663
laserscan,12500,100056,0.7958
laserscan,12500,100056,0.8216
laserscan,12500,100056,0.7859
laserscan,12500,100056,0.7538
laserscan,12500,100056,0.6587
laserscan,12500,100056,0.7247
laserscan,12500,100056,0.6552
laserscan,12500,100056,0.7078
laserscan,12500,100056,0.7821
laserscan,12500,100056,0.6692
laserscan,12500,100056,0.8087
laserscan,12500,100056,0.7293
laserscan,12500,100056,0.6868
laserscan,12500,100056,0.6486
laserscan,12500,100056,0.6855
laserscan,12500,100056,0.7756
laserscan,12500,100056,0.6362
laserscan,12500,100056,0.6855
laserscan,12500,100056,0.6866
laserscan,12500,100056,0.8062
laserscan,12500,100056,0.7691
laserscan,12500,100056,0.6812
laserscan,12500,100056,0.6695
laserscan,12500,100056,0.7179
laserscan,12500,100056,1.1055
laserscan,12500,100056,0.6814
laserscan,12500,100056,0.6367
laserscan,12500,100056,0.7005
laserscan,12500,100056,0.7646
laserscan,12500,100056,0.6560
laserscan,12500,100056,0.6923
laserscan,12500,100056,0.7110
laserscan,12500,100056,0.7270
laserscan,12500,100056,0.6838
laserscan,12500,100056,0.7584
laserscan,12500,100056,0.6552
laserscan,12500,100056,0.6407
laserscan,12500,100056,0.7540
laserscan,12500,100056,0.6438
laserscan,12500,100056,0.6326
laserscan,12500,100056,0.6496
laserscan,12500,100056,0.8504
laserscan,12500,100056,0.7324
laserscan,12500,100056,0.7285
laserscan,12500,100056,0.6783
laserscan,12500,100056,0.8955
laserscan,12500,100056,0.6992
laserscan,12500,100056,0.7216
laserscan,12500,100056,0.6532
laserscan,12500,100056,0.6313
laserscan,12500,100056,0.8876
laserscan,12500,100056,0.7310
laserscan,12500,100056,0.7292
laserscan,12500,100056,0.8212
laserscan,12500,100056,0.7818
laserscan,12500,100056,0.8540
laserscan,12500,100056,0.7883
laserscan,12500,100056,0.7363
laserscan,12500,100056,0.7369
laserscan,12500,100056,0.8080
laserscan,12500,100056,0.7214
laserscan,12500,100056,0.7834
laserscan,12500,100056,0.7211
laserscan,12500,100056,0.7188
laserscan,12500,100056,0.7652
laserscan,12500,100056,0.5833
laserscan,12500,100056,0.7121
laserscan,12500,100056,0.7536
laserscan,12500,100056,0.7717
laserscan,12500,100056,0.8345
laserscan,12500,100056,0.7780
laserscan,12500,100056,0.8320
laserscan,12500,100056,0.7878
laserscan,12500,100056,0.8491
laserscan,12500,100056,0.6608
laserscan,12500,100056,0.6785
laserscan,12500,100056,0.7130
laserscan,12500,100056,0.6671
laserscan,12500,100056,0.6501
laserscan,12500,100056,0.7710
laserscan,62500,500056,1.6536
laserscan,62500,500056,1.5587
laserscan,62500,500056,1.6190
laserscan,62500,500056,1.7917
laserscan,62500,500056,1.6090
laserscan,62500,500056,1.5932
laserscan,62500,500056,1.7674
laserscan,62500,500056,1.6105
laserscan,62500,500056,1.7558
laserscan,62500,500056,1.5863
laserscan,62500,500056,1.5628
laserscan,62500,500056,1.7096
laserscan,62500,500056,1.6009
laserscan,62500,500056,1.8201
laserscan,62500,500056,1.5368
laserscan,62500,500056,1.6648
laserscan,62500,500056,1.5986
laserscan,62500,500056,1.5918
laserscan,62500,500056,1.6131
laserscan,62500,500056,1.5818
laserscan,62500,500056,1.6570
laserscan,62500,500056,1.6476
laserscan,62500,500056,1.4897
laserscan,62500,500056,1.4905
laserscan,62500,500056,1.5792
laserscan,62500,500056,1.6515
laserscan,62500,500056,1.5337
laserscan,62500,500056,1.5704
laserscan,62500,500056,1.6290
laserscan,62500,500056,1.5987
laserscan,62500,500056,1.6178
laserscan,62500,500056,1.9407
laserscan,62500,500056,1.5880
laserscan,62500,500056,1.5154
laserscan,62500,500056,1.5788
laserscan,62500,500056,1.5225
laserscan,62500,500056,1.5495
laserscan,62500,500056,2.0589
laserscan,62500,500056,0.9634
laserscan,62500,500056,0.9900
laserscan,62500,500056,1.4171
laserscan,62500,500056,1.9926
laserscan,62500,500056,1.7271
laserscan,62500,500056,1.7241
laserscan,62500,500056,1.6321
laserscan,62500,500056,1.7747
laserscan,62500,500056,2.0392
laserscan,62500,500056,1.8485
laserscan,62500,500056,1.7136
laserscan,62500,500056,1.5894
laserscan,62500,500056,1.7191
laserscan,62500,500056,2.3308
laserscan,62500,500056,1.6328
laserscan,62500,500056,1.5558
laserscan,62500,500056,1.4774
laserscan,62500,500056,1.6284
laserscan,62500,500056,1.6069
laserscan,62500,500056,1.6678
laserscan,62500,500056,1.2957
laserscan,62500,500056,1.6152
laserscan,62500,500056,1.6517
laserscan,62500,500056,1.5597
laserscan,62500,500056,1.5693
laserscan,62500,500056,1.6391
laserscan,62500,500056,1.6663
laserscan,62500,500056,1.4776
laserscan,62500,500056,1.4157
laserscan,62500,500056,1.3844
laserscan,62500,500056,1.3631
laserscan,62500,500056,1.6166
laserscan,62500,500056,1.3675
laserscan,62500,500056,1.6367
laserscan,62500,500056,1.6583
laserscan,62500,500056,1.3442
laserscan,62500,500056,1.4733
laserscan,62500,500056,1.5767
laserscan,62500,500056,1.5285
laserscan,62500,500056,1.6614
laserscan,62500,500056,1.2676
laserscan,62500,500056,1.8588
laserscan,62500,500056,1.4062
laserscan,62500,500056,1.7129
laserscan,62500,500056,1.3083
laserscan,62500,500056,1.2800
laserscan,62500,500056,1.8190
laserscan,62500,500056,1.3940
laserscan,62500,500056,1.4839
laserscan,62500,500056,1.6640
laserscan,62500,500056,1.0540
laserscan,62500,500056,1.8307
laserscan,62500,500056,1.4544
laserscan,62500,500056,1.8297
laserscan,62500,500056,1.6815
laserscan,62500,500056,1.8771
laserscan,62500,500056,1.4054
laserscan,62500,500056,1.3809
laserscan,62500,500056,1.4223
laserscan,62500,500056,1.4250
laserscan,62500,500056,1.5087
laserscan,62500,500056,1.3882
laserscan,62500,500056,1.3353
laserscan,62500,500056,1.4407
laserscan,62500,500056,1.4305
laserscan,62500,500056,1.3931
laserscan,62500,500056,1.3737
laserscan,62500,500056,1.4792
laserscan,62500,500056,1.3955
laserscan,62500,500056,1.4702
laserscan,62500,500056,1.6270
laserscan,62500,500056,1.4154
laserscan,62500,500056,1.3804
laserscan,62500,500056,1.4262
laserscan,62500,500056,1.5376
laserscan,62500,500056,1.3851
laserscan,62500,500056,1.4546
laserscan,62500,500056,1.3591
laserscan,62500,500056,1.3723
laserscan,62500,500056,1.3488
laserscan,62500,500056,1.3982
laserscan,62500,500056,1.3777
laserscan,62500,500056,1.3677
laserscan,62500,500056,1.4652
laserscan,62500,500056,1.4572
laserscan,62500,500056,1.7193
laserscan,62500,500056,1.4364
laserscan,62500,500056,0.9859
laserscan,62500,500056,1.1907
laserscan,62500,500056,1.5953
laserscan,62500,500056,1.5330
laserscan,62500,500056,1.5786
laserscan,62500,500056,1.3078
laserscan,62500,500056,1.0492
laserscan,62500,500056,1.2981
laserscan,62500,500056,1.3538
laserscan,62500,500056,1.3479
laserscan,62500,500056,1.6767
laserscan,62500,500056,1.1669
laserscan,62500,500056,1.3081
laserscan,62500,500056,1.4728
laserscan,62500,500056,1.5182
laserscan,62500,500056,1.5992
laserscan,62500,500056,1.5419
laserscan,62500,500056,1.4864
laserscan,62500,500056,1.5260
laserscan,62500,500056,1.6320
laserscan,62500,500056,1.6165
laserscan,62500,500056,1.6732
laserscan,62500,500056,1.5256
laserscan,62500,500056,2.8131
laserscan,62500,500056,1.4751
laserscan,62500,500056,1.5246
laserscan,62500,500056,1.6568
laserscan,62500,500056,1.6442
laserscan,62500,500056,1.5891
laserscan,62500,500056,1.2643
laserscan,62500,500056,1.4004
laserscan,62500,500056,1.4107
laserscan,62500,500056,1.5116
laserscan,62500,500056,1.8413
laserscan,62500,500056,1.3753
laserscan,62500,500056,1.4116
laserscan,62500,500056,1.3207
laserscan,62500,500056,1.5228
laserscan,62500,500056,1.5066
laserscan,62500,500056,1.9638
laserscan,62500,500056,1.3982
laserscan,62500,500056,1.3026
laserscan,62500,500056,1.3335
laserscan,62500,500056,1.3743
laserscan,62500,500056,1.3997
laserscan,62500,500056,1.6101
laserscan,62500,500056,1.4942
laserscan,62500,500056,1.2831
laserscan,62500,500056,1.3653
laserscan,62500,500056,1.4929
laserscan,62500,500056,1.7986
laserscan,62500,500056,1.4022
laserscan,62500,500056,1.3413
laserscan,62500,500056,1.4518
laserscan,62500,500056,1.6348
laserscan,62500,500056,1.4435
laserscan,62500,500056,1.5940
laserscan,62500,500056,1.8941
laserscan,62500,500056,1.8161
laserscan,62500,500056,1.7340
laserscan,62500,500056,1.6775
laserscan,62500,500056,1.6170
laserscan,62500,500056,1.6265
laserscan,62500,500056,1.7860
laserscan,62500,500056,1.6334
laserscan,62500,500056,1.6274
laserscan,62500,500056,1.6966
laserscan,62500,500056,1.5559
laserscan,62500,500056,1.7343
laserscan,62500,500056,1.7931
laserscan,62500,500056,1.6315
laserscan,62500,500056,1.6422
laserscan,62500,500056,1.5299
laserscan,62500,500056,1.5778
laserscan,62500,500056,1.5969
laserscan,62500,500056,1.6459
laserscan,62500,500056,1.7407
laserscan,62500,500056,1.6299
laserscan,62500,500056,1.6561
laserscan,62500,500056,1.5944
laserscan,62500,500056,1.5403
laserscan,62500,500056,1.7405
laserscan,62500,500056,1.7462
laserscan,62500,500056,1.7930
laserscan,62500,500056,1.8614
laserscan,62500,500056,1.8956
laserscan,62500,500056,1.7583
laserscan,62500,500056,1.4493
laserscan,62500,500056,1.3435
laserscan,62500,500056,1.5405
laserscan,62500,500056,1.4318
laserscan,62500,500056,1.3566
laserscan,62500,500056,1.3984
laserscan,62500,500056,1.4740
laserscan,62500,500056,1.3647
laserscan,62500,500056,1.2965
laserscan,62500,500056,1.3196
laserscan,62500,500056,1.6653
laserscan,62500,500056,1.5673
laserscan,62500,500056,1.3739
laserscan,62500,500056,1.3377
laserscan,62500,500056,1.2161
laserscan,62500,500056,1.5518
laserscan,62500,500056,1.4319
laserscan,62500,500056,1.5791
laserscan,62500,500056,1.4968
laserscan,62500,500056,1.3357
laserscan,62500,500056,1.8723
laserscan,62500,500056,1.5835
laserscan,62500,500056,1.5185
laserscan,62500,500056,1.6677
laserscan,62500,500056,1.5393
laserscan,62500,500056,1.5339
laserscan,62500,500056,1.6385
laserscan,62500,500056,1.4893
laserscan,62500,500056,1.5506
laserscan,62500,500056,1.5760
laserscan,62500,500056,1.5140
laserscan,62500,500056,1.6555
laserscan,62500,500056,1.4964
laserscan,62500,500056,1.4902
laserscan,62500,500056,1.4738
laserscan,62500,500056,1.5003
laserscan,62500,500056,1.6490
laserscan,62500,500056,1.5381
laserscan,62500,500056,1.5839
laserscan,62500,500056,1.6663
laserscan,62500,500056,1.6261
laserscan,62500,500056,1.5664
laserscan,62500,500056,1.5199
laserscan,62500,500056,1.5354
laserscan,62500,500056,1.5543
laserscan,62500,500056,1.6314
laserscan,62500,500056,1.5861
laserscan,62500,500056,1.5446
laserscan,62500,500056,1.5160
laserscan,62500,500056,1.7125
laserscan,62500,500056,1.4778
laserscan,62500,500056,1.5451
laserscan,62500,500056,1.5145
laserscan,62500,500056,1.5707
laserscan,62500,500056,1.5801
laserscan,62500,500056,1.5224
laserscan,62500,500056,1.4827
laserscan,62500,500056,1.5717
laserscan,62500,500056,1.4785
laserscan,62500,500056,1.5605
laserscan,62500,500056,1.5041
laserscan,62500,500056,1.5097
laserscan,62500,500056,1.5093
laserscan,62500,500056,1.5632
laserscan,62500,500056,1.6754
laserscan,62500,500056,1.5190
laserscan,62500,500056,1.6269
laserscan,62500,500056,1.5943
laserscan,62500,500056,1.5071
laserscan,62500,500056,1.6692
laserscan,62500,500056,1.5290
laserscan,62500,500056,1.4431
laserscan,62500,500056,1.5070
laserscan,62500,500056,1.6059
laserscan,62500,500056,1.7156
laserscan,62500,500056,1.6339
laserscan,62500,500056,1.8968
laserscan,62500,500056,1.6025
laserscan,62500,500056,1.6869
laserscan,62500,500056,1.6681
laserscan,62500,500056,102.3475
laserscan,62500,500056,2.1992
laserscan,62500,500056,1.5593
laserscan,62500,500056,1.5631
laserscan,62500,500056,1.5215
laserscan,62500,500056,1.5123
laserscan,62500,500056,1.6031
laserscan,62500,500056,1.6132
laserscan,62500,500056,1.6452
laserscan,62500,500056,1.6158
laserscan,62500,500056,1.5391
laserscan,62500,500056,1.5911
laserscan,62500,500056,1.6480
laserscan,62500,500056,1.5245
laserscan,62500,500056,1.4653
laserscan,62500,500056,1.5236
laserscan,62500,500056,1.6362
laserscan,62500,500056,1.5399
laserscan,62500,500056,1.5420
laserscan,62500,500056,1.5764
laserscan,62500,500056,1.5781
laserscan,62500,500056,1.6131
laserscan,62500,500056,1.5845
laserscan,62500,500056,1.5712
laserscan,62500,500056,1.5070
laserscan,62500,500056,1.6128
laserscan,62500,500056,1.5637
laserscan,62500,500056,1.5612
laserscan,62500,500056,1.5883
laserscan,62500,500056,1.6967
laserscan,62500,500056,1.5654
laserscan,62500,500056,1.5798
laserscan,62500,500056,1.4972
laserscan,62500,500056,1.6131
laserscan,62500,500056,1.5323
laserscan,62500,500056,1.7119
laserscan,62500,500056,1.7695
laserscan,62500,500056,1.5929
laserscan,62500,500056,1.5874
laserscan,62500,500056,1.7711
laserscan,62500,500056,1.6308
laserscan,62500,500056,1.7454
laserscan,62500,500056,1.7127
laserscan,62500,500056,1.8079
laserscan,62500,500056,1.6007
laserscan,62500,500056,1.8273
laserscan,62500,500056,1.7972
laserscan,62500,500056,1.6948
laserscan,62500,500056,1.5383
laserscan,62500,500056,1.6476
laserscan,62500,500056,1.5236
laserscan,62500,500056,1.7198
laserscan,62500,500056,1.5769
laserscan,62500,500056,1.5940
laserscan,62500,500056,1.6226
laserscan,62500,500056,1.8449
laserscan,62500,500056,1.6430
laserscan,62500,500056,1.6137
laserscan,62500,500056,1.6304
laserscan,62500,500056,1.5634
laserscan,62500,500056,1.6296
laserscan,62500,500056,1.5807
laserscan,62500,500056,1.6100
laserscan,62500,500056,1.4856
laserscan,62500,500056,1.5861
laserscan,62500,500056,1.5910
laserscan,62500,500056,1.5659
laserscan,62500,500056,1.5878
laserscan,62500,500056,1.6212
laserscan,62500,500056,1.8438
laserscan,62500,500056,1.5131
laserscan,62500,500056,1.6755
laserscan,62500,500056,1.6027
laserscan,62500,500056,1.5182
laserscan,62500,500056,1.5747
laserscan,62500,500056,1.5492
laserscan,62500,500056,1.6639
laserscan,62500,500056,1.6215
laserscan,62500,500056,1.3787
laserscan,62500,500056,1.5088
laserscan,62500,500056,1.5949
laserscan,62500,500056,1.5324
laserscan,62500,500056,1.6418
laserscan,62500,500056,1.4840
laserscan,62500,500056,1.6508
laserscan,62500,500056,1.5646
laserscan,62500,500056,1.7850
laserscan,62500,500056,1.5438
laserscan,62500,500056,1.5418
laserscan,62500,500056,1.6386
laserscan,62500,500056,1.4193
laserscan,62500,500056,1.6466
laserscan,62500,500056,1.5619
laserscan,62500,500056,1.5392
laserscan,62500,500056,1.6300
laserscan,62500,500056,1.4993
laserscan,62500,500056,1.6719
laserscan,62500,500056,1.6474
laserscan,62500,500056,1.6292
laserscan,62500,500056,1.5998
laserscan,62500,500056,0.8337
laserscan,62500,500056,1.5580
laserscan,62500,500056,1.7203
laserscan,62500,500056,1.4928
laserscan,62500,500056,1.5331
laserscan,62500,500056,1.5667
laserscan,62500,500056,1.7127
laserscan,62500,500056,1.5983
laserscan,62500,500056,1.5432
laserscan,62500,500056,1.7189
laserscan,62500,500056,1.6188
laserscan,62500,500056,1.7029
laserscan,62500,500056,1.6480
laserscan,62500,500056,1.6149
laserscan,62500,500056,1.6134
laserscan,62500,500056,1.5591
laserscan,62500,500056,1.6725
laserscan,62500,500056,1.6118
laserscan,62500,500056,1.5640
laserscan,62500,500056,1.6514
laserscan,62500,500056,1.6382
laserscan,62500,500056,1.6442
laserscan,62500,500056,1.4199
laserscan,62500,500056,1.7232
laserscan,62500,500056,1.6561
laserscan,62500,500056,1.6505
laserscan,62500,500056,1.7140
laserscan,62500,500056,1.7272
laserscan,62500,500056,1.7458
laserscan,62500,500056,1.6443
laserscan,62500,500056,1.5793
laserscan,62500,500056,1.5942
laserscan,62500,500056,1.5325
laserscan,62500,500056,1.5630
laserscan,62500,500056,1.6506
laserscan,62500,500056,1.6437
laserscan,62500,500056,1.7240
laserscan,62500,500056,1.5687
laserscan,62500,500056,1.9867
laserscan,62500,500056,1.6115
laserscan,62500,500056,1.8684
laserscan,62500,500056,1.8150
laserscan,62500,500056,1.7818
laserscan,62500,500056,1.6863
laserscan,62500,500056,1.8802
laserscan,62500,500056,1.6797
laserscan,62500,500056,1.8457
laserscan,62500,500056,1.7428
laserscan,62500,500056,2.3564
laserscan,62500,500056,1.4739
laserscan,62500,500056,2.5024
laserscan,62500,500056,1.7005
laserscan,62500,500056,1.6613
laserscan,62500,500056,1.6539
laserscan,62500,500056,1.7638
laserscan,62500,500056,1.5138
laserscan,62500,500056,1.7281
laserscan,62500,500056,1.7130
laserscan,62500,500056,1.5758
laserscan,62500,500056,1.6042
laserscan,62500,500056,1.6666
laserscan,62500,500056,1.5560
laserscan,62500,500056,1.6430
laserscan,62500,500056,1.5781
laserscan,62500,500056,1.5809
laserscan,62500,500056,1.7252
laserscan,62500,500056,1.5790
laserscan,62500,500056,1.5932
laserscan,62500,500056,1.7583
laserscan,62500,500056,1.6350
laserscan,62500,500056,1.6206
laserscan,62500,500056,1.5980
laserscan,62500,500056,1.6414
laserscan,62500,500056,1.6067
laserscan,62500,500056,1.9242
laserscan,62500,500056,1.6346
laserscan,62500,500056,1.6318
laserscan,62500,500056,1.6638
laserscan,62500,500056,1.6599
laserscan,62500,500056,1.5639
laserscan,62500,500056,1.6554
laserscan,62500,500056,1.6594
laserscan,62500,500056,1.7014
laserscan,62500,500056,1.6214
laserscan,62500,500056,1.6108
laserscan,62500,500056,1.5686
laserscan,62500,500056,1.7033
laserscan,62500,500056,1.4918
laserscan,62500,500056,1.8499
laserscan,62500,500056,1.7477
laserscan,62500,500056,1.8002
laserscan,62500,500056,1.7387
laserscan,62500,500056,1.7522
laserscan,62500,500056,1.7756
laserscan,62500,500056,1.6915
laserscan,62500,500056,1.7363
laserscan,62500,500056,1.5857
laserscan,62500,500056,1.6071
laserscan,62500,500056,1.6179
laserscan,62500,500056,1.6243
laserscan,62500,500056,1.5744
laserscan,62500,500056,1.6364
laserscan,62500,500056,1.5588
laserscan,62500,500056,1.5666
laserscan,62500,500056,1.5255
laserscan,62500,500056,1.6407
laserscan,62500,500056,1.6110
laserscan,62500,500056,1.6543
laserscan,62500,500056,1.5404
laserscan,62500,500056,1.7001
laserscan,62500,500056,1.6094
laserscan,62500,500056,1.6353
laserscan,62500,500056,1.5562
laserscan,62500,500056,1.6474
laserscan,62500,500056,1.5802
laserscan,62500,500056,1.5492
laserscan,62500,500056,1.5928
laserscan,62500,500056,1.4289
laserscan,62500,500056,1.5678
laserscan,62500,500056,1.5738
laserscan,62500,500056,1.6030
laserscan,62500,500056,1.6439
laserscan,62500,500056,1.6321
laserscan,62500,500056,1.6035
laserscan,62500,500056,1.5521
laserscan,62500,500056,1.5933
laserscan,62500,500056,1.6094
laserscan,62500,500056,1.4966
laserscan,62500,500056,1.6206
laserscan,62500,500056,1.6793
laserscan,62500,500056,1.7300
laserscan,62500,500056,1.6505
laserscan,62500,500056,1.5479
laserscan,62500,500056,1.5412
laserscan,62500,500056,1.5488
laserscan,62500,500056,1.6390
laserscan,62500,500056,1.5653
laserscan,62500,500056,1.5612
laserscan,62500,500056,1.5886
laserscan,62500,500056,1.5973
laserscan,62500,500056,1.5312
laserscan,62500,500056,1.6873
laserscan,62500,500056,1.6147
laserscan,62500,500056,1.6757
laserscan,62500,500056,1.5763
laserscan,62500,500056,1.5652
laserscan,62500,500056,1.5119
laserscan,125000,1000056,2.9094
laserscan,125000,1000056,2.8307
laserscan,125000,1000056,4.0728
laserscan,125000,1000056,3.2863
laserscan,125000,1000056,4.1954
laserscan,125000,1000056,2.8431
laserscan,125000,1000056,3.0651
laserscan,125000,1000056,2.7832
laserscan,125000,1000056,2.7931
laserscan,125000,1000056,2.7250
laserscan,125000,1000056,2.7686
laserscan,125000,1000056,2.6129
laserscan,125000,1000056,4.2107
laserscan,125000,1000056,3.6485
laserscan,125000,1000056,4.2489
laserscan,125000,1000056,2.8421
laserscan,125000,1000056,3.6426
laserscan,125000,1000056,2.9654
laserscan,125000,1000056,2.7183
laserscan,125000,1000056,2.8200
laserscan,125000,1000056,2.7434
laserscan,125000,1000056,2.7506
laserscan,125000,1000056,104.9920
laserscan,125000,1000056,106.7611
laserscan,125000,1000056,8.3895
laserscan,125000,1000056,3.4895
laserscan,125000,1000056,4.5982
laserscan,125000,1000056,2.9980
laserscan,125000,1000056,2.9595
laserscan,125000,1000056,2.8418
laserscan,125000,1000056,4.5312
laserscan,125000,1000056,4.1030
laserscan,125000,1000056,3.4212
laserscan,125000,1000056,102.9993
laserscan,125000,1000056,3.3005
laserscan,125000,1000056,2.9223
laserscan,125000,1000056,2.7029
laserscan,125000,1000056,2.6658
laserscan,125000,1000056,2.7795
laserscan,125000,1000056,2.6706
laserscan,125000,1000056,4.2302
laserscan,125000,1000056,3.2109
laserscan,125000,1000056,4.2074
laserscan,125000,1000056,3.8226
laserscan,125000,1000056,2.4615
laserscan,125000,1000056,2.6244
laserscan,125000,1000056,3.0355
laserscan,125000,1000056,2.7652
laserscan,125000,1000056,2.7736
laserscan,125000,1000056,4.3859
laserscan,125000,1000056,4.2207
laserscan,125000,1000056,4.2563
laserscan,125000,1000056,4.0976
laserscan,125000,1000056,2.7362
laserscan,125000,1000056,3.1683
laserscan,125000,1000056,3.0664
laserscan,125000,1000056,3.0889
laserscan,125000,1000056,3.0790
laserscan,125000,1000056,4.4677
laserscan,125000,1000056,3.7339
laserscan,125000,1000056,4.6504
laserscan,125000,1000056,3.5161
laserscan,125000,1000056,3.0495
laserscan,125000,1000056,2.9872
laserscan,125000,1000056,2.5085
laserscan,125000,1000056,2.6894
laserscan,125000,1000056,2.9317
laserscan,125000,1000056,2.6817
laserscan,125000,1000056,4.2934
laserscan,125000,1000056,3.1495
laserscan,125000,1000056,4.2276
laserscan,125000,1000056,3.9875
laserscan,125000,1000056,2.6971
laserscan,125000,1000056,2.7115
laserscan,125000,1000056,2.5312
laserscan,125000,1000056,2.6788
laserscan,125000,1000056,2.6599
laserscan,125000,1000056,4.0815
laserscan,125000,1000056,3.3156
laserscan,125000,1000056,4.2688
laserscan,125000,1000056,3.8188
laserscan,125000,1000056,2.8121
laserscan,125000,1000056,2.9326
laserscan,125000,1000056,2.9127
laserscan,125000,1000056,2.7064
laserscan,125000,1000056,2.7039
laserscan,125000,1000056,2.5040
laserscan,125000,1000056,4.3170
laserscan,125000,1000056,3.2975
laserscan,125000,1000056,4.2064
laserscan,125000,1000056,2.9402
laserscan,125000,1000056,2.3751
laserscan,125000,1000056,2.6341
laserscan,125000,1000056,2.9358
laserscan,125000,1000056,2.7957
laserscan,125000,1000056,2.8135
laserscan,125000,1000056,4.4594
laserscan,125000,1000056,3.6181
laserscan,125000,1000056,4.3578
laserscan,125000,1000056,2.9701
laserscan,125000,1000056,3.2043
laserscan,125000,1000056,2.7163
laserscan,125000,1000056,2.6819
laserscan,125000,1000056,2.6652
laserscan,125000,1000056,2.6705
laserscan,125000,1000056,2.7618
laserscan,125000,1000056,4.4556
laserscan,125000,1000056,3.5216
laserscan,125000,1000056,4.3017
laserscan,125000,1000056,102.8907
laserscan,125000,1000056,2.5823
laserscan,125000,1000056,2.6834
laserscan,125000,1000056,2.6674
laserscan,125000,1000056,2.6354
laserscan,125000,1000056,3.0757
laserscan,125000,1000056,4.3643
laserscan,125000,1000056,3.6030
laserscan,125000,1000056,4.4587
laserscan,125000,1000056,3.3540
laserscan,125000,1000056,2.7453
laserscan,125000,1000056,2.7990
laserscan,125000,1000056,3.0192
laserscan,125000,1000056,2.7345
laserscan,125000,1000056,2.8106
laserscan,125000,1000056,2.8015
laserscan,125000,1000056,4.2084
laserscan,125000,1000056,3.5756
laserscan,125000,1000056,4.2265
laserscan,125000,1000056,3.3365
laserscan,125000,1000056,2.9154
laserscan,125000,1000056,2.9563
laserscan,125000,1000056,3.0376
laserscan,125000,1000056,2.9238
laserscan,125000,1000056,2.7715
laserscan,125000,1000056,2.7557
laserscan,125000,1000056,4.2990
laserscan,125000,1000056,3.7120
laserscan,125000,1000056,4.2758
laserscan,125000,1000056,4.0964
laserscan,125000,1000056,3.0518
laserscan,125000,1000056,2.7714
laserscan,125000,1000056,2.5596
laserscan,125000,1000056,2.7006
laserscan,125000,1000056,2.9131
laserscan,125000,1000056,4.2664
laserscan,125000,1000056,3.7826
laserscan,125000,1000056,4.6391
laserscan,125000,1000056,3.3928
laserscan,125000,1000056,2.8951
laserscan,125000,1000056,2.7558
laserscan,125000,1000056,2.6721
laserscan,125000,1000056,2.6642
laserscan,125000,1000056,3.0064
laserscan,125000,1000056,2.7260
laserscan,125000,1000056,4.1575
laserscan,125000,1000056,3.5891
laserscan,125000,1000056,4.1323
laserscan,125000,1000056,4.9618
laserscan,125000,1000056,2.7283
laserscan,125000,1000056,2.6996
laserscan,125000,1000056,2.9858
laserscan,125000,1000056,3.2653
laserscan,125000,1000056,2.9801
laserscan,125000,1000056,4.2126
laserscan,125000,1000056,3.3491
laserscan,125000,1000056,4.1538
laserscan,125000,1000056,3.0627
laserscan,125000,1000056,2.9699
laserscan,125000,1000056,2.7535
laserscan,125000,1000056,2.1803
laserscan,125000,1000056,2.7140
laserscan,125000,1000056,3.1459
laserscan,125000,1000056,4.3299
laserscan,125000,1000056,3.7316
laserscan,125000,1000056,4.4998
laserscan,125000,1000056,102.1854
laserscan,125000,1000056,3.1653
laserscan,125000,1000056,3.3427
laserscan,125000,1000056,3.1659
laserscan,125000,1000056,3.1533
laserscan,125000,1000056,2.9327
laserscan,125000,1000056,2.4544
laserscan,125000,1000056,4.2132
laserscan,125000,1000056,3.7377
laserscan,125000,1000056,4.5114
laserscan,125000,1000056,3.5647
laserscan,125000,1000056,2.8464
laserscan,125000,1000056,2.7919
laserscan,125000,1000056,2.8307
laserscan,125000,1000056,2.8790
laserscan,125000,1000056,3.4382
laserscan,125000,1000056,4.4722
laserscan,125000,1000056,3.2856
laserscan,125000,1000056,4.1577
laserscan,125000,1000056,3.3025
laserscan,125000,1000056,3.3401
laserscan,125000,1000056,2.8839
laserscan,125000,1000056,2.8490
laserscan,125000,1000056,2.9914
laserscan,125000,1000056,2.7668
laserscan,125000,1000056,2.9483
laserscan,125000,1000056,4.4259
laserscan,125000,1000056,3.6739
laserscan,125000,1000056,4.7658
laserscan,125000,1000056,4.0439
laserscan,125000,1000056,2.7230
laserscan,125000,1000056,2.9914
laserscan,125000,1000056,2.8110
laserscan,125000,1000056,2.9844
laserscan,125000,1000056,3.1792
laserscan,125000,1000056,4.4953
laserscan,125000,1000056,4.1028
laserscan,125000,1000056,4.3401
laserscan,125000,1000056,2.8943
laserscan,125000,1000056,3.0679
laserscan,125000,1000056,3.0105
laserscan,125000,1000056,3.1043
laserscan,125000,1000056,3.1043
laserscan,125000,1000056,2.7720
laserscan,125000,1000056,2.8041
laserscan,125000,1000056,4.3825
laserscan,125000,1000056,3.4794
laserscan,125000,1000056,4.3342
laserscan,125000,1000056,3.3550
laserscan,125000,1000056,2.5572
laserscan,125000,1000056,2.6986
laserscan,125000,1000056,2.9730
laserscan,125000,1000056,2.7994
laserscan,125000,1000056,3.0971
laserscan,125000,1000056,2.8908
laserscan,125000,1000056,4.5339
laserscan,125000,1000056,3.0399
laserscan,125000,1000056,4.5845
laserscan,125000,1000056,3.4970
laserscan,125000,1000056,2.7912
laserscan,125000,1000056,2.7372
laserscan,125000,1000056,2.2805
laserscan,125000,1000056,2.6584
laserscan,125000,1000056,2.9828
laserscan,125000,1000056,4.3281
laserscan,125000,1000056,3.4217
laserscan,125000,1000056,4.9280
laserscan,125000,1000056,102.2081
laserscan,125000,1000056,4.3335
laserscan,125000,1000056,3.1999
laserscan,125000,1000056,3.6676
laserscan,125000,1000056,2.9396
laserscan,125000,1000056,3.4479
laserscan,125000,1000056,2.6717
laserscan,125000,1000056,4.4201
laserscan,125000,1000056,3.5223
laserscan,125000,1000056,4.0466
laserscan,125000,1000056,3.8115
laserscan,125000,1000056,2.7275
laserscan,125000,1000056,3.4170
laserscan,125000,1000056,3.1225
laserscan,125000,1000056,3.6960
laserscan,125000,1000056,2.8722
laserscan,125000,1000056,2.8317
laserscan,125000,1000056,3.4721
laserscan,125000,1000056,4.2800
laserscan,125000,1000056,2.8047
laserscan,125000,1000056,2.7701
laserscan,125000,1000056,3.5996
laserscan,125000,1000056,3.6566
laserscan,125000,1000056,2.8622
laserscan,125000,1000056,3.0823
laserscan,125000,1000056,2.7043
laserscan,125000,1000056,3.3833
laserscan,125000,1000056,3.5420
laserscan,125000,1000056,4.3671
laserscan,125000,1000056,2.7942
laserscan,125000,1000056,2.7029
laserscan,125000,1000056,2.7304
laserscan,125000,1000056,2.9541
laserscan,125000,1000056,2.7682
laserscan,125000,1000056,2.8554
laserscan,125000,1000056,4.4409
laserscan,125000,1000056,2.7334
laserscan,125000,1000056,4.3998
laserscan,125000,1000056,3.8297
laserscan,125000,1000056,2.8840
laserscan,125000,1000056,2.9269
laserscan,125000,1000056,2.8421
laserscan,125000,1000056,2.6928
laserscan,125000,1000056,2.6892
laserscan,125000,1000056,2.3394
laserscan,125000,1000056,4.0501
laserscan,125000,1000056,3.1582
laserscan,125000,1000056,4.4130
laserscan,125000,1000056,3.9389
laserscan,125000,1000056,2.7198
laserscan,125000,1000056,2.7756
laserscan,125000,1000056,2.7654
laserscan,125000,1000056,3.0059
laserscan,125000,1000056,2.8067
laserscan,125000,1000056,4.2350
laserscan,125000,1000056,3.3021
laserscan,125000,1000056,4.0768
laserscan,125000,1000056,2.9216
laserscan,125000,1000056,2.9785
laserscan,125000,1000056,2.5048
laserscan,125000,1000056,2.6700
laserscan,125000,1000056,2.7552
laserscan,125000,1000056,3.2559
laserscan,125000,1000056,2.7372
laserscan,125000,1000056,4.8523
laserscan,125000,1000056,3.3722
laserscan,125000,1000056,4.8541
laserscan,125000,1000056,3.7926
laserscan,125000,1000056,2.9767
laserscan,125000,1000056,2.8054
laserscan,125000,1000056,2.7747
laserscan,125000,1000056,2.7322
laserscan,125000,1000056,2.9286
laserscan,125000,1000056,4.1020
laserscan,125000,1000056,3.0881
laserscan,125000,1000056,4.1617
laserscan,125000,1000056,2.8371
laserscan,125000,1000056,2.8932
laserscan,125000,1000056,2.8313
laserscan,125000,1000056,3.1058
laserscan,125000,1000056,2.7590
laserscan,125000,1000056,2.7616
laserscan,125000,1000056,2.9086
laserscan,125000,1000056,4.4122
laserscan,125000,1000056,3.4675
laserscan,125000,1000056,4.2236
laserscan,125000,1000056,2.9490
laserscan,125000,1000056,2.9851
laserscan,125000,1000056,3.0267
laserscan,125000,1000056,2.8605
laserscan,125000,1000056,2.9907
laserscan,125000,1000056,2.8295
laserscan,125000,1000056,4.3618
laserscan,125000,1000056,3.7593
laserscan,125000,1000056,3.9661
laserscan,125000,1000056,4.0415
laserscan,125000,1000056,2.9884
laserscan,125000,1000056,2.8851
laserscan,125000,1000056,3.0573
laserscan,125000,1000056,2.8148
laserscan,125000,1000056,2.9037
laserscan,125000,1000056,7.9661
laserscan,125000,1000056,3.5368
laserscan,125000,1000056,5.8687
laserscan,125000,1000056,3.8113
laserscan,125000,1000056,2.8881
laserscan,125000,1000056,2.8119
laserscan,125000,1000056,2.9847
laserscan,125000,1000056,2.8346
laserscan,125000,1000056,2.8329
laserscan,125000,1000056,4.3131
laserscan,125000,1000056,3.5412
laserscan,125000,1000056,4.1295
laserscan,125000,1000056,4.0033
laserscan,125000,1000056,2.4213
laserscan,125000,1000056,2.8835
laserscan,125000,1000056,2.6949
laserscan,125000,1000056,2.7144
laserscan,125000,1000056,2.7857
laserscan,125000,1000056,2.7176
laserscan,125000,1000056,4.1223
laserscan,125000,1000056,3.3498
laserscan,125000,1000056,4.0461
laserscan,125000,1000056,102.9069
laserscan,125000,1000056,2.4864
laserscan,125000,1000056,2.7022
laserscan,125000,1000056,2.7183
laserscan,125000,1000056,3.0285
laserscan,125000,1000056,2.8032
laserscan,125000,1000056,4.7254
laserscan,125000,1000056,4.1885
laserscan,125000,1000056,4.7295
laserscan,125000,1000056,4.3074
laserscan,125000,1000056,2.7913
laserscan,125000,1000056,2.8383
laserscan,125000,1000056,2.7814
laserscan,125000,1000056,2.7611
laserscan,125000,1000056,2.8364
laserscan,125000,1000056,4.1025
laserscan,125000,1000056,3.5894
laserscan,125000,1000056,4.1533
laserscan,125000,1000056,2.4147
laserscan,125000,1000056,2.6990
laserscan,125000,1000056,2.7928
laserscan,125000,1000056,3.0065
laserscan,125000,1000056,2.8226
laserscan,125000,1000056,2.7896
laserscan,125000,1000056,3.4584
laserscan,125000,1000056,5.0187
laserscan,125000,1000056,3.4872
laserscan,125000,1000056,4.1201
laserscan,125000,1000056,2.8393
laserscan,125000,1000056,2.9119
laserscan,125000,1000056,2.9438
laserscan,125000,1000056,2.8161
laserscan,125000,1000056,2.9518
laserscan,125000,1000056,2.8190
laserscan,125000,1000056,2.8797
laserscan,125000,1000056,4.3000
laserscan,125000,1000056,3.7654
laserscan,125000,1000056,4.1901
laserscan,125000,1000056,2.8514
laserscan,125000,1000056,2.8761
laserscan,125000,1000056,2.5001
laserscan,125000,1000056,2.7003
laserscan,125000,1000056,2.9376
laserscan,125000,1000056,2.6586
laserscan,125000,1000056,4.7187
laserscan,125000,1000056,3.6518
laserscan,125000,1000056,4.3084
laserscan,125000,1000056,102.6109
laserscan,125000,1000056,2.6082
laserscan,125000,1000056,2.6943
laserscan,125000,1000056,3.1934
laserscan,125000,1000056,2.7635
laserscan,125000,1000056,2.8059
laserscan,125000,1000056,2.9580
laserscan,125000,1000056,4.2277
laserscan,125000,1000056,4.3312
laserscan,125000,1000056,5.0230
laserscan,125000,1000056,3.5844
laserscan,125000,1000056,3.3280
laserscan,125000,1000056,3.2661
laserscan,125000,1000056,3.2752
laserscan,125000,1000056,3.2143
laserscan,125000,1000056,3.4130
laserscan,125000,1000056,4.6624
laserscan,125000,1000056,4.2559
laserscan,125000,1000056,4.7599
laserscan,125000,1000056,3.5648
laserscan,125000,1000056,2.7939
laserscan,125000,1000056,2.7883
laserscan,125000,1000056,2.8146
laserscan,125000,1000056,2.9407
laserscan,125000,1000056,2.9021
laserscan,125000,1000056,2.9607
laserscan,125000,1000056,4.2967
laserscan,125000,1000056,3.8279
laserscan,125000,1000056,4.3219
laserscan,125000,1000056,3.7717
laserscan,125000,1000056,2.7277
laserscan,125000,1000056,2.8197
laserscan,125000,1000056,3.0256
laserscan,125000,1000056,2.9924
laserscan,125000,1000056,3.6411
laserscan,125000,1000056,4.7198
laserscan,125000,1000056,3.9854
laserscan,125000,1000056,4.7248
laserscan,125000,1000056,2.8791
laserscan,125000,1000056,3.0271
laserscan,125000,1000056,2.6301
laserscan,125000,1000056,2.8068
laserscan,125000,1000056,2.9446
laserscan,125000,1000056,2.8135
laserscan,125000,1000056,2.8150
laserscan,125000,1000056,4.4933
laserscan,125000,1000056,3.5853
laserscan,125000,1000056,4.3237
laserscan,125000,1000056,3.6367
laserscan,125000,1000056,2.8995
laserscan,125000,1000056,2.7732
laserscan,125000,1000056,2.9586
laserscan,125000,1000056,2.7649
laserscan,125000,1000056,2.9425
laserscan,125000,1000056,4.3403
laserscan,125000,1000056,3.4895
laserscan,125000,1000056,4.0310
laserscan,125000,1000056,2.9208
laserscan,125000,1000056,2.9189
laserscan,125000,1000056,2.9769
laserscan,125000,1000056,2.9771
laserscan,125000,1000056,3.0006
laserscan,125000,1000056,2.9767
laserscan,125000,1000056,2.7673
laserscan,125000,1000056,3.9058
laserscan,125000,1000056,3.4596
laserscan,125000,1000056,4.0344
laserscan,125000,1000056,3.8302
laserscan,125000,1000056,2.9081
laserscan,125000,1000056,2.7793
laserscan,125000,1000056,2.7340
laserscan,125000,1000056,2.7973
laserscan,125000,1000056,2.7728
laserscan,125000,1000056,4.1098
laserscan,125000,1000056,3.6258
laserscan,125000,1000056,4.4286
laserscan,125000,1000056,103.7036
laserscan,125000,1000056,3.1548
laserscan,125000,1000056,2.6248
laserscan,125000,1000056,2.4993
laserscan,125000,1000056,2.6570
laserscan,125000,1000056,2.6733
laserscan,125000,1000056,2.7324
laserscan,125000,1000056,4.1030
laserscan,125000,1000056,3.5285
laserscan,125000,1000056,4.1531
laserscan,125000,1000056,2.8443
laserscan,125000,1000056,2.7245
laserscan,125000,1000056,2.5102
laserscan,125000,1000056,2.8680
laserscan,125000,1000056,2.9875
laserscan,125000,1000056,2.6973
laserscan,125000,1000056,4.3025
laserscan,125000,1000056,3.3304
laserscan,125000,1000056,4.2227
laserscan,125000,1000056,3.1490
laserscan,125000,1000056,2.9006
laserscan,125000,1000056,3.0298
laserscan,125000,1000056,2.7528
laserscan,125000,1000056,3.0119
laserscan,125000,1000056,2.7559
laserscan,125000,1000056,2.7983
laserscan,125000,1000056,4.1374
laserscan,125000,1000056,3.2926
laserscan,125000,1000056,4.5452
laserscan,125000,1000056,3.1642
laserscan,125000,1000056,2.7379
laserscan,125000,1000056,2.7841
laserscan,125000,1000056,2.7388
laserscan,125000,1000056,2.4923
laserscan,125000,1000056,2.4345
laserscan,125000,1000056,4.9098
laserscan,125000,1000056,4.4556
laserscan,125000,1000056,4.9288
laserscan,125000,1000056,3.6478
laserscan,125000,1000056,3.6065
laserscan,125000,1000056,3.6076
laserscan,125000,1000056,2.7866
laserscan,125000,1000056,3.6699
laserscan,125000,1000056,3.7277
laserscan,125000,1000056,2.7143
laserscan,125000,1000056,4.4637
laserscan,125000,1000056,3.3969
laserscan,125000,1000056,4.2871
laserscan,125000,1000056,105.6070
laserscan,125000,1000056,4.9246
laserscan,125000,1000056,3.1807
laserscan,625000,5000056,14.0310
laserscan,625000,5000056,13.1815
laserscan,625000,5000056,14.8249
laserscan,625000,5000056,13.0487
laserscan,625000,5000056,12.4037
laserscan,625000,5000056,11.8724
laserscan,625000,5000056,11.8837
laserscan,625000,5000056,12.2183
laserscan,625000,5000056,13.9058
laserscan,625000,5000056,12.9808
laserscan,625000,5000056,13.4447
laserscan,625000,5000056,12.3492
laserscan,625000,5000056,11.8069
laserscan,625000,5000056,12.0034
laserscan,625000,5000056,12.6545
laserscan,625000,5000056,13.9455
laserscan,625000,5000056,13.7150
laserscan,625000,5000056,13.8649
laserscan,625000,5000056,13.8392
laserscan,625000,5000056,13.6097
laserscan,625000,5000056,12.5745
laserscan,625000,5000056,12.3209
laserscan,625000,5000056,12.7601
laserscan,625000,5000056,13.0200
laserscan,625000,5000056,13.2260
laserscan,625000,5000056,14.2962
laserscan,625000,5000056,13.9605
laserscan,625000,5000056,12.8397
laserscan,625000,5000056,12.4672
laserscan,625000,5000056,12.4159
laserscan,625000,5000056,13.7468
laserscan,625000,5000056,13.8793
laserscan,625000,5000056,13.1899
laserscan,625000,5000056,13.0286
laserscan,625000,5000056,11.4475
laserscan,625000,5000056,12.0415
laserscan,625000,5000056,12.4195
laserscan,625000,5000056,14.2269
laserscan,625000,5000056,14.1535
laserscan,625000,5000056,13.6624
laserscan,625000,5000056,12.6300
laserscan,625000,5000056,12.1155
laserscan,625000,5000056,12.3727
laserscan,625000,5000056,13.6395
laserscan,625000,5000056,12.1498
laserscan,625000,5000056,13.1567
laserscan,625000,5000056,13.7743
laserscan,625000,5000056,13.6793
laserscan,625000,5000056,11.8489
laserscan,625000,5000056,12.4904
laserscan,625000,5000056,12.7085
laserscan,625000,5000056,13.7865
laserscan,625000,5000056,14.3597
laserscan,625000,5000056,14.9227
laserscan,625000,5000056,14.2096
laserscan,625000,5000056,13.6408
laserscan,625000,5000056,10.8848
laserscan,625000,5000056,13.0749
laserscan,625000,5000056,12.9652
laserscan,625000,5000056,13.7268
laserscan,625000,5000056,13.6358
laserscan,625000,5000056,13.1591
laserscan,625000,5000056,12.6310
laserscan,625000,5000056,12.6467
laserscan,625000,5000056,12.9327
laserscan,625000,5000056,13.4231
laserscan,625000,5000056,12.5267
laserscan,625000,5000056,14.8307
laserscan,625000,5000056,12.9506
laserscan,625000,5000056,12.4610
laserscan,625000,5000056,12.4341
laserscan,625000,5000056,13.8694
laserscan,625000,5000056,14.4234
laserscan,625000,5000056,10.8438
laserscan,625000,5000056,12.3130
laserscan,625000,5000056,13.3825
laserscan,625000,5000056,14.2089
laserscan,625000,5000056,13.6666
laserscan,625000,5000056,13.3915
laserscan,625000,5000056,12.3781
laserscan,625000,5000056,12.3617
laserscan,625000,5000056,13.0090
laserscan,625000,5000056,13.1135
laserscan,625000,5000056,13.7032
laserscan,625000,5000056,14.1807
laserscan,625000,5000056,12.2610
laserscan,625000,5000056,12.6655
laserscan,625000,5000056,12.8999
laserscan,625000,5000056,13.7014
laserscan,625000,5000056,14.9022
laserscan,625000,5000056,13.1250
laserscan,625000,5000056,12.3209
laserscan,625000,5000056,13.7454
laserscan,625000,5000056,12.5631
laserscan,625000,5000056,12.6353
laserscan,625000,5000056,13.0688
laserscan,625000,5000056,13.7695
laserscan,625000,5000056,13.7785
laserscan,625000,5000056,13.2917
laserscan,625000,5000056,12.3500
laserscan,625000,5000056,12.0463
laserscan,625000,5000056,13.8767
laserscan,625000,5000056,13.0051
laserscan,625000,5000056,13.2607
laserscan,625000,5000056,12.2754
laserscan,625000,5000056,11.9190
laserscan,625000,5000056,13.0041
laserscan,625000,5000056,13.1436
laserscan,625000,5000056,14.1618
laserscan,625000,5000056,13.6194
laserscan,625000,5000056,13.9118
laserscan,625000,5000056,12.3200
laserscan,625000,5000056,12.0192
laserscan,625000,5000056,14.2060
laserscan,625000,5000056,14.9354
laserscan,625000,5000056,13.3051
laserscan,625000,5000056,13.6210
laserscan,625000,5000056,13.5480
laserscan,625000,5000056,12.3713
laserscan,625000,5000056,11.9495
laserscan,625000,5000056,13.2216
laserscan,625000,5000056,13.9084
laserscan,625000,5000056,13.1308
laserscan,625000,5000056,12.7147
laserscan,625000,5000056,13.9351
laserscan,625000,5000056,12.2591
laserscan,625000,5000056,12.1929
laserscan,625000,5000056,12.9401
laserscan,625000,5000056,13.1034
laserscan,625000,5000056,13.4942
laserscan,625000,5000056,13.7182
laserscan,625000,5000056,12.9031
laserscan,625000,5000056,12.2796
laserscan,625000,5000056,10.5756
laserscan,625000,5000056,12.8409
laserscan,625000,5000056,13.4935
laserscan,625000,5000056,13.5246
laserscan,625000,5000056,14.6101
laserscan,625000,5000056,14.1387
laserscan,625000,5000056,12.3328
laserscan,625000,5000056,12.2025
laserscan,625000,5000056,14.6822
laserscan,625000,5000056,13.2297
laserscan,625000,5000056,13.5472
laserscan,625000,5000056,13.8296
laserscan,625000,5000056,10.9163
laserscan,625000,5000056,12.9962
laserscan,625000,5000056,14.1387
laserscan,625000,5000056,14.6696
laserscan,625000,5000056,14.2253
laserscan,625000,5000056,13.1221
laserscan,625000,5000056,13.5017
laserscan,625000,5000056,13.8761
laserscan,625000,5000056,14.3533
laserscan,625000,5000056,14.7514
laserscan,625000,5000056,12.3670
laserscan,625000,5000056,13.2204
laserscan,625000,5000056,12.5451
laserscan,625000,5000056,13.6048
laserscan,625000,5000056,14.2081
laserscan,625000,5000056,12.2346
laserscan,625000,5000056,13.5636
laserscan,625000,5000056,13.6385
laserscan,625000,5000056,12.7684
laserscan,625000,5000056,12.3575
laserscan,625000,5000056,12.5452
laserscan,625000,5000056,16.2950
laserscan,625000,5000056,13.4391
laserscan,625000,5000056,13.7333
laserscan,625000,5000056,12.9750
laserscan,625000,5000056,12.4791
laserscan,625000,5000056,12.4881
laserscan,625000,5000056,12.9757
laserscan,625000,5000056,14.4307
laserscan,625000,5000056,13.7300
laserscan,625000,5000056,12.5135
laserscan,625000,5000056,13.3838
laserscan,625000,5000056,12.4364
laserscan,625000,5000056,12.3868
laserscan,625000,5000056,13.2908
laserscan,625000,5000056,15.3962
laserscan,625000,5000056,13.2956
laserscan,625000,5000056,13.6932
laserscan,625000,5000056,13.0668
laserscan,625000,5000056,12.2301
laserscan,625000,5000056,13.7622
laserscan,625000,5000056,12.5393
laserscan,625000,5000056,13.0293
laserscan,625000,5000056,13.7860
laserscan,625000,5000056,13.4879
laserscan,625000,5000056,13.0060
laserscan,625000,5000056,13.5684
laserscan,625000,5000056,13.9062
laserscan,625000,5000056,14.4999
laserscan,625000,5000056,13.7143
laserscan,625000,5000056,13.8335
laserscan,625000,5000056,14.3434
laserscan,625000,5000056,14.2900
laserscan,625000,5000056,13.1543
laserscan,625000,5000056,13.8533
laserscan,625000,5000056,13.0914
laserscan,625000,5000056,13.9636
laserscan,625000,5000056,14.3613
laserscan,625000,5000056,14.3835
laserscan,625000,5000056,14.9256
laserscan,625000,5000056,13.9189
laserscan,625000,5000056,13.0813
laserscan,625000,5000056,13.6059
laserscan,625000,5000056,13.5845
laserscan,625000,5000056,14.9558
laserscan,625000,5000056,13.1905
laserscan,625000,5000056,12.3752
laserscan,625000,5000056,12.4031
laserscan,625000,5000056,12.8939
laserscan,625000,5000056,13.2514
laserscan,625000,5000056,13.4018
laserscan,625000,5000056,12.9827
laserscan,625000,5000056,13.8476
laserscan,625000,5000056,14.0617
laserscan,625000,5000056,13.5779
laserscan,625000,5000056,14.9390
laserscan,625000,5000056,13.4833
laserscan,625000,5000056,14.4861
laserscan,625000,5000056,13.8287
laserscan,625000,5000056,12.9595
laserscan,625000,5000056,13.6456
laserscan,625000,5000056,14.2167
laserscan,625000,5000056,14.5734
laserscan,625000,5000056,14.7637
laserscan,625000,5000056,13.5323
laserscan,625000,5000056,13.9470
laserscan,625000,5000056,13.6034
laserscan,625000,5000056,13.0614
laserscan,625000,5000056,13.2817
laserscan,625000,5000056,14.8365
laserscan,625000,5000056,16.5723
laserscan,625000,5000056,11.3299
laserscan,625000,5000056,14.0656
laserscan,625000,5000056,13.0455
laserscan,625000,5000056,14.2649
laserscan,625000,5000056,13.7725
laserscan,625000,5000056,13.3174
laserscan,625000,5000056,12.5926
laserscan,625000,5000056,13.9099
laserscan,625000,5000056,15.5256
laserscan,625000,5000056,14.6479
laserscan,625000,5000056,15.1880
laserscan,625000,5000056,14.7332
laserscan,625000,5000056,14.2346
laserscan,625000,5000056,12.7100
laserscan,625000,5000056,12.3031
laserscan,625000,5000056,13.3627
laserscan,625000,5000056,13.7341
laserscan,625000,5000056,13.9906
laserscan,625000,5000056,14.0719
laserscan,625000,5000056,12.6001
laserscan,625000,5000056,12.8815
laserscan,625000,5000056,13.6254
laserscan,625000,5000056,8.5176
laserscan,625000,5000056,13.2879
laserscan,625000,5000056,13.1431
laserscan,625000,5000056,12.3884
laserscan,625000,5000056,11.9581
laserscan,625000,5000056,13.7330
laserscan,625000,5000056,12.8976
laserscan,625000,5000056,14.6346
laserscan,625000,5000056,14.3887
laserscan,625000,5000056,13.1504
laserscan,625000,5000056,11.4012
laserscan,625000,5000056,14.3783
laserscan,625000,5000056,13.0438
laserscan,625000,5000056,13.4056
laserscan,625000,5000056,13.7823
laserscan,625000,5000056,13.8960
laserscan,625000,5000056,12.4711
laserscan,625000,5000056,12.4562
laserscan,625000,5000056,12.7194
laserscan,625000,5000056,14.4597
laserscan,625000,5000056,13.2948
laserscan,625000,5000056,12.9025
laserscan,625000,5000056,12.8178
laserscan,625000,5000056,14.3372
laserscan,625000,5000056,12.7982
laserscan,625000,5000056,13.4417
laserscan,625000,5000056,14.4168
laserscan,625000,5000056,14.4419
laserscan,625000,5000056,14.1723
laserscan,625000,5000056,12.6030
laserscan,625000,5000056,14.0239
laserscan,625000,5000056,13.3406
laserscan,625000,5000056,13.5235
laserscan,625000,5000056,13.1557
laserscan,625000,5000056,12.0882
laserscan,625000,5000056,13.5621
laserscan,625000,5000056,12.9972
laserscan,625000,5000056,13.0621
laserscan,625000,5000056,13.4218
laserscan,625000,5000056,13.5020
laserscan,625000,5000056,13.7544
laserscan,625000,5000056,12.6934
laserscan,625000,5000056,12.0719
laserscan,625000,5000056,12.5168
laserscan,625000,5000056,12.9327
laserscan,625000,5000056,15.4111
laserscan,625000,5000056,14.4103
laserscan,625000,5000056,12.8549
laserscan,625000,5000056,16.7180
laserscan,625000,5000056,12.8202
laserscan,625000,5000056,15.1844
laserscan,625000,5000056,14.9568
laserscan,625000,5000056,13.9976
laserscan,625000,5000056,12.5831
laserscan,625000,5000056,12.6167
laserscan,625000,5000056,12.4675
laserscan,625000,5000056,12.9510
laserscan,625000,5000056,14.7310
laserscan,625000,5000056,14.1845
laserscan,625000,5000056,14.4481
laserscan,625000,5000056,13.8513
laserscan,625000,5000056,14.2754
laserscan,625000,5000056,13.1980
laserscan,625000,5000056,9.2661
laserscan,625000,5000056,13.4083
laserscan,625000,5000056,12.6607
laserscan,625000,5000056,12.5313
laserscan,625000,5000056,14.0467
laserscan,625000,5000056,12.6603
laserscan,625000,5000056,14.6570
laserscan,625000,5000056,14.7220
laserscan,625000,5000056,13.6449
laserscan,625000,5000056,12.7152
laserscan,625000,5000056,12.4192
laserscan,625000,5000056,12.2378
laserscan,625000,5000056,13.7898
laserscan,625000,5000056,14.2216
laserscan,625000,5000056,13.5191
laserscan,625000,5000056,14.3287
laserscan,625000,5000056,12.3565
laserscan,625000,5000056,12.6059
laserscan,625000,5000056,12.3352
laserscan,625000,5000056,12.7696
laserscan,625000,5000056,13.2786
laserscan,625000,5000056,13.2909
laserscan,625000,5000056,8.9799
laserscan,625000,5000056,11.3726
laserscan,625000,5000056,12.2614
laserscan,625000,5000056,12.7983
laserscan,625000,5000056,14.3630
laserscan,625000,5000056,13.4620
laserscan,625000,5000056,12.5884
laserscan,625000,5000056,13.2372
laserscan,625000,5000056,13.4956
laserscan,625000,5000056,12.4771
laserscan,625000,5000056,11.6381
laserscan,625000,5000056,12.9979
laserscan,625000,5000056,13.4673
laserscan,625000,5000056,12.4010
laserscan,625000,5000056,12.1523
laserscan,625000,5000056,12.3825
laserscan,625000,5000056,14.0195
laserscan,625000,5000056,13.4408
laserscan,625000,5000056,14.4095
laserscan,625000,5000056,12.3539
laserscan,625000,5000056,12.2927
laserscan,625000,5000056,10.1732
laserscan,625000,5000056,13.4329
laserscan,625000,5000056,13.8235
laserscan,625000,5000056,12.8575
laserscan,625000,5000056,12.4390
laserscan,625000,5000056,13.1152
laserscan,625000,5000056,14.2361
laserscan,625000,5000056,14.4127
laserscan,625000,5000056,13.7424
laserscan,625000,5000056,14.5895
laserscan,625000,5000056,13.7646
laserscan,625000,5000056,10.7779
laserscan,625000,5000056,12.4885
laserscan,625000,5000056,13.3388
laserscan,625000,5000056,13.5974
laserscan,625000,5000056,13.2393
laserscan,625000,5000056,12.5891
laserscan,625000,5000056,12.6839
laserscan,625000,5000056,13.2973
laserscan,625000,5000056,13.7582
laserscan,625000,5000056,13.3147
laserscan,625000,5000056,13.7133
laserscan,625000,5000056,12.5530
laserscan,625000,5000056,13.2306
laserscan,625000,5000056,13.4090
laserscan,625000,5000056,15.1159
laserscan,625000,5000056,12.6877
laserscan,625000,5000056,12.9518
laserscan,625000,5000056,13.9481
laserscan,625000,5000056,14.3940
laserscan,625000,5000056,13.5038
laserscan,625000,5000056,13.5386
laserscan,625000,5000056,12.9339
laserscan,625000,5000056,12.5338
laserscan,625000,5000056,12.7906
laserscan,625000,5000056,14.3128
laserscan,625000,5000056,14.5698
laserscan,625000,5000056,13.8229
laserscan,625000,5000056,13.5592
laserscan,625000,5000056,12.7471
laserscan,625000,5000056,12.5437
laserscan,625000,5000056,12.3936
laserscan,625000,5000056,13.3579
laserscan,625000,5000056,14.2725
laserscan,625000,5000056,14.4815
laserscan,625000,5000056,14.4039
laserscan,625000,5000056,12.5141
laserscan,625000,5000056,12.4485
laserscan,625000,5000056,12.8604
laserscan,625000,5000056,13.4711
laserscan,625000,5000056,14.7665
laserscan,625000,5000056,14.7688
laserscan,625000,5000056,12.8406
laserscan,625000,5000056,12.4706
laserscan,625000,5000056,12.8584
laserscan,625000,5000056,14.4262
laserscan,625000,5000056,14.8722
laserscan,625000,5000056,13.4976
laserscan,625000,5000056,12.8757
laserscan,625000,5000056,12.5458
laserscan,625000,5000056,13.7734
laserscan,625000,5000056,12.5946
laserscan,625000,5000056,11.7830
laserscan,625000,5000056,13.3780
laserscan,625000,5000056,13.0249
laserscan,625000,5000056,12.4325
laserscan,625000,5000056,12.2967
laserscan,625000,5000056,12.2965
laserscan,625000,5000056,13.0251
laserscan,625000,5000056,13.1089
laserscan,625000,5000056,14.5886
laserscan,625000,5000056,13.0012
laserscan,625000,5000056,12.3011
laserscan,625000,5000056,12.1954
laserscan,625000,5000056,12.4149
laserscan,625000,5000056,12.6120
laserscan,625000,5000056,13.0587
laserscan,625000,5000056,13.5211
laserscan,625000,5000056,12.5780
laserscan,625000,5000056,12.1558
laserscan,625000,5000056,12.2270
laserscan,625000,5000056,13.8075
laserscan,625000,5000056,13.7242
laserscan,625000,5000056,14.0063
laserscan,625000,5000056,13.0864
laserscan,625000,5000056,11.9808
laserscan,625000,5000056,11.9138
laserscan,625000,5000056,12.1152
laserscan,625000,5000056,12.6115
laserscan,625000,5000056,13.8580
laserscan,625000,5000056,14.9447
laserscan,625000,5000056,14.0768
laserscan,625000,5000056,12.4717
laserscan,625000,5000056,12.4716
laserscan,625000,5000056,8.7234
laserscan,625000,5000056,13.3483
laserscan,625000,5000056,13.9664
laserscan,625000,5000056,13.8455
laserscan,625000,5000056,13.2109
laserscan,625000,5000056,12.5940
laserscan,625000,5000056,12.6253
laserscan,625000,5000056,14.0583
laserscan,625000,5000056,13.2740
laserscan,625000,5000056,14.7417
laserscan,625000,5000056,13.7951
laserscan,625000,5000056,12.1427
laserscan,625000,5000056,12.2459
laserscan,625000,5000056,12.7449
laserscan,625000,5000056,12.9365
laserscan,625000,5000056,13.1634
laserscan,625000,5000056,13.3147
laserscan,625000,5000056,12.2967
laserscan,625000,5000056,12.1119
laserscan,625000,5000056,13.8284
laserscan,625000,5000056,12.2641
laserscan,625000,5000056,13.9050
laserscan,625000,5000056,14.7463
laserscan,625000,5000056,12.1983
laserscan,625000,5000056,11.8217
laserscan,625000,5000056,11.8686
laserscan,625000,5000056,13.5681
laserscan,625000,5000056,12.6685
laserscan,625000,5000056,14.1056
laserscan,625000,5000056,13.2477
laserscan,625000,5000056,12.2360
laserscan,625000,5000056,12.0592
laserscan,625000,5000056,10.0359
laserscan,625000,5000056,12.0304
laserscan,625000,5000056,13.9769
laserscan,625000,5000056,13.6192
laserscan,625000,5000056,13.6602
laserscan,625000,5000056,14.7273
laserscan,625000,5000056,12.4926
laserscan,625000,5000056,12.6040
laserscan,625000,5000056,14.3494
laserscan,625000,5000056,14.6437
laserscan,625000,5000056,13.7985
laserscan,625000,5000056,13.4111
laserscan,625000,5000056,14.3849
laserscan,625000,5000056,12.6203
laserscan,625000,5000056,12.4736
laserscan,625000,5000056,12.8137
laserscan,625000,5000056,13.3934
laserscan,625000,5000056,13.6289
laserscan,625000,5000056,14.0880
laserscan,625000,5000056,13.0530
laserscan,625000,5000056,12.3689
laserscan,625000,5000056,12.5692
laserscan,625000,5000056,12.8399
laserscan,625000,5000056,13.1106
laserscan,625000,5000056,13.4917
laserscan,625000,5000056,15.2588
laserscan,625000,5000056,13.0408
laserscan,625000,5000056,12.3974
laserscan,625000,5000056,12.3186
laserscan,625000,5000056,13.7049
laserscan,625000,5000056,13.0269
laserscan,625000,5000056,13.6104
laserscan,625000,5000056,14.4232
laserscan,625000,5000056,13.0139
laserscan,625000,5000056,12.2734
laserscan,625000,5000056,12.2993
laserscan,625000,5000056,14.1421
laserscan,625000,5000056,13.9799
laserscan,625000,5000056,13.2612
laserscan,625000,5000056,12.6865
laserscan,625000,5000056,12.0249
laserscan,625000,5000056,12.3697
laserscan,625000,5000056,12.4971
laserscan,625000,5000056,13.1140
laserscan,625000,5000056,14.3993
laserscan,625000,5000056,14.5784
laserscan,625000,5000056,13.3562
laserscan,625000,5000056,12.1082
laserscan,625000,5000056,12.2244
laserscan,625000,5000056,12.6114
laserscan,1250000,10000056,31.0860
laserscan,1250000,10000056,23.4110
laserscan,1250000,10000056,21.1930
laserscan,1250000,10000056,21.5329
laserscan,1250000,10000056,21.8149
laserscan,1250000,10000056,22.0960
laserscan,1250000,10000056,12.8587
laserscan,1250000,10000056,19.5463
laserscan,1250000,10000056,20.0311
laserscan,1250000,10000056,21.0096
laserscan,1250000,10000056,23.1992
laserscan,1250000,10000056,20.9325
laserscan,1250000,10000056,21.8746
laserscan,1250000,10000056,20.9445
laserscan,1250000,10000056,20.7088
laserscan,1250000,10000056,21.8657
laserscan,1250000,10000056,20.9923
laserscan,1250000,10000056,26.7920
laserscan,1250000,10000056,21.4152
laserscan,1250000,10000056,21.8502
laserscan,1250000,10000056,21.9024
laserscan,1250000,10000056,23.3893
laserscan,1250000,10000056,20.6076
laserscan,1250000,10000056,20.9159
laserscan,1250000,10000056,21.7251
laserscan,1250000,10000056,21.6355
laserscan,1250000,10000056,21.5582
laserscan,1250000,10000056,26.3058
laserscan,1250000,10000056,18.7982
laserscan,1250000,10000056,24.2588
laserscan,1250000,10000056,20.4635
laserscan,1250000,10000056,20.9407
laserscan,1250000,10000056,20.8741
laserscan,1250000,10000056,21.2993
laserscan,1250000,10000056,21.3528
laserscan,1250000,10000056,20.9523
laserscan,1250000,10000056,20.9402
laserscan,1250000,10000056,19.4173
laserscan,1250000,10000056,17.0419
laserscan,1250000,10000056,20.8236
laserscan,1250000,10000056,21.3069
laserscan,1250000,10000056,22.5596
laserscan,1250000,10000056,22.3061
laserscan,1250000,10000056,22.4571
laserscan,1250000,10000056,21.1333
laserscan,1250000,10000056,21.1537
laserscan,1250000,10000056,20.8917
laserscan,1250000,10000056,21.1755
laserscan,1250000,10000056,19.5886
laserscan,1250000,10000056,21.8624
laserscan,1250000,10000056,21.7434
laserscan,1250000,10000056,20.8236
laserscan,1250000,10000056,24.5203
laserscan,1250000,10000056,24.6745
laserscan,1250000,10000056,27.1265
laserscan,1250000,10000056,21.3171
laserscan,1250000,10000056,21.5840
laserscan,1250000,10000056,25.9418
laserscan,1250000,10000056,21.9190
laserscan,1250000,10000056,22.1822
laserscan,1250000,10000056,19.8959
laserscan,1250000,10000056,20.3528
laserscan,1250000,10000056,21.7479
laserscan,1250000,10000056,21.7734
laserscan,1250000,10000056,21.3918
laserscan,1250000,10000056,21.2677
laserscan,1250000,10000056,20.9337
laserscan,1250000,10000056,19.8517
laserscan,1250000,10000056,16.7571
laserscan,1250000,10000056,20.2571
laserscan,1250000,10000056,20.3991
laserscan,1250000,10000056,20.7189
laserscan,1250000,10000056,22.2776
laserscan,1250000,10000056,22.9547
laserscan,1250000,10000056,26.2486
laserscan,1250000,10000056,22.5703
laserscan,1250000,10000056,21.0640
laserscan,1250000,10000056,21.3862
laserscan,1250000,10000056,20.5383
laserscan,1250000,10000056,20.3009
laserscan,1250000,10000056,19.5296
laserscan,1250000,10000056,23.8531
laserscan,1250000,10000056,21.9572
laserscan,1250000,10000056,21.7718
laserscan,1250000,10000056,20.8205
laserscan,1250000,10000056,21.7107
laserscan,1250000,10000056,20.1307
laserscan,1250000,10000056,20.4499
laserscan,1250000,10000056,22.0804
laserscan,1250000,10000056,22.2920
laserscan,1250000,10000056,21.4067
laserscan,1250000,10000056,22.0699
laserscan,1250000,10000056,21.0430
laserscan,1250000,10000056,20.6180
laserscan,1250000,10000056,20.8143
laserscan,1250000,10000056,22.2599
laserscan,1250000,10000056,21.7420
laserscan,1250000,10000056,21.7927
laserscan,1250000,10000056,21.8625
laserscan,1250000,10000056,22.0932
laserscan,1250000,10000056,26.3023
laserscan,1250000,10000056,20.7468
laserscan,1250000,10000056,20.9186
laserscan,1250000,10000056,21.2241
laserscan,1250000,10000056,21.6405
laserscan,1250000,10000056,21.5533
laserscan,1250000,10000056,20.9034
laserscan,1250000,10000056,21.1490
laserscan,1250000,10000056,20.8926
laserscan,1250000,10000056,20.8443
laserscan,1250000,10000056,20.0421
laserscan,1250000,10000056,20.4624
laserscan,1250000,10000056,21.4274
laserscan,1250000,10000056,21.4613
laserscan,1250000,10000056,21.6053
laserscan,1250000,10000056,21.8419
laserscan,1250000,10000056,20.8487
laserscan,1250000,10000056,20.1296
laserscan,1250000,10000056,20.6979
laserscan,1250000,10000056,20.8221
laserscan,1250000,10000056,21.4034
laserscan,1250000,10000056,21.4867
laserscan,1250000,10000056,21.2227
laserscan,1250000,10000056,21.6308
laserscan,1250000,10000056,19.2387
laserscan,1250000,10000056,20.2967
laserscan,1250000,10000056,19.6247
laserscan,1250000,10000056,18.3720
laserscan,1250000,10000056,20.4759
laserscan,1250000,10000056,21.3499
laserscan,1250000,10000056,23.3300
laserscan,1250000,10000056,19.0889
laserscan,1250000,10000056,19.6338
laserscan,1250000,10000056,19.5053
laserscan,1250000,10000056,19.9880
laserscan,1250000,10000056,20.3868
laserscan,1250000,10000056,21.0245
laserscan,1250000,10000056,20.6964
laserscan,1250000,10000056,20.6188
laserscan,1250000,10000056,19.0226
laserscan,1250000,10000056,19.2992
laserscan,1250000,10000056,19.6501
laserscan,1250000,10000056,19.9694
laserscan,1250000,10000056,20.4744
laserscan,1250000,10000056,20.3973
laserscan,1250000,10000056,19.2883
laserscan,1250000,10000056,19.4741
laserscan,1250000,10000056,19.0577
laserscan,1250000,10000056,19.4540
laserscan,1250000,10000056,19.6928
laserscan,1250000,10000056,19.9331
laserscan,1250000,10000056,20.1515
laserscan,1250000,10000056,20.4752
laserscan,1250000,10000056,20.7087
laserscan,1250000,10000056,21.0284
laserscan,1250000,10000056,17.9193
laserscan,1250000,10000056,19.3269
laserscan,1250000,10000056,19.5358
laserscan,1250000,10000056,19.6932
laserscan,1250000,10000056,27.3525
laserscan,1250000,10000056,20.2743
laserscan,1250000,10000056,20.5070
laserscan,1250000,10000056,20.6543
laserscan,1250000,10000056,20.4478
laserscan,1250000,10000056,19.6743
laserscan,1250000,10000056,19.8694
laserscan,1250000,10000056,21.3512
laserscan,1250000,10000056,26.1434
laserscan,1250000,10000056,27.3914
laserscan,1250000,10000056,22.9852
laserscan,1250000,10000056,21.1652
laserscan,1250000,10000056,21.0047
laserscan,1250000,10000056,21.3126
laserscan,1250000,10000056,20.3538
laserscan,1250000,10000056,20.5590
laserscan,1250000,10000056,19.4764
laserscan,1250000,10000056,22.1684
laserscan,1250000,10000056,21.7115
laserscan,1250000,10000056,25.1362
laserscan,1250000,10000056,20.9976
laserscan,1250000,10000056,21.2422
laserscan,1250000,10000056,21.5031
laserscan,1250000,10000056,21.4803
laserscan,1250000,10000056,21.9493
laserscan,1250000,10000056,22.1474
laserscan,1250000,10000056,18.9632
laserscan,1250000,10000056,19.4881
laserscan,1250000,10000056,19.5480
laserscan,1250000,10000056,19.6229
laserscan,1250000,10000056,20.2873
laserscan,1250000,10000056,20.5627
laserscan,1250000,10000056,20.5796
laserscan,1250000,10000056,28.5083
laserscan,1250000,10000056,26.6646
laserscan,1250000,10000056,22.6006
laserscan,1250000,10000056,22.4765
laserscan,1250000,10000056,20.1002
laserscan,1250000,10000056,20.0617
laserscan,1250000,10000056,20.4258
laserscan,1250000,10000056,20.6191
laserscan,1250000,10000056,122.3625
laserscan,1250000,10000056,35.6798
laserscan,1250000,10000056,18.0407
laserscan,1250000,10000056,39.7062
laserscan,1250000,10000056,21.0193
laserscan,1250000,10000056,20.7951
laserscan,1250000,10000056,21.9192
laserscan,1250000,10000056,21.9076
laserscan,1250000,10000056,20.8231
laserscan,1250000,10000056,20.7829
laserscan,1250000,10000056,19.7789
laserscan,1250000,10000056,20.3520
laserscan,1250000,10000056,20.4429
laserscan,1250000,10000056,22.9130
laserscan,1250000,10000056,19.2000
laserscan,1250000,10000056,19.3174
laserscan,1250000,10000056,19.4498
laserscan,1250000,10000056,20.5533
laserscan,1250000,10000056,20.6622
laserscan,1250000,10000056,21.1878
laserscan,1250000,10000056,21.6884
laserscan,1250000,10000056,25.1098
laserscan,1250000,10000056,21.8253
laserscan,1250000,10000056,19.3372
laserscan,1250000,10000056,19.1153
laserscan,1250000,10000056,19.6489
laserscan,1250000,10000056,19.7808
laserscan,1250000,10000056,20.2566
laserscan,1250000,10000056,21.5457
laserscan,1250000,10000056,21.9360
laserscan,1250000,10000056,21.1882
laserscan,1250000,10000056,26.2587
laserscan,1250000,10000056,20.9093
laserscan,1250000,10000056,22.9385
laserscan,1250000,10000056,20.1060
laserscan,1250000,10000056,21.0748
laserscan,1250000,10000056,23.7498
laserscan,1250000,10000056,21.5582
laserscan,1250000,10000056,20.7393
laserscan,1250000,10000056,22.6122
laserscan,1250000,10000056,21.1377
laserscan,1250000,10000056,19.8533
laserscan,1250000,10000056,20.6934
laserscan,1250000,10000056,24.2815
laserscan,1250000,10000056,20.7654
laserscan,1250000,10000056,21.2846
laserscan,1250000,10000056,24.4593
laserscan,1250000,10000056,19.9098
laserscan,1250000,10000056,19.2559
laserscan,1250000,10000056,20.2894
laserscan,1250000,10000056,22.5106
laserscan,1250000,10000056,20.4405
laserscan,1250000,10000056,20.8375
laserscan,1250000,10000056,20.9248
laserscan,1250000,10000056,21.3197
laserscan,1250000,10000056,20.1847
laserscan,1250000,10000056,19.8327
laserscan,1250000,10000056,19.9250
laserscan,1250000,10000056,17.7911
laserscan,1250000,10000056,20.9530
laserscan,1250000,10000056,20.8756
laserscan,1250000,10000056,21.2923
laserscan,1250000,10000056,21.9457
laserscan,1250000,10000056,22.3586
laserscan,1250000,10000056,22.4289
laserscan,1250000,10000056,21.4878
laserscan,1250000,10000056,22.3555
laserscan,1250000,10000056,24.6572
laserscan,1250000,10000056,23.7891
laserscan,1250000,10000056,27.4842
laserscan,1250000,10000056,22.3581
laserscan,1250000,10000056,23.2142
laserscan,1250000,10000056,23.6441
laserscan,1250000,10000056,25.6979
laserscan,1250000,10000056,20.3415
laserscan,1250000,10000056,27.3018
laserscan,1250000,10000056,21.8356
laserscan,1250000,10000056,21.8655
laserscan,1250000,10000056,20.1388
laserscan,1250000,10000056,20.3497
laserscan,1250000,10000056,20.5028
laserscan,1250000,10000056,21.0634
laserscan,1250000,10000056,21.6046
laserscan,1250000,10000056,27.0457
laserscan,1250000,10000056,19.8353
laserscan,1250000,10000056,19.5220
laserscan,1250000,10000056,19.8028
laserscan,1250000,10000056,20.2689
laserscan,1250000,10000056,22.7967
laserscan,1250000,10000056,20.3179
laserscan,1250000,10000056,20.5744
laserscan,1250000,10000056,20.5940
laserscan,1250000,10000056,20.8147
laserscan,1250000,10000056,19.9912
laserscan,1250000,10000056,20.3923
laserscan,1250000,10000056,19.8289
laserscan,1250000,10000056,20.0822
laserscan,1250000,10000056,20.3009
laserscan,1250000,10000056,20.6844
laserscan,1250000,10000056,20.5450
laserscan,1250000,10000056,18.9215
laserscan,1250000,10000056,23.3229
laserscan,1250000,10000056,21.0787
laserscan,1250000,10000056,20.8270
laserscan,1250000,10000056,21.0953
laserscan,1250000,10000056,21.5760
laserscan,1250000,10000056,21.7227
laserscan,1250000,10000056,21.7267
laserscan,1250000,10000056,20.4043
laserscan,1250000,10000056,20.4471
laserscan,1250000,10000056,20.7211
laserscan,1250000,10000056,540.2898
laserscan,1250000,10000056,433.5876
laserscan,1250000,10000056,362.5553
laserscan,1250000,10000056,418.5829
laserscan,1250000,10000056,364.7112
laserscan,1250000,10000056,299.8809
laserscan,1250000,10000056,257.2795
laserscan,1250000,10000056,153.2502
laserscan,1250000,10000056,86.2954
laserscan,1250000,10000056,14.6685
laserscan,1250000,10000056,17.4306
laserscan,1250000,10000056,21.7615
laserscan,1250000,10000056,20.9398
laserscan,1250000,10000056,20.0915
laserscan,1250000,10000056,20.5042
laserscan,1250000,10000056,20.9870
laserscan,1250000,10000056,21.0598
laserscan,1250000,10000056,21.5719
laserscan,1250000,10000056,21.6209
laserscan,1250000,10000056,20.2081
laserscan,1250000,10000056,20.8045
laserscan,1250000,10000056,20.9832
laserscan,1250000,10000056,21.1208
laserscan,1250000,10000056,21.3631
laserscan,1250000,10000056,21.7445
laserscan,1250000,10000056,21.6754
laserscan,1250000,10000056,20.7677
laserscan,1250000,10000056,20.1482
laserscan,1250000,10000056,20.5655
laserscan,1250000,10000056,20.8033
laserscan,1250000,10000056,21.1445
laserscan,1250000,10000056,27.4022
laserscan,1250000,10000056,23.6439
laserscan,1250000,10000056,26.8827
laserscan,1250000,10000056,21.0543
laserscan,1250000,10000056,21.7821
laserscan,1250000,10000056,21.8162
laserscan,1250000,10000056,21.6949
laserscan,1250000,10000056,21.6196
laserscan,1250000,10000056,20.9219
laserscan,1250000,10000056,17.6014
laserscan,1250000,10000056,21.1421
laserscan,1250000,10000056,25.0863
laserscan,1250000,10000056,21.8900
laserscan,1250000,10000056,21.3393
laserscan,1250000,10000056,20.4231
laserscan,1250000,10000056,20.4195
laserscan,1250000,10000056,19.6085
laserscan,1250000,10000056,19.4430
laserscan,1250000,10000056,19.9448
laserscan,1250000,10000056,17.3483
laserscan,1250000,10000056,20.3494
laserscan,1250000,10000056,20.7079
laserscan,1250000,10000056,19.2065
laserscan,1250000,10000056,19.3437
laserscan,1250000,10000056,20.0942
laserscan,1250000,10000056,19.8479
laserscan,1250000,10000056,20.9317
laserscan,1250000,10000056,26.7019
laserscan,1250000,10000056,23.4040
laserscan,1250000,10000056,18.1068
laserscan,1250000,10000056,21.5482
laserscan,1250000,10000056,32.7690
laserscan,1250000,10000056,21.3259
laserscan,1250000,10000056,21.7908
laserscan,1250000,10000056,21.2239
laserscan,1250000,10000056,33.7455
laserscan,1250000,10000056,21.8228
laserscan,1250000,10000056,21.4941
laserscan,1250000,10000056,19.7219
laserscan,1250000,10000056,17.6820
laserscan,1250000,10000056,19.8831
laserscan,1250000,10000056,19.8987
laserscan,1250000,10000056,20.1451
laserscan,1250000,10000056,16.4093
laserscan,1250000,10000056,20.3578
laserscan,1250000,10000056,20.7143
laserscan,1250000,10000056,23.2461
laserscan,1250000,10000056,15.5538
laserscan,1250000,10000056,19.1587
laserscan,1250000,10000056,21.1493
laserscan,1250000,10000056,20.1747
laserscan,1250000,10000056,20.3696
laserscan,1250000,10000056,17.5196
laserscan,1250000,10000056,17.4583
laserscan,1250000,10000056,17.9060
laserscan,1250000,10000056,16.9804
laserscan,1250000,10000056,16.3457
laserscan,1250000,10000056,16.1631
laserscan,1250000,10000056,18.2205
laserscan,1250000,10000056,24.5800
laserscan,1250000,10000056,19.6916
laserscan,1250000,10000056,21.9643
laserscan,1250000,10000056,21.3254
laserscan,1250000,10000056,19.7704
laserscan,1250000,10000056,16.8273
laserscan,1250000,10000056,16.2099
laserscan,1250000,10000056,17.9305
laserscan,1250000,10000056,20.2941
laserscan,1250000,10000056,22.2987
laserscan,1250000,10000056,12.7327
laserscan,1250000,10000056,17.0871
laserscan,1250000,10000056,15.2546
laserscan,1250000,10000056,16.5001
laserscan,1250000,10000056,19.9675
laserscan,1250000,10000056,16.3304
laserscan,1250000,10000056,20.3405
laserscan,1250000,10000056,24.3788
laserscan,1250000,10000056,14.0498
laserscan,1250000,10000056,15.8299
laserscan,1250000,10000056,19.3570
laserscan,1250000,10000056,21.9680
laserscan,1250000,10000056,20.0270
laserscan,1250000,10000056,15.7257
laserscan,1250000,10000056,15.0991
laserscan,1250000,10000056,21.3951
laserscan,1250000,10000056,19.0177
laserscan,1250000,10000056,15.8435
laserscan,1250000,10000056,16.6649
laserscan,1250000,10000056,22.1852
laserscan,1250000,10000056,17.1459
laserscan,1250000,10000056,20.6235
laserscan,1250000,10000056,18.9257
laserscan,1250000,10000056,20.9748
laserscan,1250000,10000056,15.6867
laserscan,1250000,10000056,18.0082
laserscan,1250000,10000056,22.1371
laserscan,1250000,10000056,18.6003
laserscan,1250000,10000056,21.1873
laserscan,1250000,10000056,16.2689
laserscan,1250000,10000056,16.1749
laserscan,1250000,10000056,16.6566
laserscan,1250000,10000056,14.8339
laserscan,1250000,10000056,14.0063
laserscan,1250000,10000056,25.0316
laserscan,1250000,10000056,36.6076
laserscan,1250000,10000056,16.2672
laserscan,1250000,10000056,19.5190
laserscan,1250000,10000056,21.5752
laserscan,1250000,10000056,20.5526
laserscan,1250000,10000056,14.7650
laserscan,1250000,10000056,18.3094
laserscan,1250000,10000056,18.0302
laserscan,1250000,10000056,23.3460
laserscan,1250000,10000056,18.8987
laserscan,1250000,10000056,19.3493
laserscan,1250000,10000056,18.2253
laserscan,1250000,10000056,18.0240
laserscan,1250000,10000056,15.3774
laserscan,1250000,10000056,17.3770
laserscan,1250000,10000056,16.5338
laserscan,1250000,10000056,17.8811
laserscan,1250000,10000056,25.3177
laserscan,1250000,10000056,13.5219
laserscan,1250000,10000056,17.1589
laserscan,1250000,10000056,19.1440
laserscan,1250000,10000056,14.2883
laserscan,1250000,10000056,15.3428
laserscan,1250000,10000056,15.7981
laserscan,1250000,10000056,16.8821
laserscan,1250000,10000056,14.9397
laserscan,1250000,10000056,17.6627
laserscan,1250000,10000056,17.8892
laserscan,1250000,10000056,24.6457
laserscan,1250000,10000056,24.1245
laserscan,1250000,10000056,16.7703
laserscan,1250000,10000056,19.0682
laserscan,1250000,10000056,21.0853
laserscan,1250000,10000056,19.8938
laserscan,1250000,10000056,28.1415
laserscan,1250000,10000056,22.9494
laserscan,1250000,10000056,39.6826
laserscan,1250000,10000056,114.8302
laserscan,1250000,10000056,15.7230
laserscan,1250000,10000056,20.6721
laserscan,1250000,10000056,22.7025
laserscan,1250000,10000056,17.6792
laserscan,1250000,10000056,15.4704
laserscan,1250000,10000056,17.7715
laserscan,1250000,10000056,20.0655
laserscan,1250000,10000056,19.1461
laserscan,1250000,10000056,14.4023
laserscan,1250000,10000056,18.8291
laserscan,1250000,10000056,27.7270
laserscan,1250000,10000056,17.6317
laserscan,1250000,10000056,16.9100
laserscan,1250000,10000056,19.5944
laserscan,1250000,10000056,16.1862
laserscan,1250000,10000056,19.2945
laserscan,1250000,10000056,17.8921
laserscan,1250000,10000056,18.6248
laserscan,1250000,10000056,21.8073
laserscan,1250000,10000056,24.4026
laserscan,1250000,10000056,24.5497
laserscan,1250000,10000056,19.5269
laserscan,1250000,10000056,27.1843
laserscan,1250000,10000056,21.2471
laserscan,1250000,10000056,21.4418
laserscan,1250000,10000056,25.2995
laserscan,1250000,10000056,25.8017
laserscan,1250000,10000056,19.8707
laserscan,1250000,10000056,20.9439
laserscan,1250000,10000056,20.3898
laserscan,1250000,10000056,20.4900
laserscan,1250000,10000056,18.1732
laserscan,1250000,10000056,21.2505
laserscan,1250000,10000056,19.8341
laserscan,1250000,10000056,20.0539
laserscan,1250000,10000056,20.0651
laserscan,1250000,10000056,20.5466
laserscan,1250000,10000056,20.8897
laserscan,1250000,10000056,21.3961
laserscan,1250000,10000056,19.7521
laserscan,1250000,10000056,19.7624
laserscan,1250000,10000056,20.0947
laserscan,1250000,10000056,20.2618
laserscan,1250000,10000056,23.0904
laserscan,1250000,10000056,20.8011
laserscan,1250000,10000056,22.2539
laserscan,1250000,10000056,20.6910
laserscan,1250000,10000056,19.6015
laserscan,1250000,10000056,22.0244
laserscan,1250000,10000056,27.5535
laserscan,1250000,10000056,21.8658
laserscan,3750000,30000056,794.9247
laserscan,3750000,30000056,984.1772
laserscan,3750000,30000056,905.8257
laserscan,3750000,30000056,819.3196
laserscan,3750000,30000056,785.6538
laserscan,3750000,30000056,728.1327
laserscan,3750000,30000056,778.0558
laserscan,3750000,30000056,714.2206
laserscan,3750000,30000056,976.1272
laserscan,3750000,30000056,931.4290
laserscan,3750000,30000056,998.8605
laserscan,3750000,30000056,1008.4047
laserscan,3750000,30000056,980.5074
laserscan,3750000,30000056,910.9109
laserscan,3750000,30000056,997.3191
laserscan,3750000,30000056,981.2464
laserscan,3750000,30000056,1010.8348
laserscan,3750000,30000056,927.5771
laserscan,3750000,30000056,946.7266
laserscan,3750000,30000056,906.4588
laserscan,3750000,30000056,823.6638
laserscan,3750000,30000056,990.1738
laserscan,3750000,30000056,970.3966
laserscan,3750000,30000056,1003.0550
laserscan,3750000,30000056,964.4566
laserscan,3750000,30000056,909.0840
laserscan,3750000,30000056,961.0847
laserscan,3750000,30000056,916.2254
laserscan,3750000,30000056,836.0179
laserscan,3750000,30000056,783.5347
laserscan,3750000,30000056,693.5559
laserscan,3750000,30000056,994.8977
laserscan,3750000,30000056,925.3067
laserscan,3750000,30000056,923.6949
laserscan,3750000,30000056,853.7472
laserscan,3750000,30000056,782.9498
laserscan,3750000,30000056,722.8013
laserscan,3750000,30000056,894.6499
laserscan,3750000,30000056,954.4710
laserscan,3750000,30000056,903.4536
laserscan,3750000,30000056,956.0896
laserscan,3750000,30000056,910.3149
laserscan,3750000,30000056,940.3510
laserscan,3750000,30000056,944.8060
laserscan,3750000,30000056,852.2148
laserscan,3750000,30000056,830.7724
laserscan,3750000,30000056,727.0286
laserscan,3750000,30000056,980.7105
laserscan,3750000,30000056,980.2911
laserscan,3750000,30000056,911.6959
laserscan,3750000,30000056,819.7118
laserscan,3750000,30000056,932.9569
laserscan,3750000,30000056,873.6721
laserscan,3750000,30000056,1017.2106
laserscan,3750000,30000056,1011.7050
laserscan,3750000,30000056,1004.0697
laserscan,3750000,30000056,981.8500
laserscan,3750000,30000056,951.8855
laserscan,3750000,30000056,969.8284
laserscan,3750000,30000056,1013.0858
laserscan,3750000,30000056,1010.5337
laserscan,3750000,30000056,958.4301
laserscan,3750000,30000056,919.3978
laserscan,3750000,30000056,835.4248
laserscan,3750000,30000056,780.4482
laserscan,3750000,30000056,690.3380
laserscan,3750000,30000056,623.5809
laserscan,3750000,30000056,534.4112
laserscan,3750000,30000056,475.9350
laserscan,3750000,30000056,433.5925
laserscan,3750000,30000056,557.3485
laserscan,3750000,30000056,464.7830
laserscan,3750000,30000056,483.1470
laserscan,3750000,30000056,440.5996
laserscan,3750000,30000056,405.0967
laserscan,3750000,30000056,542.2993
laserscan,3750000,30000056,463.1478
laserscan,3750000,30000056,390.9481
laserscan,3750000,30000056,306.1105
laserscan,3750000,30000056,214.8643
laserscan,3750000,30000056,465.2770
laserscan,3750000,30000056,561.2368
laserscan,3750000,30000056,582.3572
laserscan,3750000,30000056,492.1213
laserscan,3750000,30000056,450.5472
laserscan,3750000,30000056,559.5254
laserscan,3750000,30000056,505.2115
laserscan,3750000,30000056,410.9027
laserscan,3750000,30000056,326.0646
laserscan,3750000,30000056,245.0344
laserscan,3750000,30000056,149.9210
laserscan,3750000,30000056,970.2225
laserscan,3750000,30000056,943.1934
laserscan,3750000,30000056,982.4783
laserscan,3750000,30000056,943.5166
laserscan,3750000,30000056,912.5292
laserscan,3750000,30000056,975.9779
laserscan,3750000,30000056,890.3520
laserscan,3750000,30000056,961.0454
laserscan,3750000,30000056,909.4862
laserscan,3750000,30000056,867.2643
laserscan,3750000,30000056,804.1498
laserscan,3750000,30000056,852.7672
laserscan,3750000,30000056,766.4011
laserscan,3750000,30000056,725.5727
laserscan,3750000,30000056,1001.0884
laserscan,3750000,30000056,958.0618
laserscan,3750000,30000056,896.1217
laserscan,3750000,30000056,801.8068
laserscan,3750000,30000056,971.1442
laserscan,3750000,30000056,935.7091
laserscan,3750000,30000056,891.1874
laserscan,3750000,30000056,784.4232
laserscan,3750000,30000056,864.8076
laserscan,3750000,30000056,971.2078
laserscan,3750000,30000056,936.4386
laserscan,3750000,30000056,1018.5685
laserscan,3750000,30000056,942.1164
laserscan,3750000,30000056,1014.6753
laserscan,3750000,30000056,984.3470
laserscan,3750000,30000056,938.7028
laserscan,3750000,30000056,1005.6289
laserscan,3750000,30000056,989.4794
laserscan,3750000,30000056,980.9245
laserscan,3750000,30000056,991.9098
laserscan,3750000,30000056,1034.3085
laserscan,3750000,30000056,989.9933
laserscan,3750000,30000056,965.9790
laserscan,3750000,30000056,1021.2560
laserscan,3750000,30000056,994.1906
laserscan,3750000,30000056,903.4842
laserscan,3750000,30000056,1015.7438
laserscan,3750000,30000056,970.1034
laserscan,3750000,30000056,925.8239
laserscan,3750000,30000056,850.1840
laserscan,3750000,30000056,787.2348
laserscan,3750000,30000056,729.0174
laserscan,3750000,30000056,766.7792
laserscan,3750000,30000056,714.6146
laserscan,3750000,30000056,973.1961
laserscan,3750000,30000056,923.7464
laserscan,3750000,30000056,1015.9689
laserscan,3750000,30000056,964.5219
laserscan,3750000,30000056,918.2500
laserscan,3750000,30000056,858.1049
laserscan,3750000,30000056,853.1104
laserscan,3750000,30000056,836.9858
laserscan,3750000,30000056,951.9328
laserscan,3750000,30000056,1008.3848
laserscan,3750000,30000056,958.2151
laserscan,3750000,30000056,1018.1366
laserscan,3750000,30000056,945.1354
laserscan,3750000,30000056,891.0319
laserscan,3750000,30000056,987.4535
laserscan,3750000,30000056,922.1175
laserscan,3750000,30000056,828.3666
laserscan,3750000,30000056,728.0210
laserscan,3750000,30000056,690.2791
laserscan,3750000,30000056,572.1863
laserscan,3750000,30000056,487.3861
laserscan,3750000,30000056,882.3205
laserscan,3750000,30000056,790.9144
laserscan,3750000,30000056,712.9260
laserscan,3750000,30000056,966.8427
laserscan,3750000,30000056,879.5442
laserscan,3750000,30000056,941.8827
laserscan,3750000,30000056,921.4600
laserscan,3750000,30000056,836.4041
laserscan,3750000,30000056,859.9451
laserscan,3750000,30000056,745.4230
laserscan,3750000,30000056,700.4633
laserscan,3750000,30000056,991.3237
laserscan,3750000,30000056,889.5421
laserscan,3750000,30000056,852.1245
laserscan,3750000,30000056,987.8392
laserscan,3750000,30000056,904.0205
laserscan,3750000,30000056,937.7062
laserscan,3750000,30000056,961.2903
laserscan,3750000,30000056,918.2279
laserscan,3750000,30000056,840.5029
laserscan,3750000,30000056,801.3917
laserscan,3750000,30000056,748.0158
laserscan,3750000,30000056,698.3265
laserscan,3750000,30000056,622.8496
laserscan,3750000,30000056,853.9535
laserscan,3750000,30000056,981.4223
laserscan,3750000,30000056,1002.0529
laserscan,3750000,30000056,956.1441
laserscan,3750000,30000056,970.9288
laserscan,3750000,30000056,921.1929
laserscan,3750000,30000056,985.9535
laserscan,3750000,30000056,920.8148
laserscan,3750000,30000056,996.8466
laserscan,3750000,30000056,934.0737
laserscan,3750000,30000056,822.2179
laserscan,3750000,30000056,977.6866
laserscan,3750000,30000056,1013.0798
laserscan,3750000,30000056,946.9324
laserscan,3750000,30000056,887.1587
laserscan,3750000,30000056,872.5471
laserscan,3750000,30000056,940.7085
laserscan,3750000,30000056,864.6730
laserscan,3750000,30000056,877.4711
laserscan,3750000,30000056,962.4855
laserscan,3750000,30000056,931.2174
laserscan,3750000,30000056,830.8067
laserscan,3750000,30000056,854.1562
laserscan,3750000,30000056,817.5226
laserscan,3750000,30000056,734.6859
laserscan,3750000,30000056,700.5556
laserscan,3750000,30000056,580.7446
laserscan,3750000,30000056,515.5077
laserscan,3750000,30000056,424.4933
laserscan,3750000,30000056,627.6183
laserscan,3750000,30000056,682.7701
laserscan,3750000,30000056,936.3179
laserscan,3750000,30000056,1034.2046
laserscan,3750000,30000056,938.5293
laserscan,3750000,30000056,1039.3172
laserscan,3750000,30000056,950.7358
laserscan,3750000,30000056,914.1970
laserscan,3750000,30000056,1006.3549
laserscan,3750000,30000056,863.9238
laserscan,3750000,30000056,833.9427
laserscan,3750000,30000056,748.6666
laserscan,3750000,30000056,749.6333
laserscan,3750000,30000056,730.9089
laserscan,3750000,30000056,630.8958
laserscan,3750000,30000056,973.9286
laserscan,3750000,30000056,904.1446
laserscan,3750000,30000056,806.8431
laserscan,3750000,30000056,731.2977
laserscan,3750000,30000056,645.7459
laserscan,3750000,30000056,965.8677
laserscan,3750000,30000056,925.0745
laserscan,3750000,30000056,947.1161
laserscan,3750000,30000056,881.0350
laserscan,3750000,30000056,958.6721
laserscan,3750000,30000056,909.1931
laserscan,3750000,30000056,806.9395
laserscan,3750000,30000056,753.9244
laserscan,3750000,30000056,648.3586
laserscan,3750000,30000056,592.8211
laserscan,3750000,30000056,524.1362
laserscan,3750000,30000056,436.8510
laserscan,3750000,30000056,343.6496
laserscan,3750000,30000056,249.1568
laserscan,3750000,30000056,981.1517
laserscan,3750000,30000056,954.9173
laserscan,3750000,30000056,866.5635
laserscan,3750000,30000056,989.1013
laserscan,3750000,30000056,933.4822
laserscan,3750000,30000056,847.8625
laserscan,3750000,30000056,760.0955
laserscan,3750000,30000056,690.1207
laserscan,3750000,30000056,604.2526
laserscan,3750000,30000056,501.5871
laserscan,3750000,30000056,995.3982
laserscan,3750000,30000056,888.8669
laserscan,3750000,30000056,955.1134
laserscan,3750000,30000056,1012.1337
laserscan,3750000,30000056,939.3880
laserscan,3750000,30000056,1022.2270
laserscan,3750000,30000056,940.0149
laserscan,3750000,30000056,1034.1216
laserscan,3750000,30000056,943.9823
laserscan,3750000,30000056,850.6123
laserscan,3750000,30000056,801.8517
laserscan,3750000,30000056,966.1083
laserscan,3750000,30000056,918.4276
laserscan,3750000,30000056,959.4403
laserscan,3750000,30000056,918.0705
laserscan,3750000,30000056,1009.5728
laserscan,3750000,30000056,963.9706
laserscan,3750000,30000056,895.0806
laserscan,3750000,30000056,852.0228
laserscan,3750000,30000056,760.9910
laserscan,3750000,30000056,730.9953
laserscan,3750000,30000056,642.2236
laserscan,3750000,30000056,560.2026
laserscan,3750000,30000056,620.7079
laserscan,6250000,50000056,1396.0607
laserscan,6250000,50000056,1328.4202
laserscan,6250000,50000056,1421.4325
laserscan,6250000,50000056,1192.8389
laserscan,6250000,50000056,1239.1777
laserscan,6250000,50000056,1206.2987
laserscan,6250000,50000056,1321.8426
laserscan,6250000,50000056,1352.7509
laserscan,6250000,50000056,1175.8102
laserscan,6250000,50000056,1277.0134
laserscan,6250000,50000056,1328.9407
laserscan,6250000,50000056,1242.9525
laserscan,6250000,50000056,1255.7384
laserscan,6250000,50000056,1260.6068
laserscan,6250000,50000056,1193.2059
laserscan,6250000,50000056,1286.5222
laserscan,6250000,50000056,1185.8616
laserscan,6250000,50000056,1330.5334
laserscan,6250000,50000056,1419.5295
laserscan,6250000,50000056,1343.2077
laserscan,6250000,50000056,1451.0756
laserscan,6250000,50000056,1233.6447
laserscan,6250000,50000056,1108.0979
laserscan,6250000,50000056,1137.6824
laserscan,6250000,50000056,1303.1457
laserscan,6250000,50000056,1322.1906
laserscan,6250000,50000056,1200.7322
laserscan,6250000,50000056,1256.5007
laserscan,6250000,50000056,1242.6224
laserscan,6250000,50000056,1241.5861
laserscan,6250000,50000056,1368.6411
laserscan,6250000,50000056,1341.8200
laserscan,6250000,50000056,1349.8428
laserscan,6250000,50000056,1386.8263
laserscan,6250000,50000056,1268.3132
laserscan,6250000,50000056,1186.5899
laserscan,6250000,50000056,1299.8636
laserscan,6250000,50000056,1215.5725
laserscan,6250000,50000056,1270.8125
laserscan,6250000,50000056,1249.3936
laserscan,6250000,50000056,1325.4032
laserscan,6250000,50000056,1222.2960
laserscan,6250000,50000056,1197.9199
laserscan,6250000,50000056,1166.1216
laserscan,6250000,50000056,1093.8992
laserscan,6250000,50000056,1230.6400
laserscan,6250000,50000056,1154.4659
laserscan,6250000,50000056,1062.7877
laserscan,6250000,50000056,1365.9958
laserscan,6250000,50000056,1293.7100
laserscan,6250000,50000056,1368.0254
laserscan,6250000,50000056,1204.6738
laserscan,6250000,50000056,1260.4847
laserscan,6250000,50000056,1191.9555
laserscan,6250000,50000056,1275.9175
laserscan,6250000,50000056,1220.2839
laserscan,6250000,50000056,1189.5850
laserscan,6250000,50000056,1132.2196
laserscan,6250000,50000056,1424.3217
laserscan,6250000,50000056,1426.2608
laserscan,6250000,50000056,1332.0082
laserscan,6250000,50000056,1253.7706
laserscan,6250000,50000056,1343.8842
laserscan,6250000,50000056,1377.9827
laserscan,6250000,50000056,1365.1323
laserscan,6250000,50000056,1273.1556
laserscan,6250000,50000056,1368.4764
laserscan,6250000,50000056,1289.2283
laserscan,6250000,50000056,1235.8342
laserscan,6250000,50000056,1269.2881
laserscan,6250000,50000056,1178.3022
laserscan,6250000,50000056,1075.4631
laserscan,6250000,50000056,996.5206
laserscan,6250000,50000056,1196.9192
laserscan,6250000,50000056,1291.1275
laserscan,6250000,50000056,1270.1950
laserscan,6250000,50000056,1257.0746
laserscan,6250000,50000056,1326.1791
laserscan,6250000,50000056,1227.2186
laserscan,6250000,50000056,1218.6359
laserscan,6250000,50000056,1151.4932
laserscan,6250000,50000056,1134.8976
laserscan,6250000,50000056,1220.4689
laserscan,6250000,50000056,1333.3899
laserscan,6250000,50000056,1298.8100
laserscan,6250000,50000056,1366.6348
laserscan,6250000,50000056,1312.4560
laserscan,6250000,50000056,1278.7705
laserscan,6250000,50000056,1191.9924
laserscan,6250000,50000056,1160.2486
laserscan,6250000,50000056,1181.4269
laserscan,6250000,50000056,1236.0784
laserscan,6250000,50000056,1185.5716
laserscan,6250000,50000056,1279.9092
laserscan,6250000,50000056,1235.7784
laserscan,6250000,50000056,1257.4451
laserscan,6250000,50000056,1287.1106
laserscan,6250000,50000056,1221.5381
laserscan,6250000,50000056,1260.6392
laserscan,6250000,50000056,1288.2965
laserscan,6250000,50000056,1306.5256
laserscan,6250000,50000056,1267.4445
laserscan,6250000,50000056,1318.3044
laserscan,6250000,50000056,1312.1643
laserscan,6250000,50000056,1240.8000
laserscan,6250000,50000056,1310.8779
laserscan,6250000,50000056,1238.7133
laserscan,6250000,50000056,1320.4271
laserscan,6250000,50000056,1355.0132
laserscan,6250000,50000056,1340.2209
laserscan,6250000,50000056,1280.5989
laserscan,6250000,50000056,1215.6553
laserscan,6250000,50000056,1275.5370
laserscan,6250000,50000056,1341.9293
laserscan,6250000,50000056,1309.2929
laserscan,6250000,50000056,1421.9522
laserscan,6250000,50000056,1352.6630
laserscan,6250000,50000056,1302.4691
laserscan,12500000,100000056,3048.8456
laserscan,12500000,100000056,2916.5596
laserscan,12500000,100000056,2964.3018
laserscan,12500000,100000056,2946.5789
laserscan,12500000,100000056,3000.4848
occupancy_grid,10000,10104,0.5700
occupancy_grid,10000,10104,0.6606
occupancy_grid,10000,10104,0.6494
occupancy_grid,10000,10104,0.6767
occupancy_grid,10000,10104,0.6613
occupancy_grid,10000,10104,0.6258
occupancy_grid,10000,10104,0.6582
occupancy_grid,10000,10104,0.6087
occupancy_grid,10000,10104,0.7643
occupancy_grid,10000,10104,0.7650
occupancy_grid,10000,10104,0.5760
occupancy_grid,10000,10104,0.6618
occupancy_grid,10000,10104,0.7198
occupancy_grid,10000,10104,0.6551
occupancy_grid,10000,10104,0.6668
occupancy_grid,10000,10104,0.6626
occupancy_grid,10000,10104,0.7166
occupancy_grid,10000,10104,0.6073
occupancy_grid,10000,10104,0.6040
occupancy_grid,10000,10104,0.6635
occupancy_grid,10000,10104,0.6101
occupancy_grid,10000,10104,0.6656
occupancy_grid,10000,10104,0.7275
occupancy_grid,10000,10104,0.5558
occupancy_grid,10000,10104,0.5811
occupancy_grid,10000,10104,0.5560
occupancy_grid,10000,10104,0.5824
occupancy_grid,10000,10104,0.5913
occupancy_grid,10000,10104,0.8171
occupancy_grid,10000,10104,0.6685
occupancy_grid,10000,10104,0.5668
occupancy_grid,10000,10104,0.6146
occupancy_grid,10000,10104,0.6208
occupancy_grid,10000,10104,0.6534
occupancy_grid,10000,10104,0.6950
occupancy_grid,10000,10104,0.6331
occupancy_grid,10000,10104,0.6685
occupancy_grid,10000,10104,0.6257
occupancy_grid,10000,10104,0.6032
occupancy_grid,10000,10104,0.7015
occupancy_grid,10000,10104,0.6216
occupancy_grid,10000,10104,0.6914
occupancy_grid,10000,10104,0.6549
occupancy_grid,10000,10104,0.6618
occupancy_grid,10000,10104,0.6778
occupancy_grid,10000,10104,0.6469
occupancy_grid,10000,10104,0.6803
occupancy_grid,10000,10104,0.6216
occupancy_grid,10000,10104,0.6411
occupancy_grid,10000,10104,0.7973
occupancy_grid,10000,10104,0.6209
occupancy_grid,10000,10104,0.7257
occupancy_grid,10000,10104,0.6351
occupancy_grid,10000,10104,0.7075
occupancy_grid,10000,10104,0.7480
occupancy_grid,10000,10104,0.6501
occupancy_grid,10000,10104,0.6870
occupancy_grid,10000,10104,0.6623
occupancy_grid,10000,10104,0.6260
occupancy_grid,10000,10104,0.6746
occupancy_grid,10000,10104,0.6075
occupancy_grid,10000,10104,0.6668
occupancy_grid,10000,10104,0.6986
occupancy_grid,10000,10104,0.5999
occupancy_grid,10000,10104,0.6790
occupancy_grid,10000,10104,0.6030
occupancy_grid,10000,10104,0.7038
occupancy_grid,10000,10104,0.6083
occupancy_grid,10000,10104,0.6204
occupancy_grid,10000,10104,0.7052
occupancy_grid,10000,10104,0.8102
occupancy_grid,10000,10104,0.6930
occupancy_grid,10000,10104,0.6111
occupancy_grid,10000,10104,0.6354
occupancy_grid,10000,10104,0.6188
occupancy_grid,10000,10104,0.6749
occupancy_grid,10000,10104,0.6111
occupancy_grid,10000,10104,0.6035
occupancy_grid,10000,10104,0.6144
occupancy_grid,10000,10104,0.6619
occupancy_grid,10000,10104,0.6397
occupancy_grid,10000,10104,0.6740
occupancy_grid,10000,10104,0.6377
occupancy_grid,10000,10104,0.5871
occupancy_grid,10000,10104,0.6669
occupancy_grid,10000,10104,0.6204
occupancy_grid,10000,10104,0.6452
occupancy_grid,10000,10104,0.7114
occupancy_grid,10000,10104,0.6421
occupancy_grid,10000,10104,0.6575
occupancy_grid,10000,10104,0.6620
occupancy_grid,10000,10104,0.6522
occupancy_grid,10000,10104,0.6421
occupancy_grid,10000,10104,0.7448
occupancy_grid,10000,10104,0.7155
occupancy_grid,10000,10104,0.6232
occupancy_grid,10000,10104,0.3542
occupancy_grid,10000,10104,0.6476
occupancy_grid,10000,10104,0.6370
occupancy_grid,10000,10104,0.6490
occupancy_grid,10000,10104,0.5750
occupancy_grid,10000,10104,0.6387
occupancy_grid,10000,10104,0.5972
occupancy_grid,10000,10104,0.5697
occupancy_grid,10000,10104,0.6116
occupancy_grid,10000,10104,0.5654
occupancy_grid,10000,10104,0.4699
occupancy_grid,10000,10104,0.6367
occupancy_grid,10000,10104,0.6323
occupancy_grid,10000,10104,0.6622
occupancy_grid,10000,10104,0.5945
occupancy_grid,10000,10104,0.7326
occupancy_grid,10000,10104,0.6986
occupancy_grid,10000,10104,0.5795
occupancy_grid,10000,10104,0.7254
occupancy_grid,10000,10104,0.6438
occupancy_grid,10000,10104,0.7598
occupancy_grid,10000,10104,0.7536
occupancy_grid,10000,10104,0.6070
occupancy_grid,10000,10104,0.6370
occupancy_grid,10000,10104,0.6302
occupancy_grid,10000,10104,0.6225
occupancy_grid,10000,10104,0.6196
occupancy_grid,10000,10104,0.6339
occupancy_grid,10000,10104,0.6718
occupancy_grid,10000,10104,0.6582
occupancy_grid,10000,10104,0.8517
occupancy_grid,10000,10104,0.5838
occupancy_grid,10000,10104,0.5716
occupancy_grid,10000,10104,0.5996
occupancy_grid,10000,10104,0.5675
occupancy_grid,10000,10104,0.8471
occupancy_grid,10000,10104,0.7440
occupancy_grid,10000,10104,0.7128
occupancy_grid,10000,10104,0.7653
occupancy_grid,10000,10104,0.7102
occupancy_grid,10000,10104,0.5787
occupancy_grid,10000,10104,0.6065
occupancy_grid,10000,10104,0.5662
occupancy_grid,10000,10104,0.5826
occupancy_grid,10000,10104,0.5506
occupancy_grid,10000,10104,0.6153
occupancy_grid,10000,10104,0.5889
occupancy_grid,10000,10104,0.5600
occupancy_grid,10000,10104,0.5915
occupancy_grid,10000,10104,0.5636
occupancy_grid,10000,10104,0.6276
occupancy_grid,10000,10104,0.7281
occupancy_grid,10000,10104,0.6606
occupancy_grid,10000,10104,0.6609
occupancy_grid,10000,10104,0.6181
occupancy_grid,10000,10104,0.7072
occupancy_grid,10000,10104,0.6288
occupancy_grid,10000,10104,0.6423
occupancy_grid,10000,10104,0.7849
occupancy_grid,10000,10104,0.6819
occupancy_grid,10000,10104,0.7116
occupancy_grid,10000,10104,0.5845
occupancy_grid,10000,10104,0.5993
occupancy_grid,10000,10104,0.6435
occupancy_grid,10000,10104,0.6192
occupancy_grid,10000,10104,0.6114
occupancy_grid,10000,10104,0.6027
occupancy_grid,10000,10104,0.5891
occupancy_grid,10000,10104,0.5989
occupancy_grid,10000,10104,0.6533
occupancy_grid,10000,10104,0.7154
occupancy_grid,10000,10104,0.6363
occupancy_grid,10000,10104,0.5315
occupancy_grid,10000,10104,0.5749
occupancy_grid,10000,10104,0.6926
occupancy_grid,10000,10104,0.6504
occupancy_grid,10000,10104,0.6707
occupancy_grid,10000,10104,0.6772
occupancy_grid,10000,10104,0.6701
occupancy_grid,10000,10104,0.7054
occupancy_grid,10000,10104,0.6084
occupancy_grid,10000,10104,0.6513
occupancy_grid,10000,10104,0.6403
occupancy_grid,10000,10104,0.5968
occupancy_grid,10000,10104,0.5345
occupancy_grid,10000,10104,0.6195
occupancy_grid,10000,10104,0.6468
occupancy_grid,10000,10104,0.6472
occupancy_grid,10000,10104,0.6783
occupancy_grid,10000,10104,0.6256
occupancy_grid,10000,10104,0.6190
occupancy_grid,10000,10104,0.5642
occupancy_grid,10000,10104,0.5923
occupancy_grid,10000,10104,0.6166
occupancy_grid,10000,10104,0.6325
occupancy_grid,10000,10104,0.6935
occupancy_grid,10000,10104,0.6659
occupancy_grid,10000,10104,0.6527
occupancy_grid,10000,10104,0.5923
occupancy_grid,10000,10104,0.6634
occupancy_grid,10000,10104,0.6769
occupancy_grid,10000,10104,0.6275
occupancy_grid,10000,10104,0.5955
occupancy_grid,10000,10104,0.7566
occupancy_grid,10000,10104,0.5918
occupancy_grid,10000,10104,0.6117
occupancy_grid,10000,10104,0.5438
occupancy_grid,10000,10104,0.5929
occupancy_grid,10000,10104,0.6053
occupancy_grid,10000,10104,0.5700
occupancy_grid,10000,10104,0.5614
occupancy_grid,10000,10104,0.6210
occupancy_grid,10000,10104,0.5595
occupancy_grid,10000,10104,0.6667
occupancy_grid,10000,10104,0.6155
occupancy_grid,10000,10104,0.7075
occupancy_grid,10000,10104,0.5887
occupancy_grid,10000,10104,0.7836
occupancy_grid,10000,10104,0.7050
occupancy_grid,10000,10104,0.6183
occupancy_grid,10000,10104,0.6379
occupancy_grid,10000,10104,0.6352
occupancy_grid,10000,10104,0.5869
occupancy_grid,10000,10104,0.6134
occupancy_grid,10000,10104,0.7034
occupancy_grid,10000,10104,0.6987
occupancy_grid,10000,10104,0.6745
occupancy_grid,10000,10104,0.5783
occupancy_grid,10000,10104,0.6090
occupancy_grid,10000,10104,0.7016
occupancy_grid,10000,10104,0.6804
occupancy_grid,10000,10104,0.5851
occupancy_grid,10000,10104,0.5674
occupancy_grid,10000,10104,0.6518
occupancy_grid,10000,10104,0.6554
occupancy_grid,10000,10104,0.7126
occupancy_grid,10000,10104,0.6573
occupancy_grid,10000,10104,0.6813
occupancy_grid,10000,10104,0.6685
occupancy_grid,10000,10104,0.6555
occupancy_grid,10000,10104,0.7095
occupancy_grid,10000,10104,0.6856
occupancy_grid,10000,10104,0.5790
occupancy_grid,10000,10104,0.6286
occupancy_grid,10000,10104,0.6706
occupancy_grid,10000,10104,0.7143
occupancy_grid,10000,10104,0.6517
occupancy_grid,10000,10104,0.6071
occupancy_grid,10000,10104,0.6219
occupancy_grid,10000,10104,0.6533
occupancy_grid,10000,10104,0.7232
occupancy_grid,10000,10104,0.6579
occupancy_grid,10000,10104,0.5837
occupancy_grid,10000,10104,0.6684
occupancy_grid,10000,10104,0.6563
occupancy_grid,10000,10104,0.6096
occupancy_grid,10000,10104,0.6870
occupancy_grid,10000,10104,0.5432
occupancy_grid,10000,10104,0.7164
occupancy_grid,10000,10104,0.7306
occupancy_grid,10000,10104,0.6682
occupancy_grid,10000,10104,0.5023
occupancy_grid,10000,10104,0.6232
occupancy_grid,10000,10104,0.6225
occupancy_grid,10000,10104,0.6385
occupancy_grid,10000,10104,0.5974
occupancy_grid,10000,10104,0.6315
occupancy_grid,10000,10104,0.6488
occupancy_grid,10000,10104,0.7075
occupancy_grid,10000,10104,0.6072
occupancy_grid,10000,10104,0.6315
occupancy_grid,10000,10104,0.5727
occupancy_grid,10000,10104,0.6106
occupancy_grid,10000,10104,0.6686
occupancy_grid,10000,10104,0.5822
occupancy_grid,10000,10104,0.6312
occupancy_grid,10000,10104,0.6551
occupancy_grid,10000,10104,0.6802
occupancy_grid,10000,10104,0.7416
occupancy_grid,10000,10104,0.6281
occupancy_grid,10000,10104,0.6986
occupancy_grid,10000,10104,0.6484
occupancy_grid,10000,10104,0.5536
occupancy_grid,10000,10104,0.6439
occupancy_grid,10000,10104,0.6367
occupancy_grid,10000,10104,0.6828
occupancy_grid,10000,10104,0.7166
occupancy_grid,10000,10104,0.5960
occupancy_grid,10000,10104,0.6375
occupancy_grid,10000,10104,0.6257
occupancy_grid,10000,10104,0.6579
occupancy_grid,10000,10104,0.5900
occupancy_grid,10000,10104,0.5936
occupancy_grid,10000,10104,0.5761
occupancy_grid,10000,10104,0.6796
occupancy_grid,10000,10104,0.6963
occupancy_grid,10000,10104,0.6142
occupancy_grid,10000,10104,0.5497
occupancy_grid,10000,10104,0.6182
occupancy_grid,10000,10104,0.6360
occupancy_grid,10000,10104,0.7205
occupancy_grid,10000,10104,0.6001
occupancy_grid,10000,10104,0.6151
occupancy_grid,10000,10104,0.6469
occupancy_grid,10000,10104,0.6050
occupancy_grid,10000,10104,0.6669
occupancy_grid,10000,10104,0.7371
occupancy_grid,10000,10104,0.6394
occupancy_grid,10000,10104,0.7341
occupancy_grid,10000,10104,0.5819
occupancy_grid,10000,10104,0.5967
occupancy_grid,10000,10104,0.5899
occupancy_grid,10000,10104,0.5869
occupancy_grid,10000,10104,0.6716
occupancy_grid,10000,10104,0.6446
occupancy_grid,10000,10104,0.6328
occupancy_grid,10000,10104,0.5407
occupancy_grid,10000,10104,0.5557
occupancy_grid,10000,10104,0.6388
occupancy_grid,10000,10104,0.6985
occupancy_grid,10000,10104,0.7311
occupancy_grid,10000,10104,0.5741
occupancy_grid,10000,10104,0.6158
occupancy_grid,10000,10104,0.6671
occupancy_grid,10000,10104,0.5813
occupancy_grid,10000,10104,0.6385
occupancy_grid,10000,10104,0.5945
occupancy_grid,10000,10104,0.5261
occupancy_grid,10000,10104,0.5602
occupancy_grid,10000,10104,0.5111
occupancy_grid,10000,10104,0.6475
occupancy_grid,10000,10104,0.5192
occupancy_grid,10000,10104,0.5146
occupancy_grid,10000,10104,0.5344
occupancy_grid,10000,10104,0.4623
occupancy_grid,10000,10104,0.5567
occupancy_grid,10000,10104,0.4787
occupancy_grid,10000,10104,0.5178
occupancy_grid,10000,10104,0.5285
occupancy_grid,10000,10104,0.6033
occupancy_grid,10000,10104,0.6308
occupancy_grid,10000,10104,0.5990
occupancy_grid,10000,10104,0.5645
occupancy_grid,10000,10104,0.7446
occupancy_grid,10000,10104,0.5888
occupancy_grid,10000,10104,0.6825
occupancy_grid,10000,10104,0.4975
occupancy_grid,10000,10104,0.5347
occupancy_grid,10000,10104,0.5795
occupancy_grid,10000,10104,0.5514
occupancy_grid,10000,10104,0.5495
occupancy_grid,10000,10104,0.5307
occupancy_grid,10000,10104,0.4759
occupancy_grid,10000,10104,0.5287
occupancy_grid,10000,10104,0.4451
occupancy_grid,10000,10104,0.7666
occupancy_grid,10000,10104,0.5162
occupancy_grid,10000,10104,0.5041
occupancy_grid,10000,10104,0.5875
occupancy_grid,10000,10104,0.5440
occupancy_grid,10000,10104,0.6941
occupancy_grid,10000,10104,0.6527
occupancy_grid,10000,10104,0.5723
occupancy_grid,10000,10104,0.5483
occupancy_grid,10000,10104,0.4713
occupancy_grid,10000,10104,0.5587
occupancy_grid,10000,10104,0.5345
occupancy_grid,10000,10104,0.5583
occupancy_grid,10000,10104,0.5972
occupancy_grid,10000,10104,0.5837
occupancy_grid,10000,10104,0.7486
occupancy_grid,10000,10104,0.5269
occupancy_grid,10000,10104,0.5091
occupancy_grid,10000,10104,0.6014
occupancy_grid,10000,10104,0.5346
occupancy_grid,10000,10104,0.6093
occupancy_grid,10000,10104,0.4956
occupancy_grid,10000,10104,0.4889
occupancy_grid,10000,10104,0.5095
occupancy_grid,10000,10104,0.5097
occupancy_grid,10000,10104,0.5730
occupancy_grid,10000,10104,0.5689
occupancy_grid,10000,10104,0.5026
occupancy_grid,10000,10104,0.5147
occupancy_grid,10000,10104,0.5092
occupancy_grid,10000,10104,0.5456
occupancy_grid,10000,10104,0.5061
occupancy_grid,10000,10104,0.4799
occupancy_grid,10000,10104,0.5073
occupancy_grid,10000,10104,0.5698
occupancy_grid,10000,10104,0.6346
occupancy_grid,10000,10104,0.5656
occupancy_grid,10000,10104,0.4520
occupancy_grid,10000,10104,0.5202
occupancy_grid,10000,10104,0.4473
occupancy_grid,10000,10104,0.5072
occupancy_grid,10000,10104,0.4726
occupancy_grid,10000,10104,0.4976
occupancy_grid,10000,10104,0.5162
occupancy_grid,10000,10104,0.4811
occupancy_grid,10000,10104,0.5126
occupancy_grid,10000,10104,0.5810
occupancy_grid,10000,10104,0.5078
occupancy_grid,10000,10104,0.7063
occupancy_grid,10000,10104,0.4746
occupancy_grid,10000,10104,0.5873
occupancy_grid,10000,10104,0.4975
occupancy_grid,10000,10104,0.4572
occupancy_grid,10000,10104,0.5314
occupancy_grid,10000,10104,0.5048
occupancy_grid,10000,10104,0.6279
occupancy_grid,10000,10104,0.5603
occupancy_grid,10000,10104,0.5098
occupancy_grid,10000,10104,0.4935
occupancy_grid,10000,10104,0.4452
occupancy_grid,10000,10104,0.5235
occupancy_grid,10000,10104,0.4922
occupancy_grid,10000,10104,0.4822
occupancy_grid,10000,10104,0.5949
occupancy_grid,10000,10104,0.4665
occupancy_grid,10000,10104,0.5093
occupancy_grid,10000,10104,0.6367
occupancy_grid,10000,10104,0.5306
occupancy_grid,10000,10104,0.5224
occupancy_grid,10000,10104,0.4768
occupancy_grid,10000,10104,0.5315
occupancy_grid,10000,10104,0.4886
occupancy_grid,10000,10104,0.5035
occupancy_grid,10000,10104,0.5256
occupancy_grid,10000,10104,0.4654
occupancy_grid,10000,10104,0.5059
occupancy_grid,10000,10104,0.7114
occupancy_grid,10000,10104,0.5483
occupancy_grid,10000,10104,0.5304
occupancy_grid,10000,10104,0.4716
occupancy_grid,10000,10104,0.5075
occupancy_grid,10000,10104,0.5001
occupancy_grid,10000,10104,0.4670
occupancy_grid,10000,10104,0.5255
occupancy_grid,10000,10104,0.5062
occupancy_grid,10000,10104,0.5174
occupancy_grid,10000,10104,0.6876
occupancy_grid,10000,10104,0.5468
occupancy_grid,10000,10104,0.5341
occupancy_grid,10000,10104,0.4759
occupancy_grid,10000,10104,0.6768
occupancy_grid,10000,10104,0.5222
occupancy_grid,10000,10104,0.4480
occupancy_grid,10000,10104,0.4997
occupancy_grid,10000,10104,0.4544
occupancy_grid,10000,10104,0.5792
occupancy_grid,10000,10104,0.5167
occupancy_grid,10000,10104,0.3886
occupancy_grid,10000,10104,0.6457
occupancy_grid,10000,10104,0.5649
occupancy_grid,10000,10104,0.5981
occupancy_grid,10000,10104,0.5555
occupancy_grid,10000,10104,0.5584
occupancy_grid,10000,10104,0.6027
occupancy_grid,10000,10104,0.5205
occupancy_grid,10000,10104,0.5934
occupancy_grid,10000,10104,0.5459
occupancy_grid,10000,10104,0.5377
occupancy_grid,10000,10104,0.7226
occupancy_grid,10000,10104,0.5019
occupancy_grid,10000,10104,0.7523
occupancy_grid,10000,10104,0.6744
occupancy_grid,10000,10104,0.4934
occupancy_grid,10000,10104,0.5993
occupancy_grid,10000,10104,0.5738
occupancy_grid,10000,10104,0.5606
occupancy_grid,10000,10104,0.5450
occupancy_grid,10000,10104,0.5194
occupancy_grid,10000,10104,0.6461
occupancy_grid,10000,10104,0.5590
occupancy_grid,10000,10104,0.6234
occupancy_grid,10000,10104,0.5700
occupancy_grid,10000,10104,0.5290
occupancy_grid,10000,10104,0.5554
occupancy_grid,10000,10104,0.5720
occupancy_grid,10000,10104,0.7132
occupancy_grid,10000,10104,0.5840
occupancy_grid,10000,10104,0.7457
occupancy_grid,10000,10104,0.7229
occupancy_grid,10000,10104,0.6207
occupancy_grid,10000,10104,0.6093
occupancy_grid,10000,10104,0.6333
occupancy_grid,10000,10104,0.6592
occupancy_grid,10000,10104,0.6999
occupancy_grid,10000,10104,0.5233
occupancy_grid,10000,10104,0.6592
occupancy_grid,10000,10104,0.6800
occupancy_grid,10000,10104,0.5840
occupancy_grid,10000,10104,0.6185
occupancy_grid,10000,10104,0.6325
occupancy_grid,10000,10104,0.6296
occupancy_grid,10000,10104,0.6591
occupancy_grid,10000,10104,0.5370
occupancy_grid,10000,10104,0.6605
occupancy_grid,10000,10104,0.6437
occupancy_grid,10000,10104,0.6366
occupancy_grid,10000,10104,0.6256
occupancy_grid,10000,10104,0.6991
occupancy_grid,10000,10104,0.7217
occupancy_grid,10000,10104,0.4922
occupancy_grid,10000,10104,0.5852
occupancy_grid,10000,10104,0.5615
occupancy_grid,10000,10104,0.6090
occupancy_grid,10000,10104,0.6023
occupancy_grid,10000,10104,0.5340
occupancy_grid,10000,10104,0.6164
occupancy_grid,10000,10104,0.6082
occupancy_grid,10000,10104,0.5405
occupancy_grid,10000,10104,0.5411
occupancy_grid,10000,10104,0.7126
occupancy_grid,10000,10104,0.7325
occupancy_grid,10000,10104,0.5435
occupancy_grid,10000,10104,0.6220
occupancy_grid,10000,10104,0.6016
occupancy_grid,10000,10104,0.5288
occupancy_grid,10000,10104,0.5631
occupancy_grid,10000,10104,0.5173
occupancy_grid,10000,10104,0.6929
occupancy_grid,10000,10104,0.7459
occupancy_grid,10000,10104,0.5887
occupancy_grid,10000,10104,0.6885
occupancy_grid,10000,10104,0.5600
occupancy_grid,10000,10104,0.5297
occupancy_grid,10000,10104,0.6141
occupancy_grid,10000,10104,0.5771
occupancy_grid,10000,10104,0.6283
occupancy_grid,10000,10104,0.5971
occupancy_grid,10000,10104,0.5383
occupancy_grid,10000,10104,0.7046
occupancy_grid,10000,10104,0.5560
occupancy_grid,10000,10104,0.7389
occupancy_grid,10000,10104,0.6306
occupancy_grid,10000,10104,0.5693
occupancy_grid,10000,10104,0.6610
occupancy_grid,10000,10104,0.6195
occupancy_grid,10000,10104,0.6193
occupancy_grid,10000,10104,0.6219
occupancy_grid,50000,50104,0.7549
occupancy_grid,50000,50104,0.6814
occupancy_grid,50000,50104,0.7579
occupancy_grid,50000,50104,0.8601
occupancy_grid,50000,50104,0.7400
occupancy_grid,50000,50104,0.6607
occupancy_grid,50000,50104,0.7550
occupancy_grid,50000,50104,0.7127
occupancy_grid,50000,50104,0.7406
occupancy_grid,50000,50104,0.7756
occupancy_grid,50000,50104,0.7869
occupancy_grid,50000,50104,0.6943
occupancy_grid,50000,50104,0.7352
occupancy_grid,50000,50104,0.8265
occupancy_grid,50000,50104,0.7971
occupancy_grid,50000,50104,0.8490
occupancy_grid,50000,50104,0.7884
occupancy_grid,50000,50104,0.7964
occupancy_grid,50000,50104,0.6964
occupancy_grid,50000,50104,0.7227
occupancy_grid,50000,50104,0.6995
occupancy_grid,50000,50104,0.7850
occupancy_grid,50000,50104,0.7789
occupancy_grid,50000,50104,0.6125
occupancy_grid,50000,50104,0.7516
occupancy_grid,50000,50104,0.7721
occupancy_grid,50000,50104,0.7668
occupancy_grid,50000,50104,0.6919
occupancy_grid,50000,50104,0.7169
occupancy_grid,50000,50104,0.7471
occupancy_grid,50000,50104,0.7816
occupancy_grid,50000,50104,0.7004
occupancy_grid,50000,50104,0.7683
occupancy_grid,50000,50104,0.7395
occupancy_grid,50000,50104,0.8727
occupancy_grid,50000,50104,0.7773
occupancy_grid,50000,50104,0.7368
occupancy_grid,50000,50104,0.7244
occupancy_grid,50000,50104,0.7120
occupancy_grid,50000,50104,0.6483
occupancy_grid,50000,50104,0.7418
occupancy_grid,50000,50104,0.6858
occupancy_grid,50000,50104,0.7462
occupancy_grid,50000,50104,0.6913
occupancy_grid,50000,50104,0.7129
occupancy_grid,50000,50104,0.7972
occupancy_grid,50000,50104,0.7860
occupancy_grid,50000,50104,0.7043
occupancy_grid,50000,50104,0.6618
occupancy_grid,50000,50104,0.7887
occupancy_grid,50000,50104,0.7877
occupancy_grid,50000,50104,0.7634
occupancy_grid,50000,50104,0.7424
occupancy_grid,50000,50104,0.6838
occupancy_grid,50000,50104,0.7524
occupancy_grid,50000,50104,0.8809
occupancy_grid,50000,50104,0.7822
occupancy_grid,50000,50104,0.8088
occupancy_grid,50000,50104,0.7035
occupancy_grid,50000,50104,0.7819
occupancy_grid,50000,50104,0.7252
occupancy_grid,50000,50104,0.6978
occupancy_grid,50000,50104,0.6976
occupancy_grid,50000,50104,0.8141
occupancy_grid,50000,50104,0.7264
occupancy_grid,50000,50104,0.7208
occupancy_grid,50000,50104,0.7483
occupancy_grid,50000,50104,0.7374
occupancy_grid,50000,50104,0.6579
occupancy_grid,50000,50104,0.8039
occupancy_grid,50000,50104,0.7952
occupancy_grid,50000,50104,0.7677
occupancy_grid,50000,50104,0.7526
occupancy_grid,50000,50104,0.6945
occupancy_grid,50000,50104,0.7331
occupancy_grid,50000,50104,0.9081
occupancy_grid,50000,50104,0.8278
occupancy_grid,50000,50104,0.7432
occupancy_grid,50000,50104,0.7194
occupancy_grid,50000,50104,0.7412
occupancy_grid,50000,50104,0.6960
occupancy_grid,50000,50104,0.7884
occupancy_grid,50000,50104,0.7486
occupancy_grid,50000,50104,0.6986
occupancy_grid,50000,50104,0.7230
occupancy_grid,50000,50104,0.7554
occupancy_grid,50000,50104,0.7613
occupancy_grid,50000,50104,0.7318
occupancy_grid,50000,50104,0.7147
occupancy_grid,50000,50104,0.7145
occupancy_grid,50000,50104,0.7553
occupancy_grid,50000,50104,0.7819
occupancy_grid,50000,50104,0.7913
occupancy_grid,50000,50104,0.7557
occupancy_grid,50000,50104,0.7274
occupancy_grid,50000,50104,0.7388
occupancy_grid,50000,50104,0.7970
occupancy_grid,50000,50104,0.7175
occupancy_grid,50000,50104,0.7023
occupancy_grid,50000,50104,0.7552
occupancy_grid,50000,50104,0.8129
occupancy_grid,50000,50104,0.7443
occupancy_grid,50000,50104,0.7770
occupancy_grid,50000,50104,0.7383
occupancy_grid,50000,50104,0.7314
occupancy_grid,50000,50104,0.7544
occupancy_grid,50000,50104,0.7609
occupancy_grid,50000,50104,0.7444
occupancy_grid,50000,50104,0.6784
occupancy_grid,50000,50104,0.7585
occupancy_grid,50000,50104,0.7102
occupancy_grid,50000,50104,0.7828
occupancy_grid,50000,50104,0.8698
occupancy_grid,50000,50104,0.6846
occupancy_grid,50000,50104,0.7678
occupancy_grid,50000,50104,0.6757
occupancy_grid,50000,50104,0.7854
occupancy_grid,50000,50104,0.8460
occupancy_grid,50000,50104,0.6916
occupancy_grid,50000,50104,0.7689
occupancy_grid,50000,50104,0.8168
occupancy_grid,50000,50104,0.7652
occupancy_grid,50000,50104,0.7301
occupancy_grid,50000,50104,0.7145
occupancy_grid,50000,50104,0.9241
occupancy_grid,50000,50104,0.6440
occupancy_grid,50000,50104,0.7185
occupancy_grid,50000,50104,0.6826
occupancy_grid,50000,50104,0.6397
occupancy_grid,50000,50104,0.7311
occupancy_grid,50000,50104,0.6793
occupancy_grid,50000,50104,0.6567
occupancy_grid,50000,50104,0.6614
occupancy_grid,50000,50104,0.7558
occupancy_grid,50000,50104,0.7146
occupancy_grid,50000,50104,0.7314
occupancy_grid,50000,50104,0.9289
occupancy_grid,50000,50104,0.8200
occupancy_grid,50000,50104,0.7938
occupancy_grid,50000,50104,0.9207
occupancy_grid,50000,50104,0.9110
occupancy_grid,50000,50104,0.7571
occupancy_grid,50000,50104,0.8116
occupancy_grid,50000,50104,0.6667
occupancy_grid,50000,50104,0.6552
occupancy_grid,50000,50104,0.7082
occupancy_grid,50000,50104,0.7405
occupancy_grid,50000,50104,0.7344
occupancy_grid,50000,50104,0.7194
occupancy_grid,50000,50104,0.6922
occupancy_grid,50000,50104,0.6230
occupancy_grid,50000,50104,0.6817
occupancy_grid,50000,50104,0.6702
occupancy_grid,50000,50104,0.7615
occupancy_grid,50000,50104,0.8141
occupancy_grid,50000,50104,0.7709
occupancy_grid,50000,50104,0.7535
occupancy_grid,50000,50104,0.8337
occupancy_grid,50000,50104,0.5717
occupancy_grid,50000,50104,0.6109
occupancy_grid,50000,50104,0.7267
occupancy_grid,50000,50104,0.6715
occupancy_grid,50000,50104,0.6369
occupancy_grid,50000,50104,0.5804
occupancy_grid,50000,50104,0.6341
occupancy_grid,50000,50104,0.6353
occupancy_grid,50000,50104,0.8324
occupancy_grid,50000,50104,0.7157
occupancy_grid,50000,50104,0.6097
occupancy_grid,50000,50104,0.6458
occupancy_grid,50000,50104,0.6593
occupancy_grid,50000,50104,0.7978
occupancy_grid,50000,50104,0.7773
occupancy_grid,50000,50104,0.6955
occupancy_grid,50000,50104,0.6656
occupancy_grid,50000,50104,0.7933
occupancy_grid,50000,50104,0.7398
occupancy_grid,50000,50104,0.6704
occupancy_grid,50000,50104,0.6928
occupancy_grid,50000,50104,0.6796
occupancy_grid,50000,50104,0.7063
occupancy_grid,50000,50104,0.6487
occupancy_grid,50000,50104,0.6385
occupancy_grid,50000,50104,0.5847
occupancy_grid,50000,50104,0.6270
occupancy_grid,50000,50104,0.6943
occupancy_grid,50000,50104,0.6249
occupancy_grid,50000,50104,0.6663
occupancy_grid,50000,50104,0.5847
occupancy_grid,50000,50104,1.1940
occupancy_grid,50000,50104,0.6680
occupancy_grid,50000,50104,0.7020
occupancy_grid,50000,50104,0.6878
occupancy_grid,50000,50104,0.6233
occupancy_grid,50000,50104,0.6728
occupancy_grid,50000,50104,0.7113
occupancy_grid,50000,50104,0.7532
occupancy_grid,50000,50104,0.6680
occupancy_grid,50000,50104,0.7245
occupancy_grid,50000,50104,0.6205
occupancy_grid,50000,50104,0.5888
occupancy_grid,50000,50104,0.7921
occupancy_grid,50000,50104,0.7366
occupancy_grid,50000,50104,0.7170
occupancy_grid,50000,50104,0.6703
occupancy_grid,50000,50104,0.8089
occupancy_grid,50000,50104,0.6208
occupancy_grid,50000,50104,0.6726
occupancy_grid,50000,50104,0.6057
occupancy_grid,50000,50104,0.6685
occupancy_grid,50000,50104,0.7143
occupancy_grid,50000,50104,0.7045
occupancy_grid,50000,50104,1.0684
occupancy_grid,50000,50104,0.7082
occupancy_grid,50000,50104,0.6598
occupancy_grid,50000,50104,0.8655
occupancy_grid,50000,50104,0.7199
occupancy_grid,50000,50104,0.7662
occupancy_grid,50000,50104,0.6176
occupancy_grid,50000,50104,0.6860
occupancy_grid,50000,50104,0.6742
occupancy_grid,50000,50104,0.6805
occupancy_grid,50000,50104,0.7007
occupancy_grid,50000,50104,0.5836
occupancy_grid,50000,50104,0.6448
occupancy_grid,50000,50104,0.8377
occupancy_grid,50000,50104,0.6627
occupancy_grid,50000,50104,0.6485
occupancy_grid,50000,50104,0.5787
occupancy_grid,50000,50104,0.6827
occupancy_grid,50000,50104,0.6523
occupancy_grid,50000,50104,0.6819
occupancy_grid,50000,50104,0.6755
occupancy_grid,50000,50104,0.7136
occupancy_grid,50000,50104,0.7112
occupancy_grid,50000,50104,0.7331
occupancy_grid,50000,50104,0.8211
occupancy_grid,50000,50104,0.7458
occupancy_grid,50000,50104,0.7670
occupancy_grid,50000,50104,0.8385
occupancy_grid,50000,50104,0.6839
occupancy_grid,50000,50104,0.6493
occupancy_grid,50000,50104,0.8100
occupancy_grid,50000,50104,0.7492
occupancy_grid,50000,50104,0.6455
occupancy_grid,50000,50104,0.6398
occupancy_grid,50000,50104,0.6760
occupancy_grid,50000,50104,0.6448
occupancy_grid,50000,50104,0.6089
occupancy_grid,50000,50104,0.6484
occupancy_grid,50000,50104,0.6675
occupancy_grid,50000,50104,0.6273
occupancy_grid,50000,50104,0.6949
occupancy_grid,50000,50104,0.6051
occupancy_grid,50000,50104,0.5903
occupancy_grid,50000,50104,0.6697
occupancy_grid,50000,50104,0.6652
occupancy_grid,50000,50104,0.6619
occupancy_grid,50000,50104,0.6042
occupancy_grid,50000,50104,0.7141
occupancy_grid,50000,50104,0.6850
occupancy_grid,50000,50104,0.6600
occupancy_grid,50000,50104,0.9995
occupancy_grid,50000,50104,0.6970
occupancy_grid,50000,50104,0.7782
occupancy_grid,50000,50104,0.7098
occupancy_grid,50000,50104,0.7485
occupancy_grid,50000,50104,0.8892
occupancy_grid,50000,50104,0.7312
occupancy_grid,50000,50104,0.7262
occupancy_grid,50000,50104,0.7189
occupancy_grid,50000,50104,0.7406
occupancy_grid,50000,50104,0.6867
occupancy_grid,50000,50104,0.7898
occupancy_grid,50000,50104,0.8531
occupancy_grid,50000,50104,0.5951
occupancy_grid,50000,50104,0.6114
occupancy_grid,50000,50104,0.5950
occupancy_grid,50000,50104,0.6507
occupancy_grid,50000,50104,0.7549
occupancy_grid,50000,50104,0.7729
occupancy_grid,50000,50104,0.6843
occupancy_grid,50000,50104,0.7742
occupancy_grid,50000,50104,0.5722
occupancy_grid,50000,50104,0.7655
occupancy_grid,50000,50104,0.8060
occupancy_grid,50000,50104,0.7274
occupancy_grid,50000,50104,0.7084
occupancy_grid,50000,50104,0.6156
occupancy_grid,50000,50104,0.6656
occupancy_grid,50000,50104,0.5644
occupancy_grid,50000,50104,0.6965
occupancy_grid,50000,50104,0.7389
occupancy_grid,50000,50104,0.6942
occupancy_grid,50000,50104,0.7187
occupancy_grid,50000,50104,0.7100
occupancy_grid,50000,50104,0.7128
occupancy_grid,50000,50104,0.6751
occupancy_grid,50000,50104,0.6983
occupancy_grid,50000,50104,0.7492
occupancy_grid,50000,50104,0.8711
occupancy_grid,50000,50104,0.6588
occupancy_grid,50000,50104,0.7349
occupancy_grid,50000,50104,0.6604
occupancy_grid,50000,50104,0.6245
occupancy_grid,50000,50104,0.7237
occupancy_grid,50000,50104,0.7259
occupancy_grid,50000,50104,0.6737
occupancy_grid,50000,50104,0.6863
occupancy_grid,50000,50104,0.7561
occupancy_grid,50000,50104,0.7369
occupancy_grid,50000,50104,0.7311
occupancy_grid,50000,50104,0.8334
occupancy_grid,50000,50104,0.6121
occupancy_grid,50000,50104,0.6437
occupancy_grid,50000,50104,0.7074
occupancy_grid,50000,50104,0.7850
occupancy_grid,50000,50104,0.7218
occupancy_grid,50000,50104,0.6682
occupancy_grid,50000,50104,0.7898
occupancy_grid,50000,50104,0.8572
occupancy_grid,50000,50104,0.9568
occupancy_grid,50000,50104,0.8193
occupancy_grid,50000,50104,0.7008
occupancy_grid,50000,50104,0.6976
occupancy_grid,50000,50104,0.7064
occupancy_grid,50000,50104,0.8448
occupancy_grid,50000,50104,0.7134
occupancy_grid,50000,50104,0.6872
occupancy_grid,50000,50104,0.7264
occupancy_grid,50000,50104,0.7311
occupancy_grid,50000,50104,0.8646
occupancy_grid,50000,50104,0.8188
occupancy_grid,50000,50104,0.7214
occupancy_grid,50000,50104,0.6769
occupancy_grid,50000,50104,0.6869
occupancy_grid,50000,50104,0.7625
occupancy_grid,50000,50104,0.7244
occupancy_grid,50000,50104,0.6050
occupancy_grid,50000,50104,0.6884
occupancy_grid,50000,50104,0.8686
occupancy_grid,50000,50104,0.7939
occupancy_grid,50000,50104,0.8492
occupancy_grid,50000,50104,0.6320
occupancy_grid,50000,50104,0.5987
occupancy_grid,50000,50104,0.7410
occupancy_grid,50000,50104,0.6675
occupancy_grid,50000,50104,0.6485
occupancy_grid,50000,50104,0.6726
occupancy_grid,50000,50104,0.7542
occupancy_grid,50000,50104,0.6675
occupancy_grid,50000,50104,0.5844
occupancy_grid,50000,50104,0.6497
occupancy_grid,50000,50104,0.6037
occupancy_grid,50000,50104,0.7378
occupancy_grid,50000,50104,0.5754
occupancy_grid,50000,50104,0.6694
occupancy_grid,50000,50104,0.6190
occupancy_grid,50000,50104,0.6639
occupancy_grid,50000,50104,0.7890
occupancy_grid,50000,50104,0.7117
occupancy_grid,50000,50104,0.7558
occupancy_grid,50000,50104,0.6548
occupancy_grid,50000,50104,0.7006
occupancy_grid,50000,50104,0.6523
occupancy_grid,50000,50104,0.6716
occupancy_grid,50000,50104,0.7786
occupancy_grid,50000,50104,0.6552
occupancy_grid,50000,50104,0.7326
occupancy_grid,50000,50104,0.6493
occupancy_grid,50000,50104,0.8004
occupancy_grid,50000,50104,0.7696
occupancy_grid,50000,50104,0.7061
occupancy_grid,50000,50104,0.7873
occupancy_grid,50000,50104,0.7625
occupancy_grid,50000,50104,0.6493
occupancy_grid,50000,50104,0.7767
occupancy_grid,50000,50104,0.6976
occupancy_grid,50000,50104,0.6803
occupancy_grid,50000,50104,0.6419
occupancy_grid,50000,50104,0.7313
occupancy_grid,50000,50104,0.6038
occupancy_grid,50000,50104,0.7240
occupancy_grid,50000,50104,0.6338
occupancy_grid,50000,50104,0.6826
occupancy_grid,50000,50104,0.8197
occupancy_grid,50000,50104,0.7991
occupancy_grid,50000,50104,0.8391
occupancy_grid,50000,50104,0.6420
occupancy_grid,50000,50104,0.6231
occupancy_grid,50000,50104,0.6785
occupancy_grid,50000,50104,0.6459
occupancy_grid,50000,50104,0.6811
occupancy_grid,50000,50104,0.7104
occupancy_grid,50000,50104,0.6840
occupancy_grid,50000,50104,0.7561
occupancy_grid,50000,50104,0.6949
occupancy_grid,50000,50104,0.6566
occupancy_grid,50000,50104,0.6521
occupancy_grid,50000,50104,0.6824
occupancy_grid,50000,50104,0.8103
occupancy_grid,50000,50104,0.6830
occupancy_grid,50000,50104,0.8549
occupancy_grid,50000,50104,0.7936
occupancy_grid,50000,50104,0.7923
occupancy_grid,50000,50104,0.8248
occupancy_grid,50000,50104,0.9032
occupancy_grid,50000,50104,0.7791
occupancy_grid,50000,50104,0.6825
occupancy_grid,50000,50104,0.7519
occupancy_grid,50000,50104,0.7719
occupancy_grid,50000,50104,0.7167
occupancy_grid,50000,50104,0.7212
occupancy_grid,50000,50104,0.6845
occupancy_grid,50000,50104,0.7914
occupancy_grid,50000,50104,0.6314
occupancy_grid,50000,50104,0.5596
occupancy_grid,50000,50104,0.7904
occupancy_grid,50000,50104,0.6584
occupancy_grid,50000,50104,0.7975
occupancy_grid,50000,50104,0.7577
occupancy_grid,50000,50104,0.7081
occupancy_grid,50000,50104,0.8382
occupancy_grid,50000,50104,0.8726
occupancy_grid,50000,50104,0.8578
occupancy_grid,50000,50104,0.8142
occupancy_grid,50000,50104,0.8655
occupancy_grid,50000,50104,0.7771
occupancy_grid,50000,50104,0.8142
occupancy_grid,50000,50104,0.7711
occupancy_grid,50000,50104,0.7932
occupancy_grid,50000,50104,0.7752
occupancy_grid,50000,50104,0.7779
occupancy_grid,50000,50104,0.6688
occupancy_grid,50000,50104,0.6778
occupancy_grid,50000,50104,0.7690
occupancy_grid,50000,50104,0.7124
occupancy_grid,50000,50104,0.7344
occupancy_grid,50000,50104,0.6769
occupancy_grid,50000,50104,0.6734
occupancy_grid,50000,50104,0.6923
occupancy_grid,50000,50104,0.7204
occupancy_grid,50000,50104,0.7915
occupancy_grid,50000,50104,0.8744
occupancy_grid,50000,50104,0.9446
occupancy_grid,50000,50104,0.7141
occupancy_grid,50000,50104,0.7064
occupancy_grid,50000,50104,0.7471
occupancy_grid,50000,50104,0.6444
occupancy_grid,50000,50104,0.7372
occupancy_grid,50000,50104,0.6356
occupancy_grid,50000,50104,0.6615
occupancy_grid,50000,50104,0.8439
occupancy_grid,50000,50104,0.7745
occupancy_grid,50000,50104,0.7567
occupancy_grid,50000,50104,0.7125
occupancy_grid,50000,50104,0.7730
occupancy_grid,50000,50104,0.5654
occupancy_grid,50000,50104,0.5871
occupancy_grid,50000,50104,0.6942
occupancy_grid,50000,50104,0.5659
occupancy_grid,50000,50104,0.5883
occupancy_grid,50000,50104,0.7244
occupancy_grid,50000,50104,0.7796
occupancy_grid,50000,50104,0.7899
occupancy_grid,50000,50104,0.8433
occupancy_grid,50000,50104,0.7590
occupancy_grid,50000,50104,0.7568
occupancy_grid,50000,50104,0.7449
occupancy_grid,50000,50104,0.7122
occupancy_grid,50000,50104,0.7665
occupancy_grid,50000,50104,0.8002
occupancy_grid,50000,50104,0.7506
occupancy_grid,50000,50104,0.6141
occupancy_grid,50000,50104,0.6542
occupancy_grid,50000,50104,0.6428
occupancy_grid,50000,50104,0.6424
occupancy_grid,50000,50104,0.7943
occupancy_grid,50000,50104,0.7052
occupancy_grid,50000,50104,0.7272
occupancy_grid,50000,50104,0.6579
occupancy_grid,50000,50104,0.7213
occupancy_grid,50000,50104,0.7400
occupancy_grid,50000,50104,0.7575
occupancy_grid,50000,50104,0.8514
occupancy_grid,50000,50104,0.7828
occupancy_grid,50000,50104,0.8406
occupancy_grid,50000,50104,0.7751
occupancy_grid,50000,50104,0.7092
occupancy_grid,50000,50104,0.7639
occupancy_grid,50000,50104,0.7732
occupancy_grid,50000,50104,0.7364
occupancy_grid,50000,50104,0.7658
occupancy_grid,50000,50104,0.7243
occupancy_grid,50000,50104,0.7298
occupancy_grid,50000,50104,0.7848
occupancy_grid,50000,50104,0.7908
occupancy_grid,50000,50104,0.7839
occupancy_grid,50000,50104,0.7357
occupancy_grid,50000,50104,0.7185
occupancy_grid,50000,50104,0.7315
occupancy_grid,50000,50104,0.8324
occupancy_grid,50000,50104,0.7164
occupancy_grid,50000,50104,0.7093
occupancy_grid,50000,50104,0.7610
occupancy_grid,50000,50104,0.8122
occupancy_grid,50000,50104,0.7825
occupancy_grid,50000,50104,0.8632
occupancy_grid,50000,50104,0.8011
occupancy_grid,50000,50104,0.7804
occupancy_grid,50000,50104,0.7471
occupancy_grid,50000,50104,0.8372
occupancy_grid,50000,50104,0.7405
occupancy_grid,50000,50104,0.6324
occupancy_grid,50000,50104,0.8400
occupancy_grid,50000,50104,0.7031
occupancy_grid,50000,50104,0.6711
occupancy_grid,50000,50104,0.7978
occupancy_grid,50000,50104,0.7410
occupancy_grid,50000,50104,0.8018
occupancy_grid,50000,50104,0.7358
occupancy_grid,50000,50104,0.7462
occupancy_grid,50000,50104,0.7221
occupancy_grid,50000,50104,0.6846
occupancy_grid,50000,50104,1.0097
occupancy_grid,50000,50104,0.8464
occupancy_grid,50000,50104,0.7874
occupancy_grid,50000,50104,0.7630
occupancy_grid,50000,50104,0.7334
occupancy_grid,50000,50104,0.7015
occupancy_grid,50000,50104,1.0001
occupancy_grid,50000,50104,0.8084
occupancy_grid,50000,50104,0.7369
occupancy_grid,50000,50104,0.6718
occupancy_grid,50000,50104,0.7535
occupancy_grid,50000,50104,0.7622
occupancy_grid,50000,50104,0.7687
occupancy_grid,50000,50104,0.8118
occupancy_grid,50000,50104,0.7309
occupancy_grid,50000,50104,0.7553
occupancy_grid,100000,100104,0.8574
occupancy_grid,100000,100104,0.9263
occupancy_grid,100000,100104,0.8799
occupancy_grid,100000,100104,0.8323
occupancy_grid,100000,100104,0.8927
occupancy_grid,100000,100104,0.7959
occupancy_grid,100000,100104,0.8282
occupancy_grid,100000,100104,0.8809
occupancy_grid,100000,100104,0.8073
occupancy_grid,100000,100104,0.8500
occupancy_grid,100000,100104,0.8517
occupancy_grid,100000,100104,0.7500
occupancy_grid,100000,100104,0.8329
occupancy_grid,100000,100104,0.7912
occupancy_grid,100000,100104,0.8075
occupancy_grid,100000,100104,0.8481
occupancy_grid,100000,100104,0.6734
occupancy_grid,100000,100104,0.8465
occupancy_grid,100000,100104,0.7901
occupancy_grid,100000,100104,0.9046
occupancy_grid,100000,100104,0.8787
occupancy_grid,100000,100104,0.8101
occupancy_grid,100000,100104,0.8679
occupancy_grid,100000,100104,0.7247
occupancy_grid,100000,100104,0.8324
occupancy_grid,100000,100104,0.8813
occupancy_grid,100000,100104,0.8156
occupancy_grid,100000,100104,0.8145
occupancy_grid,100000,100104,0.5865
occupancy_grid,100000,100104,0.8532
occupancy_grid,100000,100104,0.7771
occupancy_grid,100000,100104,0.8895
occupancy_grid,100000,100104,0.8466
occupancy_grid,100000,100104,0.8126
occupancy_grid,100000,100104,0.8274
occupancy_grid,100000,100104,0.7205
occupancy_grid,100000,100104,0.8457
occupancy_grid,100000,100104,0.8946
occupancy_grid,100000,100104,0.8084
occupancy_grid,100000,100104,0.9161
occupancy_grid,100000,100104,0.8582
occupancy_grid,100000,100104,0.7935
occupancy_grid,100000,100104,0.8804
occupancy_grid,100000,100104,0.9428
occupancy_grid,100000,100104,0.8136
occupancy_grid,100000,100104,0.8258
occupancy_grid,100000,100104,0.7264
occupancy_grid,100000,100104,0.7208
occupancy_grid,100000,100104,0.7432
occupancy_grid,100000,100104,0.8749
occupancy_grid,100000,100104,1.0952
occupancy_grid,100000,100104,0.7587
occupancy_grid,100000,100104,0.8371
occupancy_grid,100000,100104,0.7852
occupancy_grid,100000,100104,0.8128
occupancy_grid,100000,100104,0.8412
occupancy_grid,100000,100104,0.8112
occupancy_grid,100000,100104,0.8228
occupancy_grid,100000,100104,0.8884
occupancy_grid,100000,100104,0.9446
occupancy_grid,100000,100104,0.9238
occupancy_grid,100000,100104,0.7620
occupancy_grid,100000,100104,0.7710
occupancy_grid,100000,100104,0.8848
occupancy_grid,100000,100104,0.8790
occupancy_grid,100000,100104,0.8488
occupancy_grid,100000,100104,0.8284
occupancy_grid,100000,100104,0.9207
occupancy_grid,100000,100104,0.8357
occupancy_grid,100000,100104,0.9802
occupancy_grid,100000,100104,0.8152
occupancy_grid,100000,100104,0.7601
occupancy_grid,100000,100104,0.8582
occupancy_grid,100000,100104,0.7944
occupancy_grid,100000,100104,0.9436
occupancy_grid,100000,100104,0.8496
occupancy_grid,100000,100104,0.6314
occupancy_grid,100000,100104,0.8185
occupancy_grid,100000,100104,0.9466
occupancy_grid,100000,100104,0.9316
occupancy_grid,100000,100104,0.7832
occupancy_grid,100000,100104,0.8004
occupancy_grid,100000,100104,0.8762
occupancy_grid,100000,100104,0.8134
occupancy_grid,100000,100104,0.9956
occupancy_grid,100000,100104,0.9097
occupancy_grid,100000,100104,0.8874
occupancy_grid,100000,100104,0.8613
occupancy_grid,100000,100104,0.8124
occupancy_grid,100000,100104,0.8116
occupancy_grid,100000,100104,0.8417
occupancy_grid,100000,100104,0.8330
occupancy_grid,100000,100104,0.8642
occupancy_grid,100000,100104,0.8103
occupancy_grid,100000,100104,0.8562
occupancy_grid,100000,100104,0.8439
occupancy_grid,100000,100104,0.8114
occupancy_grid,100000,100104,0.8731
occupancy_grid,100000,100104,0.9634
occupancy_grid,100000,100104,0.9748
occupancy_grid,100000,100104,0.8896
occupancy_grid,100000,100104,0.8638
occupancy_grid,100000,100104,0.7889
occupancy_grid,100000,100104,0.9955
occupancy_grid,100000,100104,0.8536
occupancy_grid,100000,100104,0.9199
occupancy_grid,100000,100104,0.7939
occupancy_grid,100000,100104,0.8737
occupancy_grid,100000,100104,0.7947
occupancy_grid,100000,100104,0.8820
occupancy_grid,100000,100104,0.7720
occupancy_grid,100000,100104,1.0161
occupancy_grid,100000,100104,0.8274
occupancy_grid,100000,100104,0.8398
occupancy_grid,100000,100104,0.7508
occupancy_grid,100000,100104,0.8381
occupancy_grid,100000,100104,0.7547
occupancy_grid,100000,100104,0.8568
occupancy_grid,100000,100104,0.8188
occupancy_grid,100000,100104,1.1612
occupancy_grid,100000,100104,0.8477
occupancy_grid,100000,100104,0.9234
occupancy_grid,100000,100104,0.8740
occupancy_grid,100000,100104,0.8166
occupancy_grid,100000,100104,0.8526
occupancy_grid,100000,100104,0.7818
occupancy_grid,100000,100104,0.8610
occupancy_grid,100000,100104,0.9697
occupancy_grid,100000,100104,0.8101
occupancy_grid,100000,100104,0.8170
occupancy_grid,100000,100104,0.7702
occupancy_grid,100000,100104,0.7705
occupancy_grid,100000,100104,0.8537
occupancy_grid,100000,100104,0.8674
occupancy_grid,100000,100104,0.8549
occupancy_grid,100000,100104,0.8052
occupancy_grid,100000,100104,0.7843
occupancy_grid,100000,100104,0.8692
occupancy_grid,100000,100104,0.8059
occupancy_grid,100000,100104,0.9193
occupancy_grid,100000,100104,0.8245
occupancy_grid,100000,100104,0.7411
occupancy_grid,100000,100104,0.7640
occupancy_grid,100000,100104,0.7502
occupancy_grid,100000,100104,0.8566
occupancy_grid,100000,100104,0.7916
occupancy_grid,100000,100104,0.7935
occupancy_grid,100000,100104,0.8512
occupancy_grid,100000,100104,0.8701
occupancy_grid,100000,100104,0.8630
occupancy_grid,100000,100104,0.8193
occupancy_grid,100000,100104,0.8749
occupancy_grid,100000,100104,0.8593
occupancy_grid,100000,100104,0.8722
occupancy_grid,100000,100104,0.8504
occupancy_grid,100000,100104,0.8289
occupancy_grid,100000,100104,0.8083
occupancy_grid,100000,100104,0.9145
occupancy_grid,100000,100104,0.8096
occupancy_grid,100000,100104,0.8880
occupancy_grid,100000,100104,0.9837
occupancy_grid,100000,100104,0.8961
occupancy_grid,100000,100104,0.8271
occupancy_grid,100000,100104,0.8438
occupancy_grid,100000,100104,0.8236
occupancy_grid,100000,100104,0.9174
occupancy_grid,100000,100104,0.8546
occupancy_grid,100000,100104,0.7426
occupancy_grid,100000,100104,0.9317
occupancy_grid,100000,100104,0.8559
occupancy_grid,100000,100104,0.7504
occupancy_grid,100000,100104,0.7789
occupancy_grid,100000,100104,0.8974
occupancy_grid,100000,100104,0.7528
occupancy_grid,100000,100104,1.0088
occupancy_grid,100000,100104,0.8911
occupancy_grid,100000,100104,0.7588
occupancy_grid,100000,100104,0.7940
occupancy_grid,100000,100104,0.7522
occupancy_grid,100000,100104,0.7996
occupancy_grid,100000,100104,0.9327
occupancy_grid,100000,100104,0.9311
occupancy_grid,100000,100104,0.9924
occupancy_grid,100000,100104,0.7452
occupancy_grid,100000,100104,0.8516
occupancy_grid,100000,100104,0.8236
occupancy_grid,100000,100104,0.7477
occupancy_grid,100000,100104,0.9894
occupancy_grid,100000,100104,0.7960
occupancy_grid,100000,100104,0.8419
occupancy_grid,100000,100104,0.8055
occupancy_grid,100000,100104,0.7348
occupancy_grid,100000,100104,0.7782
occupancy_grid,100000,100104,0.7642
occupancy_grid,100000,100104,0.8437
occupancy_grid,100000,100104,0.7705
occupancy_grid,100000,100104,0.8203
occupancy_grid,100000,100104,0.8750
occupancy_grid,100000,100104,0.7969
occupancy_grid,100000,100104,0.8765
occupancy_grid,100000,100104,0.8827
occupancy_grid,100000,100104,0.7972
occupancy_grid,100000,100104,0.8601
occupancy_grid,100000,100104,0.8531
occupancy_grid,100000,100104,0.8024
occupancy_grid,100000,100104,0.7955
occupancy_grid,100000,100104,0.8974
occupancy_grid,100000,100104,0.8574
occupancy_grid,100000,100104,0.7572
occupancy_grid,100000,100104,0.8512
occupancy_grid,100000,100104,0.8165
occupancy_grid,100000,100104,0.7405
occupancy_grid,100000,100104,0.7800
occupancy_grid,100000,100104,0.6941
occupancy_grid,100000,100104,0.6882
occupancy_grid,100000,100104,0.8590
occupancy_grid,100000,100104,0.8713
occupancy_grid,100000,100104,0.8983
occupancy_grid,100000,100104,0.8283
occupancy_grid,100000,100104,0.8236
occupancy_grid,100000,100104,0.7133
occupancy_grid,100000,100104,0.8882
occupancy_grid,100000,100104,0.8850
occupancy_grid,100000,100104,0.8613
occupancy_grid,100000,100104,0.8743
occupancy_grid,100000,100104,0.8289
occupancy_grid,100000,100104,0.8580
occupancy_grid,100000,100104,0.8660
occupancy_grid,100000,100104,0.7994
occupancy_grid,100000,100104,0.8806
occupancy_grid,100000,100104,1.0189
occupancy_grid,100000,100104,0.7964
occupancy_grid,100000,100104,0.8582
occupancy_grid,100000,100104,0.7793
occupancy_grid,100000,100104,0.8770
occupancy_grid,100000,100104,0.8492
occupancy_grid,100000,100104,0.8083
occupancy_grid,100000,100104,0.8256
occupancy_grid,100000,100104,0.8012
occupancy_grid,100000,100104,0.8451
occupancy_grid,100000,100104,0.8060
occupancy_grid,100000,100104,0.8611
occupancy_grid,100000,100104,0.9151
occupancy_grid,100000,100104,0.8094
occupancy_grid,100000,100104,0.9243
occupancy_grid,100000,100104,0.7900
occupancy_grid,100000,100104,0.8056
occupancy_grid,100000,100104,0.9116
occupancy_grid,100000,100104,0.8182
occupancy_grid,100000,100104,0.8515
occupancy_grid,100000,100104,0.8395
occupancy_grid,100000,100104,0.7580
occupancy_grid,100000,100104,0.9623
occupancy_grid,100000,100104,0.8080
occupancy_grid,100000,100104,0.8606
occupancy_grid,100000,100104,0.8218
occupancy_grid,100000,100104,0.8136
occupancy_grid,100000,100104,0.8475
occupancy_grid,100000,100104,0.8932
occupancy_grid,100000,100104,0.8865
occupancy_grid,100000,100104,0.8404
occupancy_grid,100000,100104,0.7477
occupancy_grid,100000,100104,0.9384
occupancy_grid,100000,100104,0.8109
occupancy_grid,100000,100104,0.8607
occupancy_grid,100000,100104,0.8530
occupancy_grid,100000,100104,0.8123
occupancy_grid,100000,100104,0.8379
occupancy_grid,100000,100104,0.7782
occupancy_grid,100000,100104,0.8419
occupancy_grid,100000,100104,0.8025
occupancy_grid,100000,100104,0.8687
occupancy_grid,100000,100104,0.8831
occupancy_grid,100000,100104,0.7927
occupancy_grid,100000,100104,0.8562
occupancy_grid,100000,100104,0.8233
occupancy_grid,100000,100104,0.7396
occupancy_grid,100000,100104,0.8994
occupancy_grid,100000,100104,0.7964
occupancy_grid,100000,100104,1.0436
occupancy_grid,100000,100104,0.7909
occupancy_grid,100000,100104,0.8167
occupancy_grid,100000,100104,0.8656
occupancy_grid,100000,100104,0.8667
occupancy_grid,100000,100104,1.0506
occupancy_grid,100000,100104,0.8483
occupancy_grid,100000,100104,0.8225
occupancy_grid,100000,100104,0.8419
occupancy_grid,100000,100104,0.8051
occupancy_grid,100000,100104,0.5902
occupancy_grid,100000,100104,0.9504
occupancy_grid,100000,100104,0.8170
occupancy_grid,100000,100104,0.8717
occupancy_grid,100000,100104,0.8834
occupancy_grid,100000,100104,0.9223
occupancy_grid,100000,100104,0.8491
occupancy_grid,100000,100104,0.8040
occupancy_grid,100000,100104,0.8642
occupancy_grid,100000,100104,0.7353
occupancy_grid,100000,100104,0.8374
occupancy_grid,100000,100104,0.8066
occupancy_grid,100000,100104,0.8440
occupancy_grid,100000,100104,0.8631
occupancy_grid,100000,100104,0.9309
occupancy_grid,100000,100104,0.9171
occupancy_grid,100000,100104,0.8140
occupancy_grid,100000,100104,0.7888
occupancy_grid,100000,100104,0.7311
occupancy_grid,100000,100104,0.7735
occupancy_grid,100000,100104,0.8350
occupancy_grid,100000,100104,0.8218
occupancy_grid,100000,100104,0.6050
occupancy_grid,100000,100104,0.7550
occupancy_grid,100000,100104,0.8951
occupancy_grid,100000,100104,0.8814
occupancy_grid,100000,100104,0.9104
occupancy_grid,100000,100104,0.8922
occupancy_grid,100000,100104,0.8952
occupancy_grid,100000,100104,0.8141
occupancy_grid,100000,100104,0.9673
occupancy_grid,100000,100104,0.8778
occupancy_grid,100000,100104,0.7463
occupancy_grid,100000,100104,0.7894
occupancy_grid,100000,100104,0.8347
occupancy_grid,100000,100104,0.8375
occupancy_grid,100000,100104,0.8699
occupancy_grid,100000,100104,0.7316
occupancy_grid,100000,100104,0.7819
occupancy_grid,100000,100104,0.7108
occupancy_grid,100000,100104,0.8397
occupancy_grid,100000,100104,0.7367
occupancy_grid,100000,100104,0.8146
occupancy_grid,100000,100104,0.9366
occupancy_grid,100000,100104,0.8631
occupancy_grid,100000,100104,0.8489
occupancy_grid,100000,100104,0.8052
occupancy_grid,100000,100104,0.7790
occupancy_grid,100000,100104,0.8751
occupancy_grid,100000,100104,0.7207
occupancy_grid,100000,100104,0.8462
occupancy_grid,100000,100104,0.7965
occupancy_grid,100000,100104,0.7899
occupancy_grid,100000,100104,0.8241
occupancy_grid,100000,100104,0.8330
occupancy_grid,100000,100104,0.8933
occupancy_grid,100000,100104,0.8124
occupancy_grid,100000,100104,1.0976
occupancy_grid,100000,100104,0.8050
occupancy_grid,100000,100104,0.7925
occupancy_grid,100000,100104,0.8476
occupancy_grid,100000,100104,0.7927
occupancy_grid,100000,100104,0.8101
occupancy_grid,100000,100104,0.8131
occupancy_grid,100000,100104,0.7671
occupancy_grid,100000,100104,0.9005
occupancy_grid,100000,100104,0.8589
occupancy_grid,100000,100104,0.7774
occupancy_grid,100000,100104,0.8189
occupancy_grid,100000,100104,0.7699
occupancy_grid,100000,100104,0.8784
occupancy_grid,100000,100104,0.7407
occupancy_grid,100000,100104,0.8012
occupancy_grid,100000,100104,0.7896
occupancy_grid,100000,100104,0.7728
occupancy_grid,100000,100104,0.9873
occupancy_grid,100000,100104,0.8163
occupancy_grid,100000,100104,0.7794
occupancy_grid,100000,100104,0.8371
occupancy_grid,100000,100104,0.6330
occupancy_grid,100000,100104,0.9945
occupancy_grid,100000,100104,0.9074
occupancy_grid,100000,100104,0.7066
occupancy_grid,100000,100104,0.9829
occupancy_grid,100000,100104,0.8819
occupancy_grid,100000,100104,0.7984
occupancy_grid,100000,100104,0.8484
occupancy_grid,100000,100104,0.7928
occupancy_grid,100000,100104,0.7719
occupancy_grid,100000,100104,0.7898
occupancy_grid,100000,100104,0.7936
occupancy_grid,100000,100104,0.7370
occupancy_grid,100000,100104,0.9421
occupancy_grid,100000,100104,0.7280
occupancy_grid,100000,100104,0.7624
occupancy_grid,100000,100104,0.8307
occupancy_grid,100000,100104,0.7728
occupancy_grid,100000,100104,0.7510
occupancy_grid,100000,100104,0.8031
occupancy_grid,100000,100104,0.6920
occupancy_grid,100000,100104,0.6979
occupancy_grid,100000,100104,0.7022
occupancy_grid,100000,100104,0.7469
occupancy_grid,100000,100104,0.8622
occupancy_grid,100000,100104,0.6972
occupancy_grid,100000,100104,0.7767
occupancy_grid,100000,100104,0.7709
occupancy_grid,100000,100104,0.9281
occupancy_grid,100000,100104,0.9194
occupancy_grid,100000,100104,0.7940
occupancy_grid,100000,100104,0.8140
occupancy_grid,100000,100104,0.7963
occupancy_grid,100000,100104,0.7912
occupancy_grid,100000,100104,0.8577
occupancy_grid,100000,100104,0.7018
occupancy_grid,100000,100104,0.7735
occupancy_grid,100000,100104,0.8751
occupancy_grid,100000,100104,0.7004
occupancy_grid,100000,100104,0.8346
occupancy_grid,100000,100104,0.6786
occupancy_grid,100000,100104,0.7920
occupancy_grid,100000,100104,0.7382
occupancy_grid,100000,100104,0.7083
occupancy_grid,100000,100104,0.7851
occupancy_grid,100000,100104,0.7421
occupancy_grid,100000,100104,1.0070
occupancy_grid,100000,100104,0.8452
occupancy_grid,100000,100104,0.8240
occupancy_grid,100000,100104,0.8201
occupancy_grid,100000,100104,0.7492
occupancy_grid,100000,100104,0.8089
occupancy_grid,100000,100104,0.7964
occupancy_grid,100000,100104,0.8340
occupancy_grid,100000,100104,0.8383
occupancy_grid,100000,100104,0.7968
occupancy_grid,100000,100104,0.8441
occupancy_grid,100000,100104,0.6819
occupancy_grid,100000,100104,0.8105
occupancy_grid,100000,100104,0.8283
occupancy_grid,100000,100104,0.7696
occupancy_grid,100000,100104,0.8162
occupancy_grid,100000,100104,0.8106
occupancy_grid,100000,100104,0.7873
occupancy_grid,100000,100104,0.8784
occupancy_grid,100000,100104,0.8292
occupancy_grid,100000,100104,0.8414
occupancy_grid,100000,100104,0.5781
occupancy_grid,100000,100104,0.8194
occupancy_grid,100000,100104,0.8943
occupancy_grid,100000,100104,0.8181
occupancy_grid,100000,100104,0.8510
occupancy_grid,100000,100104,0.7992
occupancy_grid,100000,100104,0.7870
occupancy_grid,100000,100104,0.7732
occupancy_grid,100000,100104,0.7394
occupancy_grid,100000,100104,0.8266
occupancy_grid,100000,100104,0.7838
occupancy_grid,100000,100104,0.8889
occupancy_grid,100000,100104,0.8935
occupancy_grid,100000,100104,0.7628
occupancy_grid,100000,100104,0.7907
occupancy_grid,100000,100104,0.7578
occupancy_grid,100000,100104,0.8661
occupancy_grid,100000,100104,0.7660
occupancy_grid,100000,100104,0.7703
occupancy_grid,100000,100104,0.8501
occupancy_grid,100000,100104,0.7166
occupancy_grid,100000,100104,0.7899
occupancy_grid,100000,100104,0.8205
occupancy_grid,100000,100104,0.7920
occupancy_grid,100000,100104,0.8314
occupancy_grid,100000,100104,0.7281
occupancy_grid,100000,100104,0.7742
occupancy_grid,100000,100104,0.7715
occupancy_grid,100000,100104,0.8358
occupancy_grid,100000,100104,0.9063
occupancy_grid,100000,100104,0.7108
occupancy_grid,100000,100104,0.8416
occupancy_grid,100000,100104,0.8912
occupancy_grid,100000,100104,0.7994
occupancy_grid,100000,100104,0.8150
occupancy_grid,100000,100104,0.6699
occupancy_grid,100000,100104,0.8544
occupancy_grid,100000,100104,0.8044
occupancy_grid,100000,100104,0.7730
occupancy_grid,100000,100104,0.8031
occupancy_grid,100000,100104,0.6929
occupancy_grid,100000,100104,0.8143
occupancy_grid,100000,100104,0.7785
occupancy_grid,100000,100104,0.7588
occupancy_grid,100000,100104,0.8084
occupancy_grid,100000,100104,0.7211
occupancy_grid,100000,100104,0.7908
occupancy_grid,100000,100104,0.8935
occupancy_grid,100000,100104,0.7190
occupancy_grid,100000,100104,0.8525
occupancy_grid,100000,100104,0.7837
occupancy_grid,100000,100104,0.7934
occupancy_grid,100000,100104,0.8952
occupancy_grid,100000,100104,0.7453
occupancy_grid,100000,100104,0.7951
occupancy_grid,100000,100104,0.8427
occupancy_grid,100000,100104,0.7950
occupancy_grid,100000,100104,0.8751
occupancy_grid,100000,100104,0.9861
occupancy_grid,100000,100104,0.8899
occupancy_grid,100000,100104,0.9075
occupancy_grid,100000,100104,0.8519
occupancy_grid,100000,100104,0.8700
occupancy_grid,100000,100104,0.8104
occupancy_grid,100000,100104,0.9179
occupancy_grid,100000,100104,1.0410
occupancy_grid,100000,100104,0.8630
occupancy_grid,100000,100104,0.8668
occupancy_grid,100000,100104,0.7918
occupancy_grid,100000,100104,0.8922
occupancy_grid,100000,100104,0.9231
occupancy_grid,100000,100104,0.8004
occupancy_grid,100000,100104,0.9023
occupancy_grid,100000,100104,0.8055
occupancy_grid,100000,100104,0.8732
occupancy_grid,100000,100104,0.8569
occupancy_grid,100000,100104,0.8827
occupancy_grid,100000,100104,0.8555
occupancy_grid,100000,100104,0.7550
occupancy_grid,100000,100104,0.8571
occupancy_grid,100000,100104,0.7987
occupancy_grid,100000,100104,0.8409
occupancy_grid,100000,100104,0.8938
occupancy_grid,100000,100104,0.8089
occupancy_grid,100000,100104,0.9924
occupancy_grid,100000,100104,0.9314
occupancy_grid,100000,100104,0.8046
occupancy_grid,100000,100104,0.8846
occupancy_grid,100000,100104,0.8392
occupancy_grid,100000,100104,0.8662
occupancy_grid,100000,100104,0.7840
occupancy_grid,100000,100104,0.8903
occupancy_grid,100000,100104,0.8562
occupancy_grid,100000,100104,0.8750
occupancy_grid,100000,100104,0.9210
occupancy_grid,100000,100104,0.9843
occupancy_grid,100000,100104,0.9878
occupancy_grid,100000,100104,0.8454
occupancy_grid,100000,100104,0.7719
occupancy_grid,100000,100104,0.8299
occupancy_grid,100000,100104,0.8579
occupancy_grid,100000,100104,0.8378
occupancy_grid,100000,100104,0.7830
occupancy_grid,100000,100104,0.7204
occupancy_grid,500000,500104,1.7543
occupancy_grid,500000,500104,1.7948
occupancy_grid,500000,500104,1.7374
occupancy_grid,500000,500104,1.8245
occupancy_grid,500000,500104,1.8099
occupancy_grid,500000,500104,1.7230
occupancy_grid,500000,500104,1.7275
occupancy_grid,500000,500104,1.7033
occupancy_grid,500000,500104,1.7645
occupancy_grid,500000,500104,1.7007
occupancy_grid,500000,500104,1.6853
occupancy_grid,500000,500104,1.7069
occupancy_grid,500000,500104,1.8138
occupancy_grid,500000,500104,1.7650
occupancy_grid,500000,500104,1.7452
occupancy_grid,500000,500104,1.6830
occupancy_grid,500000,500104,1.8988
occupancy_grid,500000,500104,1.7192
occupancy_grid,500000,500104,1.7195
occupancy_grid,500000,500104,1.6411
occupancy_grid,500000,500104,1.8728
occupancy_grid,500000,500104,1.7040
occupancy_grid,500000,500104,1.5863
occupancy_grid,500000,500104,1.6776
occupancy_grid,500000,500104,1.7810
occupancy_grid,500000,500104,1.7307
occupancy_grid,500000,500104,1.7198
occupancy_grid,500000,500104,1.8008
occupancy_grid,500000,500104,1.6955
occupancy_grid,500000,500104,1.6829
occupancy_grid,500000,500104,1.8112
occupancy_grid,500000,500104,1.6983
occupancy_grid,500000,500104,1.6196
occupancy_grid,500000,500104,1.7497
occupancy_grid,500000,500104,1.6282
occupancy_grid,500000,500104,1.6488
occupancy_grid,500000,500104,1.7074
occupancy_grid,500000,500104,1.6889
occupancy_grid,500000,500104,1.6448
occupancy_grid,500000,500104,1.6836
occupancy_grid,500000,500104,1.6994
occupancy_grid,500000,500104,1.8731
occupancy_grid,500000,500104,1.7077
occupancy_grid,500000,500104,1.7131
occupancy_grid,500000,500104,1.6804
occupancy_grid,500000,500104,1.7746
occupancy_grid,500000,500104,1.7241
occupancy_grid,500000,500104,1.6631
occupancy_grid,500000,500104,1.8280
occupancy_grid,500000,500104,1.7579
occupancy_grid,500000,500104,1.7141
occupancy_grid,500000,500104,1.7617
occupancy_grid,500000,500104,1.6099
occupancy_grid,500000,500104,1.8722
occupancy_grid,500000,500104,1.8637
occupancy_grid,500000,500104,1.6169
occupancy_grid,500000,500104,1.8682
occupancy_grid,500000,500104,1.6742
occupancy_grid,500000,500104,1.6872
occupancy_grid,500000,500104,1.6015
occupancy_grid,500000,500104,1.8073
occupancy_grid,500000,500104,1.6921
occupancy_grid,500000,500104,1.8586
occupancy_grid,500000,500104,1.6896
occupancy_grid,500000,500104,1.6627
occupancy_grid,500000,500104,1.6073
occupancy_grid,500000,500104,1.8487
occupancy_grid,500000,500104,1.7401
occupancy_grid,500000,500104,1.7587
occupancy_grid,500000,500104,1.6091
occupancy_grid,500000,500104,1.7154
occupancy_grid,500000,500104,1.7316
occupancy_grid,500000,500104,1.7388
occupancy_grid,500000,500104,1.7879
occupancy_grid,500000,500104,1.6369
occupancy_grid,500000,500104,1.6389
occupancy_grid,500000,500104,1.7673
occupancy_grid,500000,500104,1.6206
occupancy_grid,500000,500104,1.5795
occupancy_grid,500000,500104,1.8661
occupancy_grid,500000,500104,1.7109
occupancy_grid,500000,500104,1.7221
occupancy_grid,500000,500104,1.9279
occupancy_grid,500000,500104,1.7841
occupancy_grid,500000,500104,1.6814
occupancy_grid,500000,500104,1.7276
occupancy_grid,500000,500104,1.6702
occupancy_grid,500000,500104,1.5964
occupancy_grid,500000,500104,1.5754
occupancy_grid,500000,500104,1.6380
occupancy_grid,500000,500104,1.6939
occupancy_grid,500000,500104,1.7035
occupancy_grid,500000,500104,1.7137
occupancy_grid,500000,500104,1.7838
occupancy_grid,500000,500104,1.6591
occupancy_grid,500000,500104,1.6312
occupancy_grid,500000,500104,1.6906
occupancy_grid,500000,500104,1.6311
occupancy_grid,500000,500104,1.6067
occupancy_grid,500000,500104,1.7197
occupancy_grid,500000,500104,1.6988
occupancy_grid,500000,500104,1.6843
occupancy_grid,500000,500104,1.8255
occupancy_grid,500000,500104,1.7642
occupancy_grid,500000,500104,1.6700
occupancy_grid,500000,500104,1.6898
occupancy_grid,500000,500104,1.7710
occupancy_grid,500000,500104,1.6026
occupancy_grid,500000,500104,1.7055
occupancy_grid,500000,500104,1.7030
occupancy_grid,500000,500104,1.6211
occupancy_grid,500000,500104,1.7680
occupancy_grid,500000,500104,1.7251
occupancy_grid,500000,500104,1.6826
occupancy_grid,500000,500104,1.7403
occupancy_grid,500000,500104,1.6285
occupancy_grid,500000,500104,1.6717
occupancy_grid,500000,500104,1.6404
occupancy_grid,500000,500104,1.6551
occupancy_grid,500000,500104,1.6536
occupancy_grid,500000,500104,1.6642
occupancy_grid,500000,500104,1.6824
occupancy_grid,500000,500104,1.7187
occupancy_grid,500000,500104,1.8282
occupancy_grid,500000,500104,1.7834
occupancy_grid,500000,500104,1.6493
occupancy_grid,500000,500104,1.7163
occupancy_grid,500000,500104,1.6545
occupancy_grid,500000,500104,1.6864
occupancy_grid,500000,500104,1.6661
occupancy_grid,500000,500104,1.6949
occupancy_grid,500000,500104,1.7398
occupancy_grid,500000,500104,1.6853
occupancy_grid,500000,500104,1.7226
occupancy_grid,500000,500104,1.6285
occupancy_grid,500000,500104,1.6906
occupancy_grid,500000,500104,1.7873
occupancy_grid,500000,500104,1.6222
occupancy_grid,500000,500104,1.6945
occupancy_grid,500000,500104,1.7321
occupancy_grid,500000,500104,1.6227
occupancy_grid,500000,500104,1.5740
occupancy_grid,500000,500104,1.6545
occupancy_grid,500000,500104,1.8185
occupancy_grid,500000,500104,1.6943
occupancy_grid,500000,500104,1.6050
occupancy_grid,500000,500104,1.7443
occupancy_grid,500000,500104,1.6802
occupancy_grid,500000,500104,1.7201
occupancy_grid,500000,500104,1.5263
occupancy_grid,500000,500104,1.6206
occupancy_grid,500000,500104,1.5574
occupancy_grid,500000,500104,1.5948
occupancy_grid,500000,500104,1.5649
occupancy_grid,500000,500104,1.6764
occupancy_grid,500000,500104,1.6419
occupancy_grid,500000,500104,1.7017
occupancy_grid,500000,500104,1.7089
occupancy_grid,500000,500104,1.7527
occupancy_grid,500000,500104,1.6115
occupancy_grid,500000,500104,1.6879
occupancy_grid,500000,500104,1.6255
occupancy_grid,500000,500104,1.7818
occupancy_grid,500000,500104,1.6933
occupancy_grid,500000,500104,1.8381
occupancy_grid,500000,500104,1.6293
occupancy_grid,500000,500104,1.6448
occupancy_grid,500000,500104,1.6228
occupancy_grid,500000,500104,1.6544
occupancy_grid,500000,500104,1.6819
occupancy_grid,500000,500104,1.6582
occupancy_grid,500000,500104,1.7495
occupancy_grid,500000,500104,1.6565
occupancy_grid,500000,500104,1.6555
occupancy_grid,500000,500104,1.6405
occupancy_grid,500000,500104,1.6818
occupancy_grid,500000,500104,1.7177
occupancy_grid,500000,500104,1.6395
occupancy_grid,500000,500104,1.6622
occupancy_grid,500000,500104,1.5201
occupancy_grid,500000,500104,1.7141
occupancy_grid,500000,500104,1.7384
occupancy_grid,500000,500104,1.6646
occupancy_grid,500000,500104,1.6165
occupancy_grid,500000,500104,1.6729
occupancy_grid,500000,500104,1.6417
occupancy_grid,500000,500104,1.6428
occupancy_grid,500000,500104,1.6847
occupancy_grid,500000,500104,1.6474
occupancy_grid,500000,500104,1.5637
occupancy_grid,500000,500104,1.6718
occupancy_grid,500000,500104,1.5951
occupancy_grid,500000,500104,1.5640
occupancy_grid,500000,500104,1.6878
occupancy_grid,500000,500104,1.6076
occupancy_grid,500000,500104,1.5911
occupancy_grid,500000,500104,1.7029
occupancy_grid,500000,500104,1.6108
occupancy_grid,500000,500104,1.7481
occupancy_grid,500000,500104,1.6133
occupancy_grid,500000,500104,1.6694
occupancy_grid,500000,500104,1.6813
occupancy_grid,500000,500104,1.5864
occupancy_grid,500000,500104,2.2868
occupancy_grid,500000,500104,1.6526
occupancy_grid,500000,500104,1.6536
occupancy_grid,500000,500104,1.6129
occupancy_grid,500000,500104,1.6277
occupancy_grid,500000,500104,1.7062
occupancy_grid,500000,500104,1.5814
occupancy_grid,500000,500104,1.7071
occupancy_grid,500000,500104,1.8032
occupancy_grid,500000,500104,1.7380
occupancy_grid,500000,500104,2.0694
occupancy_grid,500000,500104,1.6854
occupancy_grid,500000,500104,1.6966
occupancy_grid,500000,500104,1.6692
occupancy_grid,500000,500104,1.6138
occupancy_grid,500000,500104,1.7592
occupancy_grid,500000,500104,1.6591
occupancy_grid,500000,500104,1.6412
occupancy_grid,500000,500104,1.7184
occupancy_grid,500000,500104,1.7028
occupancy_grid,500000,500104,1.7034
occupancy_grid,500000,500104,1.8493
occupancy_grid,500000,500104,1.7924
occupancy_grid,500000,500104,1.6577
occupancy_grid,500000,500104,1.7753
occupancy_grid,500000,500104,1.7760
occupancy_grid,500000,500104,1.7432
occupancy_grid,500000,500104,1.5437
occupancy_grid,500000,500104,1.6593
occupancy_grid,500000,500104,1.6421
occupancy_grid,500000,500104,1.9108
occupancy_grid,500000,500104,1.6296
occupancy_grid,500000,500104,1.6180
occupancy_grid,500000,500104,1.7232
occupancy_grid,500000,500104,1.6276
occupancy_grid,500000,500104,1.7280
occupancy_grid,500000,500104,1.9419
occupancy_grid,500000,500104,1.6733
occupancy_grid,500000,500104,1.6045
occupancy_grid,500000,500104,1.7147
occupancy_grid,500000,500104,1.7899
occupancy_grid,500000,500104,1.5497
occupancy_grid,500000,500104,1.6727
occupancy_grid,500000,500104,1.6845
occupancy_grid,500000,500104,1.7532
occupancy_grid,500000,500104,1.7604
occupancy_grid,500000,500104,1.7962
occupancy_grid,500000,500104,1.5764
occupancy_grid,500000,500104,1.6223
occupancy_grid,500000,500104,1.6266
occupancy_grid,500000,500104,1.6208
occupancy_grid,500000,500104,1.6744
occupancy_grid,500000,500104,1.5944
occupancy_grid,500000,500104,1.7238
occupancy_grid,500000,500104,1.6158
occupancy_grid,500000,500104,1.6728
occupancy_grid,500000,500104,1.7927
occupancy_grid,500000,500104,1.6419
occupancy_grid,500000,500104,1.6732
occupancy_grid,500000,500104,1.4836
occupancy_grid,500000,500104,1.7165
occupancy_grid,500000,500104,1.8431
occupancy_grid,500000,500104,1.6398
occupancy_grid,500000,500104,1.8855
occupancy_grid,500000,500104,1.6075
occupancy_grid,500000,500104,1.7559
occupancy_grid,500000,500104,1.8409
occupancy_grid,500000,500104,1.6136
occupancy_grid,500000,500104,1.8178
occupancy_grid,500000,500104,1.6862
occupancy_grid,500000,500104,2.2689
occupancy_grid,500000,500104,1.5382
occupancy_grid,500000,500104,1.5763
occupancy_grid,500000,500104,1.7424
occupancy_grid,500000,500104,1.7289
occupancy_grid,500000,500104,1.6830
occupancy_grid,500000,500104,1.5924
occupancy_grid,500000,500104,1.7018
occupancy_grid,500000,500104,1.6815
occupancy_grid,500000,500104,1.8430
occupancy_grid,500000,500104,1.7631
occupancy_grid,500000,500104,1.7266
occupancy_grid,500000,500104,1.6124
occupancy_grid,500000,500104,1.9363
occupancy_grid,500000,500104,1.7019
occupancy_grid,500000,500104,1.6025
occupancy_grid,500000,500104,1.9805
occupancy_grid,500000,500104,1.6408
occupancy_grid,500000,500104,1.6576
occupancy_grid,500000,500104,1.6218
occupancy_grid,500000,500104,1.6479
occupancy_grid,500000,500104,1.6627
occupancy_grid,500000,500104,1.5913
occupancy_grid,500000,500104,1.7382
occupancy_grid,500000,500104,1.6571
occupancy_grid,500000,500104,1.6488
occupancy_grid,500000,500104,1.7098
occupancy_grid,500000,500104,1.7398
occupancy_grid,500000,500104,1.6413
occupancy_grid,500000,500104,1.6558
occupancy_grid,500000,500104,2.1221
occupancy_grid,500000,500104,1.6851
occupancy_grid,500000,500104,1.6469
occupancy_grid,500000,500104,1.7971
occupancy_grid,500000,500104,2.0074
occupancy_grid,500000,500104,1.6816
occupancy_grid,500000,500104,1.9068
occupancy_grid,500000,500104,1.6395
occupancy_grid,500000,500104,1.6628
occupancy_grid,500000,500104,1.8039
occupancy_grid,500000,500104,1.7072
occupancy_grid,500000,500104,1.7047
occupancy_grid,500000,500104,1.6449
occupancy_grid,500000,500104,1.8584
occupancy_grid,500000,500104,1.5845
occupancy_grid,500000,500104,1.8853
occupancy_grid,500000,500104,1.6630
occupancy_grid,500000,500104,1.7325
occupancy_grid,500000,500104,1.6557
occupancy_grid,500000,500104,1.5792
occupancy_grid,500000,500104,1.6638
occupancy_grid,500000,500104,1.7235
occupancy_grid,500000,500104,1.7676
occupancy_grid,500000,500104,1.6121
occupancy_grid,500000,500104,1.8208
occupancy_grid,500000,500104,1.5174
occupancy_grid,500000,500104,1.6469
occupancy_grid,500000,500104,1.8559
occupancy_grid,500000,500104,1.7505
occupancy_grid,500000,500104,1.5704
occupancy_grid,500000,500104,1.5884
occupancy_grid,500000,500104,1.6345
occupancy_grid,500000,500104,1.7172
occupancy_grid,500000,500104,1.7384
occupancy_grid,500000,500104,1.5929
occupancy_grid,500000,500104,1.6238
occupancy_grid,500000,500104,1.7989
occupancy_grid,500000,500104,1.6072
occupancy_grid,500000,500104,1.5690
occupancy_grid,500000,500104,1.5799
occupancy_grid,500000,500104,1.5470
occupancy_grid,500000,500104,1.6869
occupancy_grid,500000,500104,1.6128
occupancy_grid,500000,500104,1.7351
occupancy_grid,500000,500104,1.8096
occupancy_grid,500000,500104,1.9246
occupancy_grid,500000,500104,1.7108
occupancy_grid,500000,500104,1.6702
occupancy_grid,500000,500104,1.7602
occupancy_grid,500000,500104,1.7836
occupancy_grid,500000,500104,2.1284
occupancy_grid,500000,500104,1.7005
occupancy_grid,500000,500104,1.5692
occupancy_grid,500000,500104,1.5968
occupancy_grid,500000,500104,1.5610
occupancy_grid,500000,500104,1.6374
occupancy_grid,500000,500104,1.6106
occupancy_grid,500000,500104,1.6960
occupancy_grid,500000,500104,1.6256
occupancy_grid,500000,500104,1.5361
occupancy_grid,500000,500104,1.9240
occupancy_grid,500000,500104,1.6240
occupancy_grid,500000,500104,1.6374
occupancy_grid,500000,500104,1.6207
occupancy_grid,500000,500104,1.8561
occupancy_grid,500000,500104,1.8068
occupancy_grid,500000,500104,1.6579
occupancy_grid,500000,500104,1.7966
occupancy_grid,500000,500104,1.7624
occupancy_grid,500000,500104,1.6785
occupancy_grid,500000,500104,1.7627
occupancy_grid,500000,500104,1.5731
occupancy_grid,500000,500104,1.6616
occupancy_grid,500000,500104,1.6814
occupancy_grid,500000,500104,1.6600
occupancy_grid,500000,500104,1.8469
occupancy_grid,500000,500104,1.6881
occupancy_grid,500000,500104,1.7009
occupancy_grid,500000,500104,1.6102
occupancy_grid,500000,500104,1.6842
occupancy_grid,500000,500104,1.6567
occupancy_grid,500000,500104,1.6047
occupancy_grid,500000,500104,1.5391
occupancy_grid,500000,500104,1.7978
occupancy_grid,500000,500104,1.5960
occupancy_grid,500000,500104,2.1416
occupancy_grid,500000,500104,1.8682
occupancy_grid,500000,500104,1.7881
occupancy_grid,500000,500104,1.8381
occupancy_grid,500000,500104,1.5760
occupancy_grid,500000,500104,1.9060
occupancy_grid,500000,500104,1.6362
occupancy_grid,500000,500104,1.6047
occupancy_grid,500000,500104,1.6833
occupancy_grid,500000,500104,1.6231
occupancy_grid,500000,500104,1.7267
occupancy_grid,500000,500104,1.7414
occupancy_grid,500000,500104,1.6923
occupancy_grid,500000,500104,1.6997
occupancy_grid,500000,500104,1.7713
occupancy_grid,500000,500104,1.6165
occupancy_grid,500000,500104,1.7459
occupancy_grid,500000,500104,1.6036
occupancy_grid,500000,500104,1.6822
occupancy_grid,500000,500104,1.6036
occupancy_grid,500000,500104,1.8559
occupancy_grid,500000,500104,1.7628
occupancy_grid,500000,500104,1.6890
occupancy_grid,500000,500104,1.7069
occupancy_grid,500000,500104,1.6482
occupancy_grid,500000,500104,1.7340
occupancy_grid,500000,500104,1.7181
occupancy_grid,500000,500104,1.6559
occupancy_grid,500000,500104,1.6406
occupancy_grid,500000,500104,1.6860
occupancy_grid,500000,500104,1.9543
occupancy_grid,500000,500104,1.6698
occupancy_grid,500000,500104,1.8750
occupancy_grid,500000,500104,1.6171
occupancy_grid,500000,500104,1.5937
occupancy_grid,500000,500104,1.6854
occupancy_grid,500000,500104,1.7467
occupancy_grid,500000,500104,1.6547
occupancy_grid,500000,500104,1.7582
occupancy_grid,500000,500104,1.6925
occupancy_grid,500000,500104,1.5648
occupancy_grid,500000,500104,1.8828
occupancy_grid,500000,500104,1.7236
occupancy_grid,500000,500104,1.9684
occupancy_grid,500000,500104,1.6965
occupancy_grid,500000,500104,1.9963
occupancy_grid,500000,500104,1.6026
occupancy_grid,500000,500104,1.8721
occupancy_grid,500000,500104,1.7368
occupancy_grid,500000,500104,1.6297
occupancy_grid,500000,500104,1.2420
occupancy_grid,500000,500104,1.6218
occupancy_grid,500000,500104,1.7085
occupancy_grid,500000,500104,1.6896
occupancy_grid,500000,500104,1.7096
occupancy_grid,500000,500104,2.1534
occupancy_grid,500000,500104,1.7318
occupancy_grid,500000,500104,1.6990
occupancy_grid,500000,500104,1.7160
occupancy_grid,500000,500104,1.5793
occupancy_grid,500000,500104,1.6461
occupancy_grid,500000,500104,1.6460
occupancy_grid,500000,500104,1.7230
occupancy_grid,500000,500104,1.6816
occupancy_grid,500000,500104,1.7027
occupancy_grid,500000,500104,1.8108
occupancy_grid,500000,500104,1.7170
occupancy_grid,500000,500104,1.6953
occupancy_grid,500000,500104,1.6368
occupancy_grid,500000,500104,1.6182
occupancy_grid,500000,500104,1.7742
occupancy_grid,500000,500104,1.7124
occupancy_grid,500000,500104,1.7123
occupancy_grid,500000,500104,1.7267
occupancy_grid,500000,500104,1.7321
occupancy_grid,500000,500104,1.7440
occupancy_grid,500000,500104,1.6824
occupancy_grid,500000,500104,1.5923
occupancy_grid,500000,500104,1.8144
occupancy_grid,500000,500104,1.7128
occupancy_grid,500000,500104,1.7147
occupancy_grid,500000,500104,1.6703
occupancy_grid,500000,500104,1.6775
occupancy_grid,500000,500104,1.7119
occupancy_grid,500000,500104,1.7296
occupancy_grid,500000,500104,1.6159
occupancy_grid,500000,500104,1.7454
occupancy_grid,500000,500104,1.9534
occupancy_grid,500000,500104,1.6324
occupancy_grid,500000,500104,1.7743
occupancy_grid,500000,500104,1.7088
occupancy_grid,500000,500104,2.1934
occupancy_grid,500000,500104,1.7497
occupancy_grid,500000,500104,1.7054
occupancy_grid,500000,500104,1.7386
occupancy_grid,500000,500104,1.9927
occupancy_grid,500000,500104,1.6843
occupancy_grid,500000,500104,1.6955
occupancy_grid,500000,500104,1.9587
occupancy_grid,500000,500104,1.6681
occupancy_grid,500000,500104,1.6559
occupancy_grid,500000,500104,1.6573
occupancy_grid,500000,500104,1.7727
occupancy_grid,500000,500104,1.8793
occupancy_grid,500000,500104,1.7860
occupancy_grid,500000,500104,1.9072
occupancy_grid,500000,500104,1.5658
occupancy_grid,500000,500104,1.7213
occupancy_grid,500000,500104,1.8152
occupancy_grid,500000,500104,1.6260
occupancy_grid,500000,500104,1.7359
occupancy_grid,500000,500104,1.9300
occupancy_grid,500000,500104,1.6904
occupancy_grid,500000,500104,1.6558
occupancy_grid,500000,500104,1.6946
occupancy_grid,500000,500104,1.7571
occupancy_grid,500000,500104,1.6745
occupancy_grid,500000,500104,1.7381
occupancy_grid,500000,500104,1.8007
occupancy_grid,500000,500104,1.5704
occupancy_grid,500000,500104,1.6644
occupancy_grid,500000,500104,1.6659
occupancy_grid,500000,500104,1.6709
occupancy_grid,500000,500104,1.4309
occupancy_grid,500000,500104,1.5698
occupancy_grid,500000,500104,1.6007
occupancy_grid,500000,500104,1.8824
occupancy_grid,500000,500104,1.7900
occupancy_grid,500000,500104,1.7650
occupancy_grid,500000,500104,1.6867
occupancy_grid,500000,500104,1.8245
occupancy_grid,500000,500104,1.6156
occupancy_grid,500000,500104,1.7584
occupancy_grid,500000,500104,1.6858
occupancy_grid,500000,500104,1.7768
occupancy_grid,500000,500104,1.5074
occupancy_grid,500000,500104,1.6142
occupancy_grid,500000,500104,1.7219
occupancy_grid,500000,500104,1.6393
occupancy_grid,500000,500104,1.7161
occupancy_grid,500000,500104,1.7000
occupancy_grid,500000,500104,1.6625
occupancy_grid,500000,500104,1.7414
occupancy_grid,500000,500104,1.7220
occupancy_grid,500000,500104,1.7800
occupancy_grid,500000,500104,1.6888
occupancy_grid,500000,500104,2.3228
occupancy_grid,500000,500104,2.1176
occupancy_grid,500000,500104,2.1740
occupancy_grid,500000,500104,2.0081
occupancy_grid,500000,500104,1.7839
occupancy_grid,1000000,1000104,2.8899
occupancy_grid,1000000,1000104,3.1809
occupancy_grid,1000000,1000104,3.1438
occupancy_grid,1000000,1000104,3.3674
occupancy_grid,1000000,1000104,4.8337
occupancy_grid,1000000,1000104,4.2818
occupancy_grid,1000000,1000104,4.8101
occupancy_grid,1000000,1000104,3.3960
occupancy_grid,1000000,1000104,3.3989
occupancy_grid,1000000,1000104,3.4430
occupancy_grid,1000000,1000104,3.4263
occupancy_grid,1000000,1000104,2.8882
occupancy_grid,1000000,1000104,3.4601
occupancy_grid,1000000,1000104,3.5766
occupancy_grid,1000000,1000104,5.2498
occupancy_grid,1000000,1000104,3.8055
occupancy_grid,1000000,1000104,4.5189
occupancy_grid,1000000,1000104,3.3531
occupancy_grid,1000000,1000104,3.4191
occupancy_grid,1000000,1000104,3.4436
occupancy_grid,1000000,1000104,3.0411
occupancy_grid,1000000,1000104,3.2170
occupancy_grid,1000000,1000104,3.5666
occupancy_grid,1000000,1000104,4.7939
occupancy_grid,1000000,1000104,3.9885
occupancy_grid,1000000,1000104,4.9401
occupancy_grid,1000000,1000104,3.3189
occupancy_grid,1000000,1000104,3.5072
occupancy_grid,1000000,1000104,3.2166
occupancy_grid,1000000,1000104,3.2158
occupancy_grid,1000000,1000104,3.1820
occupancy_grid,1000000,1000104,3.1408
occupancy_grid,1000000,1000104,3.4398
occupancy_grid,1000000,1000104,4.5671
occupancy_grid,1000000,1000104,3.7271
occupancy_grid,1000000,1000104,4.6505
occupancy_grid,1000000,1000104,3.7534
occupancy_grid,1000000,1000104,3.2209
occupancy_grid,1000000,1000104,3.4104
occupancy_grid,1000000,1000104,3.2861
occupancy_grid,1000000,1000104,3.4150
occupancy_grid,1000000,1000104,3.0012
occupancy_grid,1000000,1000104,4.9860
occupancy_grid,1000000,1000104,3.6895
occupancy_grid,1000000,1000104,4.4812
occupancy_grid,1000000,1000104,4.5447
occupancy_grid,1000000,1000104,3.1255
occupancy_grid,1000000,1000104,3.3819
occupancy_grid,1000000,1000104,3.1818
occupancy_grid,1000000,1000104,3.1138
occupancy_grid,1000000,1000104,3.2573
occupancy_grid,1000000,1000104,2.3731
occupancy_grid,1000000,1000104,4.5568
occupancy_grid,1000000,1000104,3.9310
occupancy_grid,1000000,1000104,207.5954
occupancy_grid,1000000,1000104,108.9075
occupancy_grid,1000000,1000104,9.9806
occupancy_grid,1000000,1000104,4.6418
occupancy_grid,1000000,1000104,4.3285
occupancy_grid,1000000,1000104,3.1555
occupancy_grid,1000000,1000104,4.5952
occupancy_grid,1000000,1000104,3.6819
occupancy_grid,1000000,1000104,4.9367
occupancy_grid,1000000,1000104,3.3228
occupancy_grid,1000000,1000104,3.3881
occupancy_grid,1000000,1000104,3.3105
occupancy_grid,1000000,1000104,3.2681
occupancy_grid,1000000,1000104,3.5871
occupancy_grid,1000000,1000104,3.2748
occupancy_grid,1000000,1000104,3.3546
occupancy_grid,1000000,1000104,4.9276
occupancy_grid,1000000,1000104,3.9119
occupancy_grid,1000000,1000104,4.6471
occupancy_grid,1000000,1000104,4.0167
occupancy_grid,1000000,1000104,3.2796
occupancy_grid,1000000,1000104,3.4921
occupancy_grid,1000000,1000104,3.2991
occupancy_grid,1000000,1000104,3.4810
occupancy_grid,1000000,1000104,3.3435
occupancy_grid,1000000,1000104,4.9928
occupancy_grid,1000000,1000104,3.9294
occupancy_grid,1000000,1000104,4.6777
occupancy_grid,1000000,1000104,3.6236
occupancy_grid,1000000,1000104,3.4332
occupancy_grid,1000000,1000104,3.1849
occupancy_grid,1000000,1000104,3.2301
occupancy_grid,1000000,1000104,3.4099
occupancy_grid,1000000,1000104,3.0746
occupancy_grid,1000000,1000104,3.3111
occupancy_grid,1000000,1000104,4.6376
occupancy_grid,1000000,1000104,3.9032
occupancy_grid,1000000,1000104,4.5761
occupancy_grid,1000000,1000104,3.3357
occupancy_grid,1000000,1000104,3.3858
occupancy_grid,1000000,1000104,3.4966
occupancy_grid,1000000,1000104,3.2365
occupancy_grid,1000000,1000104,3.4296
occupancy_grid,1000000,1000104,3.2711
occupancy_grid,1000000,1000104,4.8226
occupancy_grid,1000000,1000104,4.0102
occupancy_grid,1000000,1000104,4.9514
occupancy_grid,1000000,1000104,3.2971
occupancy_grid,1000000,1000104,3.2259
occupancy_grid,1000000,1000104,3.2953
occupancy_grid,1000000,1000104,3.4447
occupancy_grid,1000000,1000104,3.4580
occupancy_grid,1000000,1000104,3.4941
occupancy_grid,1000000,1000104,3.4750
occupancy_grid,1000000,1000104,4.6158
occupancy_grid,1000000,1000104,4.2365
occupancy_grid,1000000,1000104,4.8916
occupancy_grid,1000000,1000104,3.2356
occupancy_grid,1000000,1000104,3.5229
occupancy_grid,1000000,1000104,3.2339
occupancy_grid,1000000,1000104,3.4958
occupancy_grid,1000000,1000104,3.6493
occupancy_grid,1000000,1000104,3.1876
occupancy_grid,1000000,1000104,3.2717
occupancy_grid,1000000,1000104,4.7057
occupancy_grid,1000000,1000104,3.7974
occupancy_grid,1000000,1000104,5.0116
occupancy_grid,1000000,1000104,3.7216
occupancy_grid,1000000,1000104,3.2165
occupancy_grid,1000000,1000104,3.1985
occupancy_grid,1000000,1000104,3.1918
occupancy_grid,1000000,1000104,3.4766
occupancy_grid,1000000,1000104,3.2285
occupancy_grid,1000000,1000104,4.5294
occupancy_grid,1000000,1000104,4.1453
occupancy_grid,1000000,1000104,4.5438
occupancy_grid,1000000,1000104,3.2791
occupancy_grid,1000000,1000104,3.1665
occupancy_grid,1000000,1000104,2.2069
occupancy_grid,1000000,1000104,3.1739
occupancy_grid,1000000,1000104,3.1823
occupancy_grid,1000000,1000104,3.1859
occupancy_grid,1000000,1000104,3.2020
occupancy_grid,1000000,1000104,4.8629
occupancy_grid,1000000,1000104,3.9946
occupancy_grid,1000000,1000104,4.8003
occupancy_grid,1000000,1000104,3.2104
occupancy_grid,1000000,1000104,3.1658
occupancy_grid,1000000,1000104,2.8486
occupancy_grid,1000000,1000104,3.2777
occupancy_grid,1000000,1000104,3.2458
occupancy_grid,1000000,1000104,3.4427
occupancy_grid,1000000,1000104,4.8496
occupancy_grid,1000000,1000104,4.2072
occupancy_grid,1000000,1000104,4.8816
occupancy_grid,1000000,1000104,3.8562
occupancy_grid,1000000,1000104,3.4272
occupancy_grid,1000000,1000104,3.2705
occupancy_grid,1000000,1000104,3.1778
occupancy_grid,1000000,1000104,3.4251
occupancy_grid,1000000,1000104,3.1778
occupancy_grid,1000000,1000104,3.1831
occupancy_grid,1000000,1000104,4.5067
occupancy_grid,1000000,1000104,4.4660
occupancy_grid,1000000,1000104,4.9424
occupancy_grid,1000000,1000104,3.2056
occupancy_grid,1000000,1000104,3.2158
occupancy_grid,1000000,1000104,3.2546
occupancy_grid,1000000,1000104,2.8258
occupancy_grid,1000000,1000104,3.4226
occupancy_grid,1000000,1000104,3.4549
occupancy_grid,1000000,1000104,4.8784
occupancy_grid,1000000,1000104,3.9775
occupancy_grid,1000000,1000104,4.6248
occupancy_grid,1000000,1000104,4.4327
occupancy_grid,1000000,1000104,3.3269
occupancy_grid,1000000,1000104,3.2105
occupancy_grid,1000000,1000104,3.3256
occupancy_grid,1000000,1000104,3.1010
occupancy_grid,1000000,1000104,3.2440
occupancy_grid,1000000,1000104,3.1790
occupancy_grid,1000000,1000104,4.7835
occupancy_grid,1000000,1000104,4.0498
occupancy_grid,1000000,1000104,4.9566
occupancy_grid,1000000,1000104,3.3322
occupancy_grid,1000000,1000104,3.2524
occupancy_grid,1000000,1000104,3.5783
occupancy_grid,1000000,1000104,3.2141
occupancy_grid,1000000,1000104,3.4184
occupancy_grid,1000000,1000104,3.1952
occupancy_grid,1000000,1000104,4.6745
occupancy_grid,1000000,1000104,3.8226
occupancy_grid,1000000,1000104,4.7298
occupancy_grid,1000000,1000104,3.8758
occupancy_grid,1000000,1000104,3.2897
occupancy_grid,1000000,1000104,3.4276
occupancy_grid,1000000,1000104,3.4363
occupancy_grid,1000000,1000104,3.4128
occupancy_grid,1000000,1000104,3.3683
occupancy_grid,1000000,1000104,3.3946
occupancy_grid,1000000,1000104,4.4795
occupancy_grid,1000000,1000104,4.0480
occupancy_grid,1000000,1000104,4.6044
occupancy_grid,1000000,1000104,4.0921
occupancy_grid,1000000,1000104,3.1714
occupancy_grid,1000000,1000104,3.1919
occupancy_grid,1000000,1000104,3.1771
occupancy_grid,1000000,1000104,3.3577
occupancy_grid,1000000,1000104,3.3751
occupancy_grid,1000000,1000104,4.6246
occupancy_grid,1000000,1000104,3.8564
occupancy_grid,1000000,1000104,4.6384
occupancy_grid,1000000,1000104,103.1392
occupancy_grid,1000000,1000104,4.7434
occupancy_grid,1000000,1000104,3.1007
occupancy_grid,1000000,1000104,3.4108
occupancy_grid,1000000,1000104,3.2471
occupancy_grid,1000000,1000104,3.1744
occupancy_grid,1000000,1000104,3.1787
occupancy_grid,1000000,1000104,4.4635
occupancy_grid,1000000,1000104,3.7792
occupancy_grid,1000000,1000104,4.7503
occupancy_grid,1000000,1000104,3.1615
occupancy_grid,1000000,1000104,3.5034
occupancy_grid,1000000,1000104,3.1731
occupancy_grid,1000000,1000104,3.2638
occupancy_grid,1000000,1000104,3.1773
occupancy_grid,1000000,1000104,3.2014
occupancy_grid,1000000,1000104,4.6223
occupancy_grid,1000000,1000104,3.5779
occupancy_grid,1000000,1000104,4.9053
occupancy_grid,1000000,1000104,3.2805
occupancy_grid,1000000,1000104,3.1878
occupancy_grid,1000000,1000104,3.5463
occupancy_grid,1000000,1000104,3.3700
occupancy_grid,1000000,1000104,2.9579
occupancy_grid,1000000,1000104,3.0582
occupancy_grid,1000000,1000104,3.1290
occupancy_grid,1000000,1000104,4.9412
occupancy_grid,1000000,1000104,4.4057
occupancy_grid,1000000,1000104,4.8641
occupancy_grid,1000000,1000104,102.7554
occupancy_grid,1000000,1000104,4.5704
occupancy_grid,1000000,1000104,3.1639
occupancy_grid,1000000,1000104,3.4238
occupancy_grid,1000000,1000104,3.4010
occupancy_grid,1000000,1000104,3.2548
occupancy_grid,1000000,1000104,3.1073
occupancy_grid,1000000,1000104,4.6979
occupancy_grid,1000000,1000104,3.9371
occupancy_grid,1000000,1000104,4.5715
occupancy_grid,1000000,1000104,3.3564
occupancy_grid,1000000,1000104,3.2939
occupancy_grid,1000000,1000104,3.3818
occupancy_grid,1000000,1000104,3.6377
occupancy_grid,1000000,1000104,3.3680
occupancy_grid,1000000,1000104,3.7565
occupancy_grid,1000000,1000104,5.0572
occupancy_grid,1000000,1000104,4.2047
occupancy_grid,1000000,1000104,4.6894
occupancy_grid,1000000,1000104,102.6973
occupancy_grid,1000000,1000104,4.8836
occupancy_grid,1000000,1000104,3.4479
occupancy_grid,1000000,1000104,3.4738
occupancy_grid,1000000,1000104,3.2387
occupancy_grid,1000000,1000104,3.3222
occupancy_grid,1000000,1000104,3.3469
occupancy_grid,1000000,1000104,4.9768
occupancy_grid,1000000,1000104,4.1787
occupancy_grid,1000000,1000104,4.9371
occupancy_grid,1000000,1000104,3.2313
occupancy_grid,1000000,1000104,3.2264
occupancy_grid,1000000,1000104,3.2119
occupancy_grid,1000000,1000104,3.4369
occupancy_grid,1000000,1000104,3.6266
occupancy_grid,1000000,1000104,3.5050
occupancy_grid,1000000,1000104,4.4068
occupancy_grid,1000000,1000104,3.7861
occupancy_grid,1000000,1000104,4.6797
occupancy_grid,1000000,1000104,3.7065
occupancy_grid,1000000,1000104,3.1721
occupancy_grid,1000000,1000104,3.6983
occupancy_grid,1000000,1000104,3.2075
occupancy_grid,1000000,1000104,3.8250
occupancy_grid,1000000,1000104,3.2842
occupancy_grid,1000000,1000104,3.1526
occupancy_grid,1000000,1000104,4.8759
occupancy_grid,1000000,1000104,4.2651
occupancy_grid,1000000,1000104,4.7745
occupancy_grid,1000000,1000104,3.3321
occupancy_grid,1000000,1000104,3.5074
occupancy_grid,1000000,1000104,3.5526
occupancy_grid,1000000,1000104,3.4858
occupancy_grid,1000000,1000104,3.3382
occupancy_grid,1000000,1000104,3.2797
occupancy_grid,1000000,1000104,4.7916
occupancy_grid,1000000,1000104,4.4971
occupancy_grid,1000000,1000104,4.8338
occupancy_grid,1000000,1000104,4.4396
occupancy_grid,1000000,1000104,3.3585
occupancy_grid,1000000,1000104,3.1921
occupancy_grid,1000000,1000104,3.1515
occupancy_grid,1000000,1000104,2.9774
occupancy_grid,1000000,1000104,3.2596
occupancy_grid,1000000,1000104,3.3185
occupancy_grid,1000000,1000104,4.8912
occupancy_grid,1000000,1000104,4.0518
occupancy_grid,1000000,1000104,4.6924
occupancy_grid,1000000,1000104,5.7864
occupancy_grid,1000000,1000104,3.5651
occupancy_grid,1000000,1000104,3.1980
occupancy_grid,1000000,1000104,3.2334
occupancy_grid,1000000,1000104,2.9260
occupancy_grid,1000000,1000104,3.1411
occupancy_grid,1000000,1000104,4.8085
occupancy_grid,1000000,1000104,4.1171
occupancy_grid,1000000,1000104,4.6908
occupancy_grid,1000000,1000104,3.7086
occupancy_grid,1000000,1000104,3.4844
occupancy_grid,1000000,1000104,3.4599
occupancy_grid,1000000,1000104,3.4925
occupancy_grid,1000000,1000104,3.2169
occupancy_grid,1000000,1000104,3.0253
occupancy_grid,1000000,1000104,3.3747
occupancy_grid,1000000,1000104,4.7778
occupancy_grid,1000000,1000104,3.8843
occupancy_grid,1000000,1000104,4.9917
occupancy_grid,1000000,1000104,3.2232
occupancy_grid,1000000,1000104,3.2008
occupancy_grid,1000000,1000104,3.4502
occupancy_grid,1000000,1000104,3.2032
occupancy_grid,1000000,1000104,3.3935
occupancy_grid,1000000,1000104,2.8024
occupancy_grid,1000000,1000104,4.5967
occupancy_grid,1000000,1000104,4.0364
occupancy_grid,1000000,1000104,5.5147
occupancy_grid,1000000,1000104,102.6699
occupancy_grid,1000000,1000104,4.5970
occupancy_grid,1000000,1000104,3.1965
occupancy_grid,1000000,1000104,3.2564
occupancy_grid,1000000,1000104,4.1633
occupancy_grid,1000000,1000104,4.1226
occupancy_grid,1000000,1000104,4.2860
occupancy_grid,1000000,1000104,5.3603
occupancy_grid,1000000,1000104,4.0031
occupancy_grid,1000000,1000104,4.7603
occupancy_grid,1000000,1000104,3.7804
occupancy_grid,1000000,1000104,3.6119
occupancy_grid,1000000,1000104,3.5137
occupancy_grid,1000000,1000104,3.2546
occupancy_grid,1000000,1000104,3.2180
occupancy_grid,1000000,1000104,3.2931
occupancy_grid,1000000,1000104,3.5443
occupancy_grid,1000000,1000104,4.6225
occupancy_grid,1000000,1000104,4.0155
occupancy_grid,1000000,1000104,4.6225
occupancy_grid,1000000,1000104,4.0974
occupancy_grid,1000000,1000104,3.2743
occupancy_grid,1000000,1000104,3.6487
occupancy_grid,1000000,1000104,3.3946
occupancy_grid,1000000,1000104,3.5535
occupancy_grid,1000000,1000104,3.3334
occupancy_grid,1000000,1000104,5.0752
occupancy_grid,1000000,1000104,4.4397
occupancy_grid,1000000,1000104,4.7635
occupancy_grid,1000000,1000104,102.9207
occupancy_grid,1000000,1000104,4.6685
occupancy_grid,1000000,1000104,3.2534
occupancy_grid,1000000,1000104,3.2423
occupancy_grid,1000000,1000104,3.5305
occupancy_grid,1000000,1000104,2.9164
occupancy_grid,1000000,1000104,3.1944
occupancy_grid,1000000,1000104,4.6053
occupancy_grid,1000000,1000104,3.8563
occupancy_grid,1000000,1000104,4.6750
occupancy_grid,1000000,1000104,3.1864
occupancy_grid,1000000,1000104,3.3266
occupancy_grid,1000000,1000104,3.5468
occupancy_grid,1000000,1000104,3.8747
occupancy_grid,1000000,1000104,3.2500
occupancy_grid,1000000,1000104,3.4419
occupancy_grid,1000000,1000104,4.7569
occupancy_grid,1000000,1000104,4.1187
occupancy_grid,1000000,1000104,4.4867
occupancy_grid,1000000,1000104,3.8173
occupancy_grid,1000000,1000104,3.5416
occupancy_grid,1000000,1000104,3.8897
occupancy_grid,1000000,1000104,3.2222
occupancy_grid,1000000,1000104,3.2256
occupancy_grid,1000000,1000104,3.2459
occupancy_grid,1000000,1000104,3.2091
occupancy_grid,1000000,1000104,4.8205
occupancy_grid,1000000,1000104,3.9557
occupancy_grid,1000000,1000104,4.6836
occupancy_grid,1000000,1000104,3.2533
occupancy_grid,1000000,1000104,3.2715
occupancy_grid,1000000,1000104,3.5152
occupancy_grid,1000000,1000104,3.3222
occupancy_grid,1000000,1000104,3.2547
occupancy_grid,1000000,1000104,3.4645
occupancy_grid,1000000,1000104,4.8597
occupancy_grid,1000000,1000104,4.0003
occupancy_grid,1000000,1000104,4.5758
occupancy_grid,1000000,1000104,3.4943
occupancy_grid,1000000,1000104,3.2208
occupancy_grid,1000000,1000104,3.5975
occupancy_grid,1000000,1000104,3.4855
occupancy_grid,1000000,1000104,3.3618
occupancy_grid,1000000,1000104,3.1798
occupancy_grid,1000000,1000104,3.3789
occupancy_grid,1000000,1000104,4.5841
occupancy_grid,1000000,1000104,4.4673
occupancy_grid,1000000,1000104,4.7324
occupancy_grid,1000000,1000104,3.9348
occupancy_grid,1000000,1000104,3.1658
occupancy_grid,1000000,1000104,3.4844
occupancy_grid,1000000,1000104,3.4825
occupancy_grid,1000000,1000104,3.3388
occupancy_grid,1000000,1000104,3.2423
occupancy_grid,1000000,1000104,3.5136
occupancy_grid,1000000,1000104,4.7234
occupancy_grid,1000000,1000104,3.9496
occupancy_grid,1000000,1000104,4.6532
occupancy_grid,1000000,1000104,3.2913
occupancy_grid,1000000,1000104,3.5259
occupancy_grid,1000000,1000104,3.6592
occupancy_grid,1000000,1000104,3.5203
occupancy_grid,1000000,1000104,3.2508
occupancy_grid,1000000,1000104,3.2456
occupancy_grid,1000000,1000104,4.7025
occupancy_grid,1000000,1000104,3.9699
occupancy_grid,1000000,1000104,4.9040
occupancy_grid,1000000,1000104,3.3156
occupancy_grid,1000000,1000104,3.4351
occupancy_grid,1000000,1000104,3.4445
occupancy_grid,1000000,1000104,3.5939
occupancy_grid,1000000,1000104,3.1456
occupancy_grid,1000000,1000104,3.1854
occupancy_grid,1000000,1000104,3.5498
occupancy_grid,1000000,1000104,4.7294
occupancy_grid,1000000,1000104,4.1402
occupancy_grid,1000000,1000104,4.8205
occupancy_grid,1000000,1000104,3.8449
occupancy_grid,1000000,1000104,2.9654
occupancy_grid,1000000,1000104,3.4798
occupancy_grid,1000000,1000104,3.2031
occupancy_grid,1000000,1000104,3.4479
occupancy_grid,1000000,1000104,3.5886
occupancy_grid,1000000,1000104,4.8791
occupancy_grid,1000000,1000104,4.1503
occupancy_grid,1000000,1000104,4.7873
occupancy_grid,1000000,1000104,3.3188
occupancy_grid,1000000,1000104,3.3700
occupancy_grid,1000000,1000104,3.4896
occupancy_grid,1000000,1000104,3.4094
occupancy_grid,1000000,1000104,3.1745
occupancy_grid,1000000,1000104,3.3034
occupancy_grid,1000000,1000104,3.3727
occupancy_grid,1000000,1000104,4.7384
occupancy_grid,1000000,1000104,4.1980
occupancy_grid,1000000,1000104,4.8278
occupancy_grid,1000000,1000104,3.3193
occupancy_grid,1000000,1000104,3.3065
occupancy_grid,1000000,1000104,3.3612
occupancy_grid,1000000,1000104,3.5141
occupancy_grid,1000000,1000104,3.5435
occupancy_grid,1000000,1000104,3.5627
occupancy_grid,1000000,1000104,4.6962
occupancy_grid,1000000,1000104,4.1343
occupancy_grid,1000000,1000104,4.7081
occupancy_grid,1000000,1000104,3.3018
occupancy_grid,1000000,1000104,3.2213
occupancy_grid,1000000,1000104,3.2149
occupancy_grid,1000000,1000104,3.4766
occupancy_grid,1000000,1000104,3.2610
occupancy_grid,1000000,1000104,3.5117
occupancy_grid,1000000,1000104,3.6167
occupancy_grid,1000000,1000104,4.6683
occupancy_grid,1000000,1000104,4.1684
occupancy_grid,1000000,1000104,4.6773
occupancy_grid,1000000,1000104,3.3356
occupancy_grid,1000000,1000104,4.2379
occupancy_grid,1000000,1000104,4.0395
occupancy_grid,1000000,1000104,3.3293
occupancy_grid,1000000,1000104,3.1265
occupancy_grid,1000000,1000104,3.7606
occupancy_grid,1000000,1000104,3.4217
occupancy_grid,1000000,1000104,5.3564
occupancy_grid,1000000,1000104,3.6510
occupancy_grid,1000000,1000104,4.6048
occupancy_grid,1000000,1000104,3.2375
occupancy_grid,1000000,1000104,4.1810
occupancy_grid,1000000,1000104,3.2630
occupancy_grid,1000000,1000104,4.0912
occupancy_grid,1000000,1000104,3.1126
occupancy_grid,1000000,1000104,3.5024
occupancy_grid,1000000,1000104,4.6889
occupancy_grid,1000000,1000104,3.8975
occupancy_grid,1000000,1000104,4.5701
occupancy_grid,1000000,1000104,106.4538
occupancy_grid,1000000,1000104,5.8856
occupancy_grid,1000000,1000104,3.6995
occupancy_grid,1000000,1000104,4.6586
occupancy_grid,1000000,1000104,3.1019
occupancy_grid,1000000,1000104,3.1240
occupancy_grid,1000000,1000104,4.5874
occupancy_grid,1000000,1000104,3.8589
occupancy_grid,1000000,1000104,4.5218
occupancy_grid,1000000,1000104,3.8489
occupancy_grid,1000000,1000104,3.1022
occupancy_grid,1000000,1000104,3.1166
occupancy_grid,1000000,1000104,3.2061
occupancy_grid,1000000,1000104,3.4907
occupancy_grid,1000000,1000104,3.2105
occupancy_grid,1000000,1000104,3.6089
occupancy_grid,1000000,1000104,4.6674
occupancy_grid,1000000,1000104,4.0037
occupancy_grid,1000000,1000104,5.0867
occupancy_grid,1000000,1000104,2.7826
occupancy_grid,1000000,1000104,3.4605
occupancy_grid,1000000,1000104,3.3174
occupancy_grid,1000000,1000104,3.6051
occupancy_grid,1000000,1000104,3.4398
occupancy_grid,1000000,1000104,3.2695
occupancy_grid,1000000,1000104,4.8769
occupancy_grid,1000000,1000104,4.1567
occupancy_grid,1000000,1000104,4.7208
occupancy_grid,1000000,1000104,3.5690
occupancy_grid,1000000,1000104,2.8434
occupancy_grid,1000000,1000104,3.2264
occupancy_grid,1000000,1000104,3.2198
occupancy_grid,1000000,1000104,3.1710
occupancy_grid,1000000,1000104,3.1974
occupancy_grid,1000000,1000104,3.3434
occupancy_grid,1000000,1000104,5.0637
occupancy_grid,1000000,1000104,4.0487
occupancy_grid,1000000,1000104,4.8270
occupancy_grid,1000000,1000104,3.6074
occupancy_grid,1000000,1000104,3.2789
occupancy_grid,1000000,1000104,3.4175
occupancy_grid,1000000,1000104,3.2207
occupancy_grid,1000000,1000104,3.2128
occupancy_grid,1000000,1000104,3.5508
occupancy_grid,1000000,1000104,4.6843
occupancy_grid,1000000,1000104,3.7750
occupancy_grid,5000000,5000104,14.0513
occupancy_grid,5000000,5000104,14.2832
occupancy_grid,5000000,5000104,14.4608
occupancy_grid,5000000,5000104,15.5317
occupancy_grid,5000000,5000104,13.9426
occupancy_grid,5000000,5000104,13.9615
occupancy_grid,5000000,5000104,13.5696
occupancy_grid,5000000,5000104,15.2167
occupancy_grid,5000000,5000104,15.2551
occupancy_grid,5000000,5000104,15.2784
occupancy_grid,5000000,5000104,15.2674
occupancy_grid,5000000,5000104,15.0451
occupancy_grid,5000000,5000104,14.5285
occupancy_grid,5000000,5000104,15.7361
occupancy_grid,5000000,5000104,15.6146
occupancy_grid,5000000,5000104,16.8687
occupancy_grid,5000000,5000104,14.5183
occupancy_grid,5000000,5000104,14.1148
occupancy_grid,5000000,5000104,15.2479
occupancy_grid,5000000,5000104,11.5158
occupancy_grid,5000000,5000104,13.4707
occupancy_grid,5000000,5000104,13.8435
occupancy_grid,5000000,5000104,14.2616
occupancy_grid,5000000,5000104,14.3630
occupancy_grid,5000000,5000104,14.3242
occupancy_grid,5000000,5000104,15.5833
occupancy_grid,5000000,5000104,14.2147
occupancy_grid,5000000,5000104,9.0700
occupancy_grid,5000000,5000104,14.2590
occupancy_grid,5000000,5000104,11.6239
occupancy_grid,5000000,5000104,14.4359
occupancy_grid,5000000,5000104,14.1963
occupancy_grid,5000000,5000104,13.9525
occupancy_grid,5000000,5000104,14.2076
occupancy_grid,5000000,5000104,14.4906
occupancy_grid,5000000,5000104,15.7371
occupancy_grid,5000000,5000104,13.9737
occupancy_grid,5000000,5000104,15.0479
occupancy_grid,5000000,5000104,13.9989
occupancy_grid,5000000,5000104,11.6947
occupancy_grid,5000000,5000104,14.4939
occupancy_grid,5000000,5000104,14.1774
occupancy_grid,5000000,5000104,14.3545
occupancy_grid,5000000,5000104,15.7615
occupancy_grid,5000000,5000104,14.4205
occupancy_grid,5000000,5000104,12.0256
occupancy_grid,5000000,5000104,14.7822
occupancy_grid,5000000,5000104,13.4511
occupancy_grid,5000000,5000104,14.1527
occupancy_grid,5000000,5000104,15.8648
occupancy_grid,5000000,5000104,15.2165
occupancy_grid,5000000,5000104,15.6540
occupancy_grid,5000000,5000104,14.1121
occupancy_grid,5000000,5000104,14.1222
occupancy_grid,5000000,5000104,14.1543
occupancy_grid,5000000,5000104,14.3253
occupancy_grid,5000000,5000104,15.3572
occupancy_grid,5000000,5000104,15.5020
occupancy_grid,5000000,5000104,15.2945
occupancy_grid,5000000,5000104,25.8420
occupancy_grid,5000000,5000104,13.4659
occupancy_grid,5000000,5000104,24.5255
occupancy_grid,5000000,5000104,13.9199
occupancy_grid,5000000,5000104,28.3209
occupancy_grid,5000000,5000104,14.1062
occupancy_grid,5000000,5000104,25.3502
occupancy_grid,5000000,5000104,14.1167
occupancy_grid,5000000,5000104,14.3883
occupancy_grid,5000000,5000104,29.0004
occupancy_grid,5000000,5000104,13.1877
occupancy_grid,5000000,5000104,14.0020
occupancy_grid,5000000,5000104,15.2919
occupancy_grid,5000000,5000104,14.0529
occupancy_grid,5000000,5000104,15.4442
occupancy_grid,5000000,5000104,15.0693
occupancy_grid,5000000,5000104,15.3501
occupancy_grid,5000000,5000104,14.3057
occupancy_grid,5000000,5000104,14.0496
occupancy_grid,5000000,5000104,15.1199
occupancy_grid,5000000,5000104,13.9613
occupancy_grid,5000000,5000104,14.9142
occupancy_grid,5000000,5000104,15.2209
occupancy_grid,5000000,5000104,14.6542
occupancy_grid,5000000,5000104,15.5961
occupancy_grid,5000000,5000104,14.0724
occupancy_grid,5000000,5000104,15.0681
occupancy_grid,5000000,5000104,15.0991
occupancy_grid,5000000,5000104,14.0702
occupancy_grid,5000000,5000104,15.7232
occupancy_grid,5000000,5000104,14.4050
occupancy_grid,5000000,5000104,14.2391
occupancy_grid,5000000,5000104,14.1845
occupancy_grid,5000000,5000104,29.6667
occupancy_grid,5000000,5000104,14.5627
occupancy_grid,5000000,5000104,25.8989
occupancy_grid,5000000,5000104,15.5120
occupancy_grid,5000000,5000104,14.3849
occupancy_grid,5000000,5000104,28.5175
occupancy_grid,5000000,5000104,14.2641
occupancy_grid,5000000,5000104,24.8389
occupancy_grid,5000000,5000104,14.1101
occupancy_grid,5000000,5000104,24.6129
occupancy_grid,5000000,5000104,14.2508
occupancy_grid,5000000,5000104,11.6147
occupancy_grid,5000000,5000104,26.8187
occupancy_grid,5000000,5000104,14.5923
occupancy_grid,5000000,5000104,14.2781
occupancy_grid,5000000,5000104,23.5557
occupancy_grid,5000000,5000104,14.1701
occupancy_grid,5000000,5000104,27.9965
occupancy_grid,5000000,5000104,15.4536
occupancy_grid,5000000,5000104,26.9815
occupancy_grid,5000000,5000104,15.4178
occupancy_grid,5000000,5000104,18.2652
occupancy_grid,5000000,5000104,13.8641
occupancy_grid,5000000,5000104,14.2837
occupancy_grid,5000000,5000104,14.2483
occupancy_grid,5000000,5000104,14.3110
occupancy_grid,5000000,5000104,14.0467
occupancy_grid,5000000,5000104,14.1406
occupancy_grid,5000000,5000104,14.4051
occupancy_grid,5000000,5000104,14.0589
occupancy_grid,5000000,5000104,15.5538
occupancy_grid,5000000,5000104,13.8358
occupancy_grid,5000000,5000104,14.1158
occupancy_grid,5000000,5000104,14.3209
occupancy_grid,5000000,5000104,14.0930
occupancy_grid,5000000,5000104,14.0032
occupancy_grid,5000000,5000104,14.0990
occupancy_grid,5000000,5000104,14.1608
occupancy_grid,5000000,5000104,14.9762
occupancy_grid,5000000,5000104,14.0655
occupancy_grid,5000000,5000104,15.2932
occupancy_grid,5000000,5000104,14.5526
occupancy_grid,5000000,5000104,15.4430
occupancy_grid,5000000,5000104,16.5055
occupancy_grid,5000000,5000104,14.6334
occupancy_grid,5000000,5000104,13.9425
occupancy_grid,5000000,5000104,15.1942
occupancy_grid,5000000,5000104,14.7487
occupancy_grid,5000000,5000104,14.0682
occupancy_grid,5000000,5000104,13.9432
occupancy_grid,5000000,5000104,13.8206
occupancy_grid,5000000,5000104,14.3821
occupancy_grid,5000000,5000104,14.2877
occupancy_grid,5000000,5000104,14.2640
occupancy_grid,5000000,5000104,14.0266
occupancy_grid,5000000,5000104,14.5667
occupancy_grid,5000000,5000104,14.1839
occupancy_grid,5000000,5000104,14.5757
occupancy_grid,5000000,5000104,15.1582
occupancy_grid,5000000,5000104,14.2252
occupancy_grid,5000000,5000104,12.5049
occupancy_grid,5000000,5000104,14.0039
occupancy_grid,5000000,5000104,14.3765
occupancy_grid,5000000,5000104,14.0252
occupancy_grid,5000000,5000104,14.0659
occupancy_grid,5000000,5000104,14.1804
occupancy_grid,5000000,5000104,14.2486
occupancy_grid,5000000,5000104,15.0469
occupancy_grid,5000000,5000104,15.4858
occupancy_grid,5000000,5000104,14.1252
occupancy_grid,5000000,5000104,12.6953
occupancy_grid,5000000,5000104,14.0068
occupancy_grid,5000000,5000104,14.7528
occupancy_grid,5000000,5000104,14.2240
occupancy_grid,5000000,5000104,14.1044
occupancy_grid,5000000,5000104,13.9812
occupancy_grid,5000000,5000104,15.4270
occupancy_grid,5000000,5000104,14.0883
occupancy_grid,5000000,5000104,13.9961
occupancy_grid,5000000,5000104,13.9732
occupancy_grid,5000000,5000104,13.8773
occupancy_grid,5000000,5000104,14.0137
occupancy_grid,5000000,5000104,12.1215
occupancy_grid,5000000,5000104,14.2093
occupancy_grid,5000000,5000104,29.8611
occupancy_grid,5000000,5000104,14.2387
occupancy_grid,5000000,5000104,15.0956
occupancy_grid,5000000,5000104,14.1867
occupancy_grid,5000000,5000104,14.8538
occupancy_grid,5000000,5000104,14.0566
occupancy_grid,5000000,5000104,14.2291
occupancy_grid,5000000,5000104,14.0751
occupancy_grid,5000000,5000104,13.5947
occupancy_grid,5000000,5000104,14.1478
occupancy_grid,5000000,5000104,14.3938
occupancy_grid,5000000,5000104,14.3741
occupancy_grid,5000000,5000104,14.1325
occupancy_grid,5000000,5000104,14.5076
occupancy_grid,5000000,5000104,14.3039
occupancy_grid,5000000,5000104,12.6207
occupancy_grid,5000000,5000104,14.7698
occupancy_grid,5000000,5000104,14.3948
occupancy_grid,5000000,5000104,14.3100
occupancy_grid,5000000,5000104,16.4047
occupancy_grid,5000000,5000104,13.9346
occupancy_grid,5000000,5000104,14.2212
occupancy_grid,5000000,5000104,27.5792
occupancy_grid,5000000,5000104,15.6176
occupancy_grid,5000000,5000104,14.1544
occupancy_grid,5000000,5000104,28.0879
occupancy_grid,5000000,5000104,13.8070
occupancy_grid,5000000,5000104,24.3142
occupancy_grid,5000000,5000104,14.1122
occupancy_grid,5000000,5000104,27.8801
occupancy_grid,5000000,5000104,14.4439
occupancy_grid,5000000,5000104,14.2199
occupancy_grid,5000000,5000104,13.8315
occupancy_grid,5000000,5000104,24.7547
occupancy_grid,5000000,5000104,14.2933
occupancy_grid,5000000,5000104,27.6036
occupancy_grid,5000000,5000104,14.4833
occupancy_grid,5000000,5000104,14.3671
occupancy_grid,5000000,5000104,23.8038
occupancy_grid,5000000,5000104,14.1559
occupancy_grid,5000000,5000104,14.9384
occupancy_grid,5000000,5000104,14.1945
occupancy_grid,5000000,5000104,14.2659
occupancy_grid,5000000,5000104,14.0497
occupancy_grid,5000000,5000104,15.6069
occupancy_grid,5000000,5000104,14.3857
occupancy_grid,5000000,5000104,15.3968
occupancy_grid,5000000,5000104,14.3186
occupancy_grid,5000000,5000104,29.0463
occupancy_grid,5000000,5000104,14.0495
occupancy_grid,5000000,5000104,25.3639
occupancy_grid,5000000,5000104,14.0005
occupancy_grid,5000000,5000104,14.0851
occupancy_grid,5000000,5000104,14.1368
occupancy_grid,5000000,5000104,32.0393
occupancy_grid,5000000,5000104,14.0898
occupancy_grid,5000000,5000104,17.3900
occupancy_grid,5000000,5000104,24.8246
occupancy_grid,5000000,5000104,13.9209
occupancy_grid,5000000,5000104,14.9160
occupancy_grid,5000000,5000104,26.5497
occupancy_grid,5000000,5000104,16.9691
occupancy_grid,5000000,5000104,16.7727
occupancy_grid,5000000,5000104,14.4825
occupancy_grid,5000000,5000104,14.5310
occupancy_grid,5000000,5000104,15.2417
occupancy_grid,5000000,5000104,14.1498
occupancy_grid,5000000,5000104,14.2033
occupancy_grid,5000000,5000104,14.2128
occupancy_grid,5000000,5000104,13.7581
occupancy_grid,5000000,5000104,14.2137
occupancy_grid,5000000,5000104,13.6840
occupancy_grid,5000000,5000104,14.1946
occupancy_grid,5000000,5000104,14.3940
occupancy_grid,5000000,5000104,14.7631
occupancy_grid,5000000,5000104,15.2644
occupancy_grid,5000000,5000104,23.9067
occupancy_grid,5000000,5000104,14.5711
occupancy_grid,5000000,5000104,14.1767
occupancy_grid,5000000,5000104,14.4399
occupancy_grid,5000000,5000104,14.1098
occupancy_grid,5000000,5000104,14.3941
occupancy_grid,5000000,5000104,14.3894
occupancy_grid,5000000,5000104,24.9932
occupancy_grid,5000000,5000104,14.1478
occupancy_grid,5000000,5000104,27.3295
occupancy_grid,5000000,5000104,13.8960
occupancy_grid,5000000,5000104,14.1231
occupancy_grid,5000000,5000104,14.0962
occupancy_grid,5000000,5000104,14.3953
occupancy_grid,5000000,5000104,15.4900
occupancy_grid,5000000,5000104,14.2838
occupancy_grid,5000000,5000104,14.1794
occupancy_grid,5000000,5000104,15.0239
occupancy_grid,5000000,5000104,14.0879
occupancy_grid,5000000,5000104,14.9096
occupancy_grid,5000000,5000104,15.3724
occupancy_grid,5000000,5000104,15.5553
occupancy_grid,5000000,5000104,15.2440
occupancy_grid,5000000,5000104,14.1342
occupancy_grid,5000000,5000104,14.0471
occupancy_grid,5000000,5000104,14.1092
occupancy_grid,5000000,5000104,15.4365
occupancy_grid,5000000,5000104,13.7100
occupancy_grid,5000000,5000104,13.0884
occupancy_grid,5000000,5000104,13.6427
occupancy_grid,5000000,5000104,13.8131
occupancy_grid,5000000,5000104,25.3072
occupancy_grid,5000000,5000104,14.1004
occupancy_grid,5000000,5000104,24.0053
occupancy_grid,5000000,5000104,12.6377
occupancy_grid,5000000,5000104,27.7825
occupancy_grid,5000000,5000104,14.5646
occupancy_grid,5000000,5000104,122.1231
occupancy_grid,5000000,5000104,17.1987
occupancy_grid,5000000,5000104,28.5765
occupancy_grid,5000000,5000104,11.4502
occupancy_grid,5000000,5000104,134.3545
occupancy_grid,5000000,5000104,44.9100
occupancy_grid,5000000,5000104,12.2622
occupancy_grid,5000000,5000104,12.4529
occupancy_grid,5000000,5000104,14.0948
occupancy_grid,5000000,5000104,14.0732
occupancy_grid,5000000,5000104,14.0486
occupancy_grid,5000000,5000104,12.4526
occupancy_grid,5000000,5000104,13.7824
occupancy_grid,5000000,5000104,14.1480
occupancy_grid,5000000,5000104,13.9283
occupancy_grid,5000000,5000104,14.0547
occupancy_grid,5000000,5000104,15.7687
occupancy_grid,5000000,5000104,14.4932
occupancy_grid,5000000,5000104,14.0694
occupancy_grid,5000000,5000104,14.1414
occupancy_grid,5000000,5000104,14.4431
occupancy_grid,5000000,5000104,27.1160
occupancy_grid,5000000,5000104,14.0632
occupancy_grid,5000000,5000104,28.1766
occupancy_grid,5000000,5000104,14.1351
occupancy_grid,5000000,5000104,14.4146
occupancy_grid,5000000,5000104,15.7645
occupancy_grid,5000000,5000104,13.9643
occupancy_grid,5000000,5000104,29.3251
occupancy_grid,5000000,5000104,14.2458
occupancy_grid,5000000,5000104,14.1372
occupancy_grid,5000000,5000104,26.7260
occupancy_grid,5000000,5000104,15.7757
occupancy_grid,5000000,5000104,14.1664
occupancy_grid,5000000,5000104,30.1867
occupancy_grid,5000000,5000104,14.3627
occupancy_grid,5000000,5000104,14.1568
occupancy_grid,5000000,5000104,26.4092
occupancy_grid,5000000,5000104,13.9933
occupancy_grid,5000000,5000104,26.8487
occupancy_grid,5000000,5000104,14.0977
occupancy_grid,5000000,5000104,25.0032
occupancy_grid,5000000,5000104,14.8513
occupancy_grid,5000000,5000104,15.0944
occupancy_grid,5000000,5000104,25.2316
occupancy_grid,5000000,5000104,14.2056
occupancy_grid,5000000,5000104,14.2350
occupancy_grid,5000000,5000104,14.5671
occupancy_grid,5000000,5000104,14.1235
occupancy_grid,5000000,5000104,13.6986
occupancy_grid,5000000,5000104,14.6072
occupancy_grid,5000000,5000104,14.1321
occupancy_grid,5000000,5000104,14.1032
occupancy_grid,5000000,5000104,14.2571
occupancy_grid,5000000,5000104,14.1345
occupancy_grid,5000000,5000104,13.8264
occupancy_grid,5000000,5000104,13.8781
occupancy_grid,5000000,5000104,14.9237
occupancy_grid,5000000,5000104,13.8823
occupancy_grid,5000000,5000104,13.9669
occupancy_grid,5000000,5000104,13.8613
occupancy_grid,5000000,5000104,14.6303
occupancy_grid,5000000,5000104,15.4638
occupancy_grid,5000000,5000104,13.6612
occupancy_grid,5000000,5000104,13.9307
occupancy_grid,5000000,5000104,14.9449
occupancy_grid,5000000,5000104,13.8717
occupancy_grid,5000000,5000104,14.0362
occupancy_grid,5000000,5000104,14.3311
occupancy_grid,5000000,5000104,27.7297
occupancy_grid,5000000,5000104,14.4822
occupancy_grid,5000000,5000104,13.6717
occupancy_grid,5000000,5000104,14.7369
occupancy_grid,5000000,5000104,24.2943
occupancy_grid,5000000,5000104,14.0015
occupancy_grid,5000000,5000104,27.4710
occupancy_grid,5000000,5000104,15.7982
occupancy_grid,5000000,5000104,27.8255
occupancy_grid,5000000,5000104,13.6645
occupancy_grid,5000000,5000104,13.8146
occupancy_grid,5000000,5000104,13.8673
occupancy_grid,5000000,5000104,25.9051
occupancy_grid,5000000,5000104,14.2379
occupancy_grid,5000000,5000104,27.8832
occupancy_grid,5000000,5000104,14.3096
occupancy_grid,5000000,5000104,15.1787
occupancy_grid,5000000,5000104,13.9281
occupancy_grid,5000000,5000104,14.1252
occupancy_grid,5000000,5000104,14.1114
occupancy_grid,5000000,5000104,15.2712
occupancy_grid,5000000,5000104,14.1557
occupancy_grid,5000000,5000104,14.1209
occupancy_grid,5000000,5000104,13.8920
occupancy_grid,5000000,5000104,13.8948
occupancy_grid,5000000,5000104,14.1823
occupancy_grid,5000000,5000104,14.1262
occupancy_grid,5000000,5000104,14.9357
occupancy_grid,5000000,5000104,14.2804
occupancy_grid,5000000,5000104,14.2370
occupancy_grid,5000000,5000104,14.1373
occupancy_grid,5000000,5000104,14.1327
occupancy_grid,5000000,5000104,14.2030
occupancy_grid,5000000,5000104,14.0784
occupancy_grid,5000000,5000104,14.0742
occupancy_grid,5000000,5000104,14.1594
occupancy_grid,5000000,5000104,14.1892
occupancy_grid,5000000,5000104,14.0341
occupancy_grid,5000000,5000104,15.6544
occupancy_grid,5000000,5000104,16.1685
occupancy_grid,5000000,5000104,15.7946
occupancy_grid,5000000,5000104,15.6653
occupancy_grid,5000000,5000104,14.2195
occupancy_grid,5000000,5000104,14.9854
occupancy_grid,5000000,5000104,15.0707
occupancy_grid,5000000,5000104,15.2635
occupancy_grid,5000000,5000104,15.3579
occupancy_grid,5000000,5000104,15.9755
occupancy_grid,5000000,5000104,14.3500
occupancy_grid,5000000,5000104,27.8592
occupancy_grid,5000000,5000104,14.0998
occupancy_grid,5000000,5000104,13.8524
occupancy_grid,5000000,5000104,13.7459
occupancy_grid,5000000,5000104,13.9577
occupancy_grid,5000000,5000104,13.9815
occupancy_grid,5000000,5000104,14.0505
occupancy_grid,5000000,5000104,14.2156
occupancy_grid,5000000,5000104,13.9907
occupancy_grid,5000000,5000104,15.3584
occupancy_grid,5000000,5000104,13.6568
occupancy_grid,5000000,5000104,13.8390
occupancy_grid,5000000,5000104,14.3584
occupancy_grid,5000000,5000104,14.1924
occupancy_grid,5000000,5000104,14.2608
occupancy_grid,5000000,5000104,15.1149
occupancy_grid,5000000,5000104,15.2643
occupancy_grid,5000000,5000104,14.1665
occupancy_grid,5000000,5000104,13.5639
occupancy_grid,5000000,5000104,14.1942
occupancy_grid,5000000,5000104,14.1172
occupancy_grid,5000000,5000104,14.1294
occupancy_grid,5000000,5000104,13.8161
occupancy_grid,5000000,5000104,14.3269
occupancy_grid,5000000,5000104,13.9033
occupancy_grid,5000000,5000104,14.0556
occupancy_grid,5000000,5000104,14.2059
occupancy_grid,5000000,5000104,14.1211
occupancy_grid,5000000,5000104,13.3728
occupancy_grid,5000000,5000104,13.6895
occupancy_grid,5000000,5000104,17.1434
occupancy_grid,5000000,5000104,14.1687
occupancy_grid,5000000,5000104,14.3314
occupancy_grid,5000000,5000104,14.1268
occupancy_grid,5000000,5000104,15.6778
occupancy_grid,5000000,5000104,14.1270
occupancy_grid,5000000,5000104,14.1076
occupancy_grid,5000000,5000104,13.8691
occupancy_grid,5000000,5000104,13.4929
occupancy_grid,5000000,5000104,24.5021
occupancy_grid,5000000,5000104,15.3823
occupancy_grid,5000000,5000104,15.7057
occupancy_grid,5000000,5000104,15.6831
occupancy_grid,5000000,5000104,14.1173
occupancy_grid,5000000,5000104,13.9391
occupancy_grid,5000000,5000104,13.4660
occupancy_grid,5000000,5000104,15.1908
occupancy_grid,5000000,5000104,13.9862
occupancy_grid,5000000,5000104,27.2533
occupancy_grid,5000000,5000104,14.0709
occupancy_grid,5000000,5000104,14.8927
occupancy_grid,5000000,5000104,28.6955
occupancy_grid,5000000,5000104,14.1125
occupancy_grid,5000000,5000104,28.2665
occupancy_grid,5000000,5000104,13.9958
occupancy_grid,5000000,5000104,26.2348
occupancy_grid,5000000,5000104,14.0593
occupancy_grid,5000000,5000104,13.9391
occupancy_grid,5000000,5000104,28.8691
occupancy_grid,5000000,5000104,15.4792
occupancy_grid,5000000,5000104,30.4838
occupancy_grid,5000000,5000104,16.0401
occupancy_grid,5000000,5000104,28.7478
occupancy_grid,5000000,5000104,15.4353
occupancy_grid,5000000,5000104,28.7298
occupancy_grid,5000000,5000104,14.9659
occupancy_grid,5000000,5000104,15.2556
occupancy_grid,5000000,5000104,29.3755
occupancy_grid,5000000,5000104,15.7155
occupancy_grid,5000000,5000104,14.0966
occupancy_grid,5000000,5000104,34.0509
occupancy_grid,5000000,5000104,14.0738
occupancy_grid,5000000,5000104,28.1189
occupancy_grid,5000000,5000104,14.5804
occupancy_grid,5000000,5000104,15.2652
occupancy_grid,5000000,5000104,29.1698
occupancy_grid,5000000,5000104,14.3607
occupancy_grid,5000000,5000104,14.2462
occupancy_grid,5000000,5000104,25.9090
occupancy_grid,5000000,5000104,12.3559
occupancy_grid,5000000,5000104,13.8536
occupancy_grid,5000000,5000104,28.7549
occupancy_grid,5000000,5000104,14.1327
occupancy_grid,5000000,5000104,15.6476
occupancy_grid,5000000,5000104,28.4025
occupancy_grid,5000000,5000104,13.9518
occupancy_grid,5000000,5000104,24.4644
occupancy_grid,5000000,5000104,13.7878
occupancy_grid,5000000,5000104,14.0807
occupancy_grid,5000000,5000104,14.2274
occupancy_grid,5000000,5000104,25.7150
occupancy_grid,5000000,5000104,12.8344
occupancy_grid,5000000,5000104,14.0940
occupancy_grid,5000000,5000104,29.5531
occupancy_grid,5000000,5000104,15.5495
occupancy_grid,5000000,5000104,27.2258
occupancy_grid,5000000,5000104,13.5855
occupancy_grid,5000000,5000104,14.1804
occupancy_grid,5000000,5000104,25.4386
occupancy_grid,5000000,5000104,15.1931
occupancy_grid,5000000,5000104,23.6335
occupancy_grid,5000000,5000104,12.6999
occupancy_grid,5000000,5000104,14.1468
occupancy_grid,5000000,5000104,26.3777
occupancy_grid,5000000,5000104,13.8744
occupancy_grid,5000000,5000104,14.2876
occupancy_grid,5000000,5000104,15.5881
occupancy_grid,5000000,5000104,14.7309
occupancy_grid,5000000,5000104,26.7273
occupancy_grid,5000000,5000104,14.8757
occupancy_grid,5000000,5000104,14.2085
occupancy_grid,5000000,5000104,12.7789
occupancy_grid,5000000,5000104,14.1088
occupancy_grid,5000000,5000104,14.2711
occupancy_grid,5000000,5000104,13.8798
occupancy_grid,5000000,5000104,14.5616
occupancy_grid,5000000,5000104,13.9401
occupancy_grid,5000000,5000104,14.1390
occupancy_grid,5000000,5000104,14.3810
occupancy_grid,5000000,5000104,14.4191
occupancy_grid,5000000,5000104,16.3400
occupancy_grid,5000000,5000104,14.4356
occupancy_grid,5000000,5000104,14.0541
occupancy_grid,5000000,5000104,14.2279
occupancy_grid,5000000,5000104,15.1345
occupancy_grid,5000000,5000104,30.0091
occupancy_grid,5000000,5000104,15.7403
occupancy_grid,5000000,5000104,14.2651
occupancy_grid,5000000,5000104,27.8900
occupancy_grid,5000000,5000104,15.6720
occupancy_grid,5000000,5000104,15.1087
occupancy_grid,10000000,10000104,27.1045
occupancy_grid,10000000,10000104,27.8651
occupancy_grid,10000000,10000104,23.8888
occupancy_grid,10000000,10000104,25.2594
occupancy_grid,10000000,10000104,25.7156
occupancy_grid,10000000,10000104,28.1623
occupancy_grid,10000000,10000104,26.4442
occupancy_grid,10000000,10000104,28.9023
occupancy_grid,10000000,10000104,28.6782
occupancy_grid,10000000,10000104,26.4900
occupancy_grid,10000000,10000104,28.0443
occupancy_grid,10000000,10000104,25.8739
occupancy_grid,10000000,10000104,19.8503
occupancy_grid,10000000,10000104,27.0466
occupancy_grid,10000000,10000104,28.7494
occupancy_grid,10000000,10000104,25.7318
occupancy_grid,10000000,10000104,26.4561
occupancy_grid,10000000,10000104,24.7126
occupancy_grid,10000000,10000104,25.9378
occupancy_grid,10000000,10000104,28.3920
occupancy_grid,10000000,10000104,25.9910
occupancy_grid,10000000,10000104,26.4328
occupancy_grid,10000000,10000104,21.3155
occupancy_grid,10000000,10000104,25.0781
occupancy_grid,10000000,10000104,27.5701
occupancy_grid,10000000,10000104,27.4214
occupancy_grid,10000000,10000104,26.0706
occupancy_grid,10000000,10000104,26.4319
occupancy_grid,10000000,10000104,26.5275
occupancy_grid,10000000,10000104,24.9883
occupancy_grid,10000000,10000104,25.3657
occupancy_grid,10000000,10000104,27.0531
occupancy_grid,10000000,10000104,23.5065
occupancy_grid,10000000,10000104,27.0661
occupancy_grid,10000000,10000104,27.4871
occupancy_grid,10000000,10000104,27.1183
occupancy_grid,10000000,10000104,29.1479
occupancy_grid,10000000,10000104,26.1601
occupancy_grid,10000000,10000104,26.8999
occupancy_grid,10000000,10000104,28.4198
occupancy_grid,10000000,10000104,26.5863
occupancy_grid,10000000,10000104,28.0540
occupancy_grid,10000000,10000104,25.9478
occupancy_grid,10000000,10000104,27.5706
occupancy_grid,10000000,10000104,25.8119
occupancy_grid,10000000,10000104,26.2361
occupancy_grid,10000000,10000104,27.5026
occupancy_grid,10000000,10000104,23.7547
occupancy_grid,10000000,10000104,25.8665
occupancy_grid,10000000,10000104,25.3573
occupancy_grid,10000000,10000104,26.9806
occupancy_grid,10000000,10000104,27.4134
occupancy_grid,10000000,10000104,25.9228
occupancy_grid,10000000,10000104,27.2981
occupancy_grid,10000000,10000104,25.1314
occupancy_grid,10000000,10000104,25.6186
occupancy_grid,10000000,10000104,26.5402
occupancy_grid,10000000,10000104,26.2421
occupancy_grid,10000000,10000104,26.1774
occupancy_grid,10000000,10000104,28.1682
occupancy_grid,10000000,10000104,27.9177
occupancy_grid,10000000,10000104,26.7365
occupancy_grid,10000000,10000104,27.7369
occupancy_grid,10000000,10000104,27.9576
occupancy_grid,10000000,10000104,27.2956
occupancy_grid,10000000,10000104,25.9868
occupancy_grid,10000000,10000104,24.5426
occupancy_grid,10000000,10000104,24.9480
occupancy_grid,10000000,10000104,26.0422
occupancy_grid,10000000,10000104,25.7892
occupancy_grid,10000000,10000104,28.1406
occupancy_grid,10000000,10000104,26.6877
occupancy_grid,10000000,10000104,26.2471
occupancy_grid,10000000,10000104,24.3358
occupancy_grid,10000000,10000104,24.5910
occupancy_grid,10000000,10000104,25.0138
occupancy_grid,10000000,10000104,27.1394
occupancy_grid,10000000,10000104,26.5638
occupancy_grid,10000000,10000104,26.1359
occupancy_grid,10000000,10000104,24.5417
occupancy_grid,10000000,10000104,24.1987
occupancy_grid,10000000,10000104,24.7062
occupancy_grid,10000000,10000104,20.0088
occupancy_grid,10000000,10000104,22.0582
occupancy_grid,10000000,10000104,29.1040
occupancy_grid,10000000,10000104,26.9302
occupancy_grid,10000000,10000104,25.5854
occupancy_grid,10000000,10000104,26.2812
occupancy_grid,10000000,10000104,28.2388
occupancy_grid,10000000,10000104,26.6931
occupancy_grid,10000000,10000104,27.2459
occupancy_grid,10000000,10000104,25.9530
occupancy_grid,10000000,10000104,24.8793
occupancy_grid,10000000,10000104,20.9679
occupancy_grid,10000000,10000104,25.4078
occupancy_grid,10000000,10000104,26.3874
occupancy_grid,10000000,10000104,26.5234
occupancy_grid,10000000,10000104,27.2678
occupancy_grid,10000000,10000104,27.0003
occupancy_grid,10000000,10000104,24.8971
occupancy_grid,10000000,10000104,24.5906
occupancy_grid,10000000,10000104,24.9651
occupancy_grid,10000000,10000104,27.6197
occupancy_grid,10000000,10000104,24.3299
occupancy_grid,10000000,10000104,28.5019
occupancy_grid,10000000,10000104,24.5392
occupancy_grid,10000000,10000104,24.5144
occupancy_grid,10000000,10000104,26.9455
occupancy_grid,10000000,10000104,27.4778
occupancy_grid,10000000,10000104,26.6229
occupancy_grid,10000000,10000104,26.1159
occupancy_grid,10000000,10000104,25.6881
occupancy_grid,10000000,10000104,26.2332
occupancy_grid,10000000,10000104,24.5648
occupancy_grid,10000000,10000104,25.2967
occupancy_grid,10000000,10000104,27.0494
occupancy_grid,10000000,10000104,29.5159
occupancy_grid,10000000,10000104,28.5011
occupancy_grid,10000000,10000104,28.4904
occupancy_grid,10000000,10000104,25.1334
occupancy_grid,10000000,10000104,26.7559
occupancy_grid,10000000,10000104,26.1277
occupancy_grid,10000000,10000104,26.3261
occupancy_grid,10000000,10000104,26.4315
occupancy_grid,10000000,10000104,27.1491
occupancy_grid,10000000,10000104,28.0527
occupancy_grid,10000000,10000104,24.4680
occupancy_grid,10000000,10000104,25.9268
occupancy_grid,10000000,10000104,25.8777
occupancy_grid,10000000,10000104,26.4083
occupancy_grid,10000000,10000104,26.5616
occupancy_grid,10000000,10000104,28.5083
occupancy_grid,10000000,10000104,24.6745
occupancy_grid,10000000,10000104,24.2308
occupancy_grid,10000000,10000104,27.7830
occupancy_grid,10000000,10000104,28.3229
occupancy_grid,10000000,10000104,30.0805
occupancy_grid,10000000,10000104,28.1865
occupancy_grid,10000000,10000104,29.9581
occupancy_grid,10000000,10000104,24.8787
occupancy_grid,10000000,10000104,27.4794
occupancy_grid,10000000,10000104,25.7997
occupancy_grid,10000000,10000104,28.0831
occupancy_grid,10000000,10000104,25.0035
occupancy_grid,10000000,10000104,25.9038
occupancy_grid,10000000,10000104,26.8647
occupancy_grid,10000000,10000104,25.1951
occupancy_grid,10000000,10000104,28.4067
occupancy_grid,10000000,10000104,27.0113
occupancy_grid,10000000,10000104,26.2294
occupancy_grid,10000000,10000104,26.3352
occupancy_grid,10000000,10000104,25.0988
occupancy_grid,10000000,10000104,26.9130
occupancy_grid,10000000,10000104,25.3918
occupancy_grid,10000000,10000104,25.6526
occupancy_grid,10000000,10000104,26.4116
occupancy_grid,10000000,10000104,26.9887
occupancy_grid,10000000,10000104,27.2910
occupancy_grid,10000000,10000104,25.2859
occupancy_grid,10000000,10000104,25.5723
occupancy_grid,10000000,10000104,26.2763
occupancy_grid,10000000,10000104,28.3891
occupancy_grid,10000000,10000104,26.4379
occupancy_grid,10000000,10000104,28.8991
occupancy_grid,10000000,10000104,24.7656
occupancy_grid,10000000,10000104,27.5573
occupancy_grid,10000000,10000104,24.8435
occupancy_grid,10000000,10000104,25.1759
occupancy_grid,10000000,10000104,25.9822
occupancy_grid,10000000,10000104,26.0719
occupancy_grid,10000000,10000104,29.5379
occupancy_grid,10000000,10000104,26.1062
occupancy_grid,10000000,10000104,26.4609
occupancy_grid,10000000,10000104,24.7713
occupancy_grid,10000000,10000104,24.7328
occupancy_grid,10000000,10000104,25.3988
occupancy_grid,10000000,10000104,25.7598
occupancy_grid,10000000,10000104,26.2464
occupancy_grid,10000000,10000104,26.0281
occupancy_grid,10000000,10000104,24.3392
occupancy_grid,10000000,10000104,24.7302
occupancy_grid,10000000,10000104,24.5566
occupancy_grid,10000000,10000104,25.6631
occupancy_grid,10000000,10000104,25.4150
occupancy_grid,10000000,10000104,25.9533
occupancy_grid,10000000,10000104,32.4032
occupancy_grid,10000000,10000104,26.8353
occupancy_grid,10000000,10000104,24.9450
occupancy_grid,10000000,10000104,25.9581
occupancy_grid,10000000,10000104,26.3332
occupancy_grid,10000000,10000104,28.7335
occupancy_grid,10000000,10000104,28.3213
occupancy_grid,10000000,10000104,26.4128
occupancy_grid,10000000,10000104,27.3926
occupancy_grid,10000000,10000104,27.6746
occupancy_grid,10000000,10000104,27.2925
occupancy_grid,10000000,10000104,29.3515
occupancy_grid,10000000,10000104,26.8396
occupancy_grid,10000000,10000104,26.5035
occupancy_grid,10000000,10000104,24.8957
occupancy_grid,10000000,10000104,24.3041
occupancy_grid,10000000,10000104,25.0060
occupancy_grid,10000000,10000104,25.5610
occupancy_grid,10000000,10000104,26.3659
occupancy_grid,10000000,10000104,27.3883
occupancy_grid,10000000,10000104,26.6637
occupancy_grid,10000000,10000104,24.4699
occupancy_grid,10000000,10000104,25.7235
occupancy_grid,10000000,10000104,28.1810
occupancy_grid,10000000,10000104,26.6763
occupancy_grid,10000000,10000104,26.6326
occupancy_grid,10000000,10000104,25.7861
occupancy_grid,10000000,10000104,26.3957
occupancy_grid,10000000,10000104,26.9247
occupancy_grid,10000000,10000104,25.7390
occupancy_grid,10000000,10000104,25.8536
occupancy_grid,10000000,10000104,24.2183
occupancy_grid,10000000,10000104,25.8573
occupancy_grid,10000000,10000104,23.4964
occupancy_grid,10000000,10000104,24.8828
occupancy_grid,10000000,10000104,24.9826
occupancy_grid,10000000,10000104,25.8003
occupancy_grid,10000000,10000104,26.6226
occupancy_grid,10000000,10000104,24.1205
occupancy_grid,10000000,10000104,24.4331
occupancy_grid,10000000,10000104,25.0014
occupancy_grid,10000000,10000104,25.7981
occupancy_grid,10000000,10000104,25.9103
occupancy_grid,10000000,10000104,24.7285
occupancy_grid,10000000,10000104,26.7645
occupancy_grid,10000000,10000104,25.1952
occupancy_grid,10000000,10000104,28.1916
occupancy_grid,10000000,10000104,29.5879
occupancy_grid,10000000,10000104,26.7853
occupancy_grid,10000000,10000104,29.3384
occupancy_grid,10000000,10000104,28.1706
occupancy_grid,10000000,10000104,25.3494
occupancy_grid,10000000,10000104,25.4975
occupancy_grid,10000000,10000104,25.3321
occupancy_grid,10000000,10000104,26.3696
occupancy_grid,10000000,10000104,27.1854
occupancy_grid,10000000,10000104,26.3325
occupancy_grid,10000000,10000104,29.6007
occupancy_grid,10000000,10000104,26.0395
occupancy_grid,10000000,10000104,26.1017
occupancy_grid,10000000,10000104,27.0794
occupancy_grid,10000000,10000104,25.5745
occupancy_grid,10000000,10000104,25.8830
occupancy_grid,10000000,10000104,25.7658
occupancy_grid,10000000,10000104,25.7367
occupancy_grid,10000000,10000104,28.0114
occupancy_grid,10000000,10000104,24.7953
occupancy_grid,10000000,10000104,25.4996
occupancy_grid,10000000,10000104,25.8180
occupancy_grid,10000000,10000104,26.2859
occupancy_grid,10000000,10000104,27.3018
occupancy_grid,10000000,10000104,26.5377
occupancy_grid,10000000,10000104,27.2410
occupancy_grid,10000000,10000104,14.8981
occupancy_grid,10000000,10000104,20.5075
occupancy_grid,10000000,10000104,26.3485
occupancy_grid,10000000,10000104,26.1349
occupancy_grid,10000000,10000104,26.0156
occupancy_grid,10000000,10000104,24.8971
occupancy_grid,10000000,10000104,25.4482
occupancy_grid,10000000,10000104,27.6257
occupancy_grid,10000000,10000104,27.3254
occupancy_grid,10000000,10000104,26.4988
occupancy_grid,10000000,10000104,25.0394
occupancy_grid,10000000,10000104,20.1201
occupancy_grid,10000000,10000104,25.6686
occupancy_grid,10000000,10000104,26.2354
occupancy_grid,10000000,10000104,26.5552
occupancy_grid,10000000,10000104,26.2106
occupancy_grid,10000000,10000104,24.4545
occupancy_grid,10000000,10000104,25.8746
occupancy_grid,10000000,10000104,26.1284
occupancy_grid,10000000,10000104,25.4040
occupancy_grid,10000000,10000104,27.5341
occupancy_grid,10000000,10000104,18.4344
occupancy_grid,10000000,10000104,25.9704
occupancy_grid,10000000,10000104,26.7929
occupancy_grid,10000000,10000104,25.1971
occupancy_grid,10000000,10000104,25.6153
occupancy_grid,10000000,10000104,27.2804
occupancy_grid,10000000,10000104,27.1838
occupancy_grid,10000000,10000104,26.7821
occupancy_grid,10000000,10000104,25.8204
occupancy_grid,10000000,10000104,24.9678
occupancy_grid,10000000,10000104,24.5957
occupancy_grid,10000000,10000104,26.4059
occupancy_grid,10000000,10000104,27.5180
occupancy_grid,10000000,10000104,26.8043
occupancy_grid,10000000,10000104,26.9646
occupancy_grid,10000000,10000104,27.2727
occupancy_grid,10000000,10000104,25.7677
occupancy_grid,10000000,10000104,25.8143
occupancy_grid,10000000,10000104,26.2973
occupancy_grid,10000000,10000104,26.6529
occupancy_grid,10000000,10000104,26.0717
occupancy_grid,10000000,10000104,25.1020
occupancy_grid,10000000,10000104,24.5454
occupancy_grid,10000000,10000104,25.8268
occupancy_grid,10000000,10000104,26.5261
occupancy_grid,10000000,10000104,26.7274
occupancy_grid,10000000,10000104,26.8786
occupancy_grid,10000000,10000104,26.4579
occupancy_grid,10000000,10000104,29.4790
occupancy_grid,10000000,10000104,25.4454
occupancy_grid,10000000,10000104,25.5839
occupancy_grid,10000000,10000104,26.0673
occupancy_grid,10000000,10000104,25.9092
occupancy_grid,10000000,10000104,27.7753
occupancy_grid,10000000,10000104,28.5595
occupancy_grid,10000000,10000104,24.6382
occupancy_grid,10000000,10000104,25.0372
occupancy_grid,10000000,10000104,25.6398
occupancy_grid,10000000,10000104,25.8771
occupancy_grid,10000000,10000104,26.7306
occupancy_grid,10000000,10000104,26.5937
occupancy_grid,10000000,10000104,24.6947
occupancy_grid,10000000,10000104,24.6390
occupancy_grid,10000000,10000104,24.7868
occupancy_grid,10000000,10000104,27.4517
occupancy_grid,10000000,10000104,26.3839
occupancy_grid,10000000,10000104,26.7069
occupancy_grid,10000000,10000104,26.7676
occupancy_grid,10000000,10000104,28.5910
occupancy_grid,10000000,10000104,26.7143
occupancy_grid,10000000,10000104,25.2256
occupancy_grid,10000000,10000104,25.3186
occupancy_grid,10000000,10000104,22.6731
occupancy_grid,10000000,10000104,28.1336
occupancy_grid,10000000,10000104,29.0502
occupancy_grid,10000000,10000104,27.2121
occupancy_grid,10000000,10000104,25.4551
occupancy_grid,10000000,10000104,25.7655
occupancy_grid,10000000,10000104,25.9086
occupancy_grid,10000000,10000104,26.8412
occupancy_grid,10000000,10000104,25.8102
occupancy_grid,10000000,10000104,24.3229
occupancy_grid,10000000,10000104,24.1144
occupancy_grid,10000000,10000104,25.0242
occupancy_grid,10000000,10000104,25.3616
occupancy_grid,10000000,10000104,25.9319
occupancy_grid,10000000,10000104,27.0864
occupancy_grid,10000000,10000104,26.7006
occupancy_grid,10000000,10000104,26.4135
occupancy_grid,10000000,10000104,25.9970
occupancy_grid,10000000,10000104,24.4414
occupancy_grid,10000000,10000104,32.9771
occupancy_grid,10000000,10000104,25.3864
occupancy_grid,10000000,10000104,21.1581
occupancy_grid,10000000,10000104,26.4303
occupancy_grid,10000000,10000104,28.1224
occupancy_grid,10000000,10000104,30.3047
occupancy_grid,10000000,10000104,25.6375
occupancy_grid,10000000,10000104,24.5882
occupancy_grid,10000000,10000104,26.2975
occupancy_grid,10000000,10000104,26.7281
occupancy_grid,10000000,10000104,20.5691
occupancy_grid,10000000,10000104,25.4841
occupancy_grid,10000000,10000104,23.7460
occupancy_grid,10000000,10000104,26.7482
occupancy_grid,10000000,10000104,26.0421
occupancy_grid,10000000,10000104,30.5869
occupancy_grid,10000000,10000104,25.8348
occupancy_grid,10000000,10000104,26.0124
occupancy_grid,10000000,10000104,31.9563
occupancy_grid,10000000,10000104,25.6868
occupancy_grid,10000000,10000104,27.9821
occupancy_grid,10000000,10000104,24.6262
occupancy_grid,10000000,10000104,25.0548
occupancy_grid,10000000,10000104,25.8659
occupancy_grid,10000000,10000104,27.3854
occupancy_grid,10000000,10000104,29.1810
occupancy_grid,10000000,10000104,27.1736
occupancy_grid,10000000,10000104,29.1549
occupancy_grid,10000000,10000104,27.1944
occupancy_grid,10000000,10000104,24.9889
occupancy_grid,10000000,10000104,25.6930
occupancy_grid,10000000,10000104,28.7962
occupancy_grid,10000000,10000104,25.9943
occupancy_grid,10000000,10000104,27.3948
occupancy_grid,10000000,10000104,25.2259
occupancy_grid,10000000,10000104,25.9256
occupancy_grid,10000000,10000104,28.4213
occupancy_grid,10000000,10000104,26.2460
occupancy_grid,10000000,10000104,28.2015
occupancy_grid,10000000,10000104,28.9114
occupancy_grid,10000000,10000104,25.4790
occupancy_grid,10000000,10000104,25.4406
occupancy_grid,10000000,10000104,25.5628
occupancy_grid,10000000,10000104,26.5838
occupancy_grid,10000000,10000104,29.6209
occupancy_grid,10000000,10000104,25.3354
occupancy_grid,10000000,10000104,27.7045
occupancy_grid,10000000,10000104,25.6033
occupancy_grid,10000000,10000104,26.5010
occupancy_grid,10000000,10000104,27.5520
occupancy_grid,10000000,10000104,27.0061
occupancy_grid,10000000,10000104,24.6660
occupancy_grid,10000000,10000104,24.5629
occupancy_grid,10000000,10000104,25.2006
occupancy_grid,10000000,10000104,23.7186
occupancy_grid,10000000,10000104,28.0056
occupancy_grid,10000000,10000104,26.3817
occupancy_grid,10000000,10000104,26.3833
occupancy_grid,10000000,10000104,24.2696
occupancy_grid,10000000,10000104,25.5038
occupancy_grid,10000000,10000104,26.1785
occupancy_grid,10000000,10000104,28.2786
occupancy_grid,10000000,10000104,26.6221
occupancy_grid,10000000,10000104,28.9017
occupancy_grid,10000000,10000104,25.8555
occupancy_grid,10000000,10000104,26.5216
occupancy_grid,10000000,10000104,25.7214
occupancy_grid,10000000,10000104,26.1330
occupancy_grid,10000000,10000104,28.4613
occupancy_grid,10000000,10000104,26.8191
occupancy_grid,10000000,10000104,27.0624
occupancy_grid,10000000,10000104,29.4264
occupancy_grid,10000000,10000104,25.0631
occupancy_grid,10000000,10000104,28.8857
occupancy_grid,10000000,10000104,26.3349
occupancy_grid,10000000,10000104,23.8435
occupancy_grid,10000000,10000104,26.2189
occupancy_grid,10000000,10000104,27.6928
occupancy_grid,10000000,10000104,28.5049
occupancy_grid,10000000,10000104,29.0987
occupancy_grid,10000000,10000104,26.2276
occupancy_grid,10000000,10000104,24.7310
occupancy_grid,10000000,10000104,25.5698
occupancy_grid,10000000,10000104,26.4003
occupancy_grid,10000000,10000104,25.6704
occupancy_grid,10000000,10000104,20.7768
occupancy_grid,10000000,10000104,25.5306
occupancy_grid,10000000,10000104,24.6212
occupancy_grid,10000000,10000104,25.7997
occupancy_grid,10000000,10000104,25.8316
occupancy_grid,10000000,10000104,26.6683
occupancy_grid,10000000,10000104,29.0933
occupancy_grid,10000000,10000104,26.6585
occupancy_grid,10000000,10000104,28.7120
occupancy_grid,10000000,10000104,25.3701
occupancy_grid,10000000,10000104,26.5449
occupancy_grid,10000000,10000104,25.8185
occupancy_grid,10000000,10000104,25.6154
occupancy_grid,10000000,10000104,27.3456
occupancy_grid,10000000,10000104,26.4194
occupancy_grid,10000000,10000104,26.2543
occupancy_grid,10000000,10000104,27.0936
occupancy_grid,10000000,10000104,27.3563
occupancy_grid,10000000,10000104,26.8627
occupancy_grid,10000000,10000104,26.6631
occupancy_grid,10000000,10000104,29.2149
occupancy_grid,10000000,10000104,26.3397
occupancy_grid,10000000,10000104,25.0421
occupancy_grid,10000000,10000104,28.4045
occupancy_grid,10000000,10000104,32.2257
occupancy_grid,10000000,10000104,24.9508
occupancy_grid,10000000,10000104,27.6176
occupancy_grid,10000000,10000104,25.7734
occupancy_grid,10000000,10000104,27.9689
occupancy_grid,10000000,10000104,29.3767
occupancy_grid,10000000,10000104,28.1836
occupancy_grid,10000000,10000104,27.2960
occupancy_grid,10000000,10000104,28.3826
occupancy_grid,10000000,10000104,25.5235
occupancy_grid,10000000,10000104,148.0048
occupancy_grid,10000000,10000104,54.5094
occupancy_grid,10000000,10000104,24.8681
occupancy_grid,10000000,10000104,27.8790
occupancy_grid,10000000,10000104,27.5414
occupancy_grid,10000000,10000104,25.6914
occupancy_grid,10000000,10000104,27.1616
occupancy_grid,10000000,10000104,27.9967
occupancy_grid,10000000,10000104,26.1151
occupancy_grid,10000000,10000104,26.3355
occupancy_grid,10000000,10000104,26.7336
occupancy_grid,10000000,10000104,27.6674
occupancy_grid,10000000,10000104,25.5474
occupancy_grid,10000000,10000104,26.1934
occupancy_grid,10000000,10000104,25.4970
occupancy_grid,10000000,10000104,25.7219
occupancy_grid,10000000,10000104,26.2940
occupancy_grid,10000000,10000104,26.2030
occupancy_grid,10000000,10000104,26.5346
occupancy_grid,10000000,10000104,25.4956
occupancy_grid,10000000,10000104,24.4644
occupancy_grid,10000000,10000104,25.0967
occupancy_grid,10000000,10000104,26.1230
occupancy_grid,10000000,10000104,28.6542
occupancy_grid,10000000,10000104,27.9639
occupancy_grid,10000000,10000104,28.3889
occupancy_grid,10000000,10000104,24.0006
occupancy_grid,10000000,10000104,24.3793
occupancy_grid,10000000,10000104,26.6090
occupancy_grid,10000000,10000104,26.6198
occupancy_grid,10000000,10000104,28.1338
occupancy_grid,10000000,10000104,27.1109
occupancy_grid,10000000,10000104,28.0560
occupancy_grid,10000000,10000104,24.3969
occupancy_grid,10000000,10000104,27.0095
occupancy_grid,10000000,10000104,28.9890
occupancy_grid,10000000,10000104,29.2454
occupancy_grid,10000000,10000104,27.1513
occupancy_grid,10000000,10000104,26.9519
occupancy_grid,10000000,10000104,25.2401
occupancy_grid,10000000,10000104,27.8605
occupancy_grid,10000000,10000104,24.0828
occupancy_grid,10000000,10000104,27.8166
occupancy_grid,10000000,10000104,26.3832
occupancy_grid,10000000,10000104,28.0876
occupancy_grid,10000000,10000104,27.8822
occupancy_grid,10000000,10000104,28.5361
occupancy_grid,10000000,10000104,26.6920
occupancy_grid,10000000,10000104,26.8170
occupancy_grid,10000000,10000104,28.6674
occupancy_grid,10000000,10000104,28.7911
occupancy_grid,10000000,10000104,24.0644
occupancy_grid,10000000,10000104,24.6021
occupancy_grid,10000000,10000104,25.1806
occupancy_grid,10000000,10000104,25.7077
occupancy_grid,10000000,10000104,26.2584
occupancy_grid,10000000,10000104,29.3311
occupancy_grid,10000000,10000104,26.8094
occupancy_grid,10000000,10000104,25.8177
occupancy_grid,10000000,10000104,23.8869
occupancy_grid,10000000,10000104,24.9038
occupancy_grid,10000000,10000104,26.1930
occupancy_grid,10000000,10000104,24.9169
occupancy_grid,10000000,10000104,26.3864
occupancy_grid,10000000,10000104,26.8679
occupancy_grid,10000000,10000104,26.5469
occupancy_grid,10000000,10000104,26.4184
occupancy_grid,10000000,10000104,24.6440
occupancy_grid,10000000,10000104,24.7621
occupancy_grid,10000000,10000104,25.3624
occupancy_grid,30000000,30000104,926.2150
occupancy_grid,30000000,30000104,840.5308
occupancy_grid,30000000,30000104,751.7665
occupancy_grid,30000000,30000104,666.8755
occupancy_grid,30000000,30000104,576.7220
occupancy_grid,30000000,30000104,491.4529
occupancy_grid,30000000,30000104,398.7142
occupancy_grid,30000000,30000104,314.7682
occupancy_grid,30000000,30000104,402.9870
occupancy_grid,30000000,30000104,873.0331
occupancy_grid,30000000,30000104,796.8826
occupancy_grid,30000000,30000104,733.2853
occupancy_grid,30000000,30000104,643.4046
occupancy_grid,30000000,30000104,558.8785
occupancy_grid,30000000,30000104,465.7113
occupancy_grid,30000000,30000104,377.7472
occupancy_grid,30000000,30000104,287.4772
occupancy_grid,30000000,30000104,194.4543
occupancy_grid,30000000,30000104,513.9555
occupancy_grid,30000000,30000104,426.7559
occupancy_grid,30000000,30000104,338.2507
occupancy_grid,30000000,30000104,248.1313
occupancy_grid,30000000,30000104,157.3084
occupancy_grid,30000000,30000104,1041.2810
occupancy_grid,30000000,30000104,968.5382
occupancy_grid,30000000,30000104,882.4693
occupancy_grid,30000000,30000104,788.2818
occupancy_grid,30000000,30000104,695.5374
occupancy_grid,30000000,30000104,607.7955
occupancy_grid,30000000,30000104,518.1693
occupancy_grid,30000000,30000104,429.7420
occupancy_grid,30000000,30000104,341.6941
occupancy_grid,30000000,30000104,245.4365
occupancy_grid,30000000,30000104,722.9063
occupancy_grid,30000000,30000104,965.6491
occupancy_grid,30000000,30000104,889.3598
occupancy_grid,30000000,30000104,830.5782
occupancy_grid,30000000,30000104,741.5871
occupancy_grid,30000000,30000104,690.3978
occupancy_grid,30000000,30000104,605.2541
occupancy_grid,30000000,30000104,513.6518
occupancy_grid,30000000,30000104,420.9716
occupancy_grid,30000000,30000104,455.3959
occupancy_grid,30000000,30000104,573.3085
occupancy_grid,30000000,30000104,975.4505
occupancy_grid,30000000,30000104,894.1038
occupancy_grid,30000000,30000104,814.3147
occupancy_grid,30000000,30000104,829.4493
occupancy_grid,30000000,30000104,952.4655
occupancy_grid,30000000,30000104,969.0944
occupancy_grid,30000000,30000104,881.0747
occupancy_grid,30000000,30000104,819.2476
occupancy_grid,30000000,30000104,924.5232
occupancy_grid,30000000,30000104,974.4101
occupancy_grid,30000000,30000104,915.6087
occupancy_grid,30000000,30000104,844.2085
occupancy_grid,30000000,30000104,975.3820
occupancy_grid,30000000,30000104,858.9570
occupancy_grid,30000000,30000104,819.6518
occupancy_grid,30000000,30000104,963.7882
occupancy_grid,30000000,30000104,903.1127
occupancy_grid,30000000,30000104,841.7900
occupancy_grid,30000000,30000104,748.8066
occupancy_grid,30000000,30000104,680.2046
occupancy_grid,30000000,30000104,783.2877
occupancy_grid,30000000,30000104,702.5160
occupancy_grid,30000000,30000104,613.0171
occupancy_grid,30000000,30000104,522.2850
occupancy_grid,30000000,30000104,942.4549
occupancy_grid,30000000,30000104,880.7938
occupancy_grid,30000000,30000104,789.9502
occupancy_grid,30000000,30000104,885.6788
occupancy_grid,30000000,30000104,803.3314
occupancy_grid,30000000,30000104,740.2944
occupancy_grid,30000000,30000104,651.2373
occupancy_grid,30000000,30000104,564.6781
occupancy_grid,30000000,30000104,476.7120
occupancy_grid,30000000,30000104,997.1721
occupancy_grid,30000000,30000104,926.2499
occupancy_grid,30000000,30000104,885.9038
occupancy_grid,30000000,30000104,812.5995
occupancy_grid,30000000,30000104,722.1696
occupancy_grid,30000000,30000104,631.5535
occupancy_grid,30000000,30000104,544.7034
occupancy_grid,30000000,30000104,450.8267
occupancy_grid,30000000,30000104,327.6599
occupancy_grid,30000000,30000104,538.4303
occupancy_grid,30000000,30000104,497.8387
occupancy_grid,30000000,30000104,1042.7566
occupancy_grid,30000000,30000104,994.0574
occupancy_grid,30000000,30000104,910.8053
occupancy_grid,30000000,30000104,842.4895
occupancy_grid,30000000,30000104,811.3449
occupancy_grid,30000000,30000104,736.0369
occupancy_grid,30000000,30000104,643.9601
occupancy_grid,30000000,30000104,551.8783
occupancy_grid,30000000,30000104,461.5200
occupancy_grid,30000000,30000104,375.3766
occupancy_grid,30000000,30000104,1014.9028
occupancy_grid,30000000,30000104,963.0612
occupancy_grid,30000000,30000104,871.8157
occupancy_grid,30000000,30000104,823.1346
occupancy_grid,30000000,30000104,731.4128
occupancy_grid,30000000,30000104,639.5180
occupancy_grid,30000000,30000104,553.5562
occupancy_grid,30000000,30000104,464.0086
occupancy_grid,30000000,30000104,373.2636
occupancy_grid,30000000,30000104,627.1829
occupancy_grid,30000000,30000104,563.5657
occupancy_grid,30000000,30000104,759.0457
occupancy_grid,30000000,30000104,670.6187
occupancy_grid,30000000,30000104,579.4519
occupancy_grid,30000000,30000104,506.5063
occupancy_grid,30000000,30000104,417.6829
occupancy_grid,30000000,30000104,329.9047
occupancy_grid,30000000,30000104,237.7467
occupancy_grid,30000000,30000104,401.9552
occupancy_grid,30000000,30000104,340.2751
occupancy_grid,30000000,30000104,249.8235
occupancy_grid,30000000,30000104,160.5552
occupancy_grid,30000000,30000104,113.4552
occupancy_grid,30000000,30000104,34.5803
occupancy_grid,30000000,30000104,83.0129
occupancy_grid,30000000,30000104,136.2304
occupancy_grid,30000000,30000104,118.0559
occupancy_grid,30000000,30000104,112.9732
occupancy_grid,30000000,30000104,43.9039
occupancy_grid,30000000,30000104,48.2246
occupancy_grid,30000000,30000104,92.3047
occupancy_grid,30000000,30000104,395.2301
occupancy_grid,30000000,30000104,318.9112
occupancy_grid,30000000,30000104,259.5435
occupancy_grid,30000000,30000104,168.5924
occupancy_grid,30000000,30000104,319.1625
occupancy_grid,30000000,30000104,227.3042
occupancy_grid,30000000,30000104,135.9192
occupancy_grid,30000000,30000104,527.5349
occupancy_grid,30000000,30000104,440.8360
occupancy_grid,30000000,30000104,352.5720
occupancy_grid,30000000,30000104,261.6910
occupancy_grid,30000000,30000104,169.6525
occupancy_grid,30000000,30000104,1020.1805
occupancy_grid,30000000,30000104,931.9537
occupancy_grid,30000000,30000104,842.8448
occupancy_grid,30000000,30000104,755.0314
occupancy_grid,30000000,30000104,663.8810
occupancy_grid,30000000,30000104,571.2530
occupancy_grid,30000000,30000104,481.2054
occupancy_grid,30000000,30000104,390.8030
occupancy_grid,30000000,30000104,299.9500
occupancy_grid,30000000,30000104,534.8303
occupancy_grid,30000000,30000104,970.2151
occupancy_grid,30000000,30000104,882.7867
occupancy_grid,30000000,30000104,836.3929
occupancy_grid,30000000,30000104,747.7345
occupancy_grid,30000000,30000104,658.9146
occupancy_grid,30000000,30000104,571.1393
occupancy_grid,30000000,30000104,481.4454
occupancy_grid,30000000,30000104,394.3017
occupancy_grid,30000000,30000104,280.6520
occupancy_grid,30000000,30000104,201.1314
occupancy_grid,30000000,30000104,720.9489
occupancy_grid,30000000,30000104,942.0080
occupancy_grid,30000000,30000104,851.9709
occupancy_grid,30000000,30000104,767.1269
occupancy_grid,30000000,30000104,674.5680
occupancy_grid,30000000,30000104,582.8858
occupancy_grid,30000000,30000104,940.5037
occupancy_grid,30000000,30000104,988.3984
occupancy_grid,30000000,30000104,931.2378
occupancy_grid,30000000,30000104,843.4192
occupancy_grid,30000000,30000104,776.0162
occupancy_grid,30000000,30000104,723.7040
occupancy_grid,30000000,30000104,657.3884
occupancy_grid,30000000,30000104,565.6787
occupancy_grid,30000000,30000104,828.4543
occupancy_grid,30000000,30000104,739.5993
occupancy_grid,30000000,30000104,728.3389
occupancy_grid,30000000,30000104,755.9480
occupancy_grid,30000000,30000104,667.6195
occupancy_grid,30000000,30000104,582.3526
occupancy_grid,30000000,30000104,494.4266
occupancy_grid,30000000,30000104,406.3786
occupancy_grid,30000000,30000104,1018.5379
occupancy_grid,30000000,30000104,1012.6743
occupancy_grid,30000000,30000104,920.2286
occupancy_grid,30000000,30000104,850.8477
occupancy_grid,30000000,30000104,758.9210
occupancy_grid,30000000,30000104,683.2426
occupancy_grid,30000000,30000104,591.2847
occupancy_grid,30000000,30000104,524.4214
occupancy_grid,30000000,30000104,405.9166
occupancy_grid,30000000,30000104,324.0030
occupancy_grid,30000000,30000104,253.4800
occupancy_grid,30000000,30000104,919.7323
occupancy_grid,30000000,30000104,1039.5569
occupancy_grid,30000000,30000104,968.9613
occupancy_grid,30000000,30000104,877.1962
occupancy_grid,30000000,30000104,785.0719
occupancy_grid,30000000,30000104,699.2639
occupancy_grid,30000000,30000104,608.0362
occupancy_grid,30000000,30000104,517.1435
occupancy_grid,30000000,30000104,411.5751
occupancy_grid,30000000,30000104,340.0757
occupancy_grid,30000000,30000104,237.5766
occupancy_grid,30000000,30000104,748.3289
occupancy_grid,30000000,30000104,962.1205
occupancy_grid,30000000,30000104,870.2469
occupancy_grid,30000000,30000104,808.0926
occupancy_grid,30000000,30000104,715.9654
occupancy_grid,30000000,30000104,938.7251
occupancy_grid,30000000,30000104,851.6633
occupancy_grid,30000000,30000104,736.0001
occupancy_grid,30000000,30000104,821.6403
occupancy_grid,30000000,30000104,764.0237
occupancy_grid,30000000,30000104,696.5202
occupancy_grid,30000000,30000104,628.9999
occupancy_grid,30000000,30000104,537.2116
occupancy_grid,30000000,30000104,450.1780
occupancy_grid,30000000,30000104,687.3441
occupancy_grid,30000000,30000104,609.0880
occupancy_grid,30000000,30000104,806.0196
occupancy_grid,30000000,30000104,959.2288
occupancy_grid,30000000,30000104,885.1992
occupancy_grid,30000000,30000104,825.9681
occupancy_grid,30000000,30000104,753.4434
occupancy_grid,30000000,30000104,669.0782
occupancy_grid,30000000,30000104,577.5029
occupancy_grid,30000000,30000104,485.6729
occupancy_grid,30000000,30000104,397.4193
occupancy_grid,30000000,30000104,275.4370
occupancy_grid,30000000,30000104,1011.2807
occupancy_grid,30000000,30000104,924.7010
occupancy_grid,30000000,30000104,837.5862
occupancy_grid,30000000,30000104,990.9500
occupancy_grid,30000000,30000104,919.7249
occupancy_grid,30000000,30000104,847.9032
occupancy_grid,30000000,30000104,754.7408
occupancy_grid,30000000,30000104,937.5971
occupancy_grid,30000000,30000104,980.6455
occupancy_grid,30000000,30000104,910.8610
occupancy_grid,30000000,30000104,825.7872
occupancy_grid,30000000,30000104,735.3636
occupancy_grid,30000000,30000104,705.4517
occupancy_grid,30000000,30000104,613.6457
occupancy_grid,30000000,30000104,534.0554
occupancy_grid,30000000,30000104,643.4274
occupancy_grid,30000000,30000104,555.0338
occupancy_grid,30000000,30000104,466.1165
occupancy_grid,30000000,30000104,715.2014
occupancy_grid,30000000,30000104,812.3966
occupancy_grid,30000000,30000104,973.5263
occupancy_grid,30000000,30000104,955.2633
occupancy_grid,30000000,30000104,865.6767
occupancy_grid,30000000,30000104,775.3247
occupancy_grid,30000000,30000104,683.1320
occupancy_grid,30000000,30000104,614.6487
occupancy_grid,30000000,30000104,524.1227
occupancy_grid,30000000,30000104,439.9213
occupancy_grid,30000000,30000104,347.8371
occupancy_grid,30000000,30000104,282.0987
occupancy_grid,30000000,30000104,734.3897
occupancy_grid,30000000,30000104,647.2164
occupancy_grid,30000000,30000104,661.8096
occupancy_grid,30000000,30000104,588.3914
occupancy_grid,30000000,30000104,499.5448
occupancy_grid,30000000,30000104,435.2674
occupancy_grid,30000000,30000104,345.9952
occupancy_grid,30000000,30000104,352.1594
occupancy_grid,30000000,30000104,263.3151
occupancy_grid,30000000,30000104,1051.1517
occupancy_grid,30000000,30000104,987.6619
occupancy_grid,30000000,30000104,902.0208
occupancy_grid,30000000,30000104,814.8574
occupancy_grid,30000000,30000104,723.8615
occupancy_grid,30000000,30000104,784.4488
occupancy_grid,30000000,30000104,697.5812
occupancy_grid,30000000,30000104,608.8950
occupancy_grid,30000000,30000104,518.5766
occupancy_grid,30000000,30000104,527.1821
occupancy_grid,30000000,30000104,473.6404
occupancy_grid,30000000,30000104,433.8404
occupancy_grid,30000000,30000104,347.5834
occupancy_grid,30000000,30000104,272.4807
occupancy_grid,30000000,30000104,183.8812
occupancy_grid,30000000,30000104,197.1154
occupancy_grid,30000000,30000104,110.6188
occupancy_grid,30000000,30000104,44.4771
occupancy_grid,30000000,30000104,60.7474
occupancy_grid,30000000,30000104,50.3770
occupancy_grid,30000000,30000104,49.9749
occupancy_grid,30000000,30000104,47.7650
occupancy_grid,30000000,30000104,78.3169
occupancy_grid,30000000,30000104,48.4145
occupancy_grid,30000000,30000104,43.0753
occupancy_grid,30000000,30000104,73.1867
occupancy_grid,30000000,30000104,361.7256
occupancy_grid,30000000,30000104,269.6525
occupancy_grid,30000000,30000104,209.6397
occupancy_grid,30000000,30000104,122.2498
occupancy_grid,30000000,30000104,86.5381
occupancy_grid,30000000,30000104,46.2887
occupancy_grid,30000000,30000104,79.8497
occupancy_grid,30000000,30000104,42.2742
occupancy_grid,30000000,30000104,44.9414
occupancy_grid,30000000,30000104,49.3382
occupancy_grid,30000000,30000104,48.0552
occupancy_grid,30000000,30000104,44.6557
occupancy_grid,30000000,30000104,45.9743
occupancy_grid,30000000,30000104,46.9516
occupancy_grid,30000000,30000104,48.0278
occupancy_grid,30000000,30000104,44.7890
occupancy_grid,30000000,30000104,55.4938
occupancy_grid,30000000,30000104,43.4550
occupancy_grid,30000000,30000104,45.9162
occupancy_grid,30000000,30000104,48.9420
occupancy_grid,30000000,30000104,47.8193
occupancy_grid,30000000,30000104,44.1765
occupancy_grid,30000000,30000104,42.0388
occupancy_grid,30000000,30000104,46.4710
occupancy_grid,30000000,30000104,40.1320
occupancy_grid,30000000,30000104,76.0594
occupancy_grid,30000000,30000104,43.7297
occupancy_grid,30000000,30000104,53.2817
occupancy_grid,30000000,30000104,77.4049
occupancy_grid,30000000,30000104,48.3311
occupancy_grid,30000000,30000104,98.5104
occupancy_grid,30000000,30000104,244.1948
occupancy_grid,30000000,30000104,202.4460
occupancy_grid,30000000,30000104,137.3964
occupancy_grid,30000000,30000104,485.6019
occupancy_grid,30000000,30000104,397.2141
occupancy_grid,30000000,30000104,337.2980
occupancy_grid,30000000,30000104,245.3220
occupancy_grid,30000000,30000104,463.5210
occupancy_grid,30000000,30000104,375.8554
occupancy_grid,30000000,30000104,285.5165
occupancy_grid,30000000,30000104,194.8120
occupancy_grid,30000000,30000104,454.1911
occupancy_grid,30000000,30000104,368.1093
occupancy_grid,30000000,30000104,279.4823
occupancy_grid,30000000,30000104,190.0680
occupancy_grid,30000000,30000104,285.7250
occupancy_grid,30000000,30000104,246.1040
occupancy_grid,30000000,30000104,153.2814
occupancy_grid,30000000,30000104,95.7304
occupancy_grid,30000000,30000104,44.1092
occupancy_grid,30000000,30000104,71.6877
occupancy_grid,30000000,30000104,61.2117
occupancy_grid,30000000,30000104,90.6765
occupancy_grid,30000000,30000104,43.8409
occupancy_grid,30000000,30000104,44.7981
occupancy_grid,30000000,30000104,43.0752
occupancy_grid,30000000,30000104,77.5075
occupancy_grid,30000000,30000104,41.1543
occupancy_grid,30000000,30000104,44.9656
occupancy_grid,30000000,30000104,75.0634
occupancy_grid,30000000,30000104,42.3028
occupancy_grid,30000000,30000104,71.3758
occupancy_grid,30000000,30000104,42.2328
occupancy_grid,30000000,30000104,71.4373
occupancy_grid,30000000,30000104,39.0161
occupancy_grid,30000000,30000104,45.9746
occupancy_grid,30000000,30000104,66.3254
occupancy_grid,30000000,30000104,70.7000
occupancy_grid,30000000,30000104,48.1854
occupancy_grid,30000000,30000104,41.9695
occupancy_grid,30000000,30000104,73.0126
occupancy_grid,30000000,30000104,44.8517
occupancy_grid,30000000,30000104,72.2573
occupancy_grid,30000000,30000104,42.6939
occupancy_grid,30000000,30000104,44.4019
occupancy_grid,30000000,30000104,42.8470
occupancy_grid,30000000,30000104,44.3641
occupancy_grid,30000000,30000104,46.4203
occupancy_grid,30000000,30000104,50.6102
occupancy_grid,30000000,30000104,47.8159
occupancy_grid,30000000,30000104,48.5786
occupancy_grid,30000000,30000104,51.2548
occupancy_grid,30000000,30000104,75.5612
occupancy_grid,30000000,30000104,41.8707
occupancy_grid,30000000,30000104,54.3668
occupancy_grid,30000000,30000104,46.8776
occupancy_grid,30000000,30000104,46.3864
occupancy_grid,30000000,30000104,44.6797
occupancy_grid,30000000,30000104,44.6190
occupancy_grid,30000000,30000104,61.1851
occupancy_grid,30000000,30000104,45.3489
occupancy_grid,30000000,30000104,42.7127
occupancy_grid,30000000,30000104,46.9351
occupancy_grid,30000000,30000104,47.8964
occupancy_grid,30000000,30000104,45.1483
occupancy_grid,30000000,30000104,51.2186
occupancy_grid,30000000,30000104,78.9139
occupancy_grid,30000000,30000104,42.1020
occupancy_grid,30000000,30000104,44.2376
occupancy_grid,30000000,30000104,47.5038
occupancy_grid,30000000,30000104,79.0150
occupancy_grid,30000000,30000104,45.1908
occupancy_grid,30000000,30000104,42.1865
occupancy_grid,30000000,30000104,43.0805
occupancy_grid,30000000,30000104,45.0014
occupancy_grid,30000000,30000104,46.8844
occupancy_grid,30000000,30000104,48.1757
occupancy_grid,30000000,30000104,48.0296
occupancy_grid,30000000,30000104,46.4309
occupancy_grid,30000000,30000104,43.4834
occupancy_grid,30000000,30000104,45.1996
occupancy_grid,30000000,30000104,64.4447
occupancy_grid,30000000,30000104,45.7283
occupancy_grid,30000000,30000104,49.9994
occupancy_grid,30000000,30000104,50.8406
occupancy_grid,30000000,30000104,48.5573
occupancy_grid,30000000,30000104,46.4753
occupancy_grid,30000000,30000104,44.7774
occupancy_grid,30000000,30000104,45.7370
occupancy_grid,30000000,30000104,46.6903
occupancy_grid,30000000,30000104,47.6746
occupancy_grid,30000000,30000104,74.7417
occupancy_grid,30000000,30000104,44.4598
occupancy_grid,30000000,30000104,44.7145
occupancy_grid,30000000,30000104,45.5109
occupancy_grid,30000000,30000104,47.1394
occupancy_grid,30000000,30000104,45.4914
occupancy_grid,30000000,30000104,78.2654
occupancy_grid,30000000,30000104,50.3290
occupancy_grid,30000000,30000104,48.9676
occupancy_grid,30000000,30000104,44.9693
occupancy_grid,30000000,30000104,46.5818
occupancy_grid,30000000,30000104,47.9280
occupancy_grid,30000000,30000104,47.5558
occupancy_grid,30000000,30000104,47.2222
occupancy_grid,30000000,30000104,48.7508
occupancy_grid,30000000,30000104,42.9534
occupancy_grid,30000000,30000104,46.3187
occupancy_grid,30000000,30000104,45.9036
occupancy_grid,30000000,30000104,44.9217
occupancy_grid,30000000,30000104,49.3910
occupancy_grid,30000000,30000104,47.6726
occupancy_grid,30000000,30000104,52.7241
occupancy_grid,30000000,30000104,72.1743
occupancy_grid,30000000,30000104,47.8058
occupancy_grid,30000000,30000104,45.6705
occupancy_grid,30000000,30000104,45.9724
occupancy_grid,30000000,30000104,48.5188
occupancy_grid,30000000,30000104,46.8846
occupancy_grid,30000000,30000104,46.6636
occupancy_grid,30000000,30000104,48.5101
occupancy_grid,30000000,30000104,47.7699
occupancy_grid,30000000,30000104,49.6294
occupancy_grid,30000000,30000104,40.0177
occupancy_grid,30000000,30000104,46.8593
occupancy_grid,30000000,30000104,47.4240
occupancy_grid,30000000,30000104,46.3586
occupancy_grid,30000000,30000104,49.5448
occupancy_grid,30000000,30000104,51.5627
occupancy_grid,30000000,30000104,46.0710
occupancy_grid,30000000,30000104,47.4428
occupancy_grid,30000000,30000104,46.8907
occupancy_grid,30000000,30000104,52.5353
occupancy_grid,30000000,30000104,47.9474
occupancy_grid,30000000,30000104,49.4630
occupancy_grid,30000000,30000104,48.6451
occupancy_grid,30000000,30000104,49.6937
occupancy_grid,30000000,30000104,45.1638
occupancy_grid,30000000,30000104,46.7216
occupancy_grid,30000000,30000104,45.9902
occupancy_grid,30000000,30000104,47.2428
occupancy_grid,50000000,50000104,1094.1671
occupancy_grid,50000000,50000104,1238.0244
occupancy_grid,50000000,50000104,1281.6118
occupancy_grid,50000000,50000104,1291.5541
occupancy_grid,50000000,50000104,1365.5666
occupancy_grid,50000000,50000104,1337.6430
occupancy_grid,50000000,50000104,1234.7969
occupancy_grid,50000000,50000104,1435.2609
occupancy_grid,50000000,50000104,1392.4979
occupancy_grid,50000000,50000104,1515.6348
occupancy_grid,50000000,50000104,1473.3768
occupancy_grid,50000000,50000104,1527.4895
occupancy_grid,50000000,50000104,1464.0500
occupancy_grid,50000000,50000104,1399.3303
occupancy_grid,50000000,50000104,1419.6122
occupancy_grid,50000000,50000104,1367.8036
occupancy_grid,50000000,50000104,1274.2855
occupancy_grid,50000000,50000104,1171.3617
occupancy_grid,50000000,50000104,1129.5150
occupancy_grid,50000000,50000104,1347.5051
occupancy_grid,50000000,50000104,1249.8735
occupancy_grid,50000000,50000104,1263.4166
occupancy_grid,50000000,50000104,1281.9827
occupancy_grid,50000000,50000104,1306.0436
occupancy_grid,50000000,50000104,1199.6667
occupancy_grid,50000000,50000104,1174.3612
occupancy_grid,50000000,50000104,1143.6362
occupancy_grid,50000000,50000104,1295.9985
occupancy_grid,50000000,50000104,1387.7993
occupancy_grid,50000000,50000104,1358.3124
occupancy_grid,50000000,50000104,1274.8348
occupancy_grid,50000000,50000104,1227.2695
occupancy_grid,50000000,50000104,1169.7576
occupancy_grid,50000000,50000104,1057.4118
occupancy_grid,50000000,50000104,1368.6648
occupancy_grid,50000000,50000104,1399.7716
occupancy_grid,50000000,50000104,1262.6434
occupancy_grid,50000000,50000104,1361.1542
occupancy_grid,50000000,50000104,1386.6482
occupancy_grid,50000000,50000104,1296.9145
occupancy_grid,50000000,50000104,1355.4252
occupancy_grid,50000000,50000104,1454.4757
occupancy_grid,50000000,50000104,1414.0004
occupancy_grid,50000000,50000104,1354.5497
occupancy_grid,50000000,50000104,1381.3129
occupancy_grid,50000000,50000104,1342.6980
occupancy_grid,50000000,50000104,1288.8908
occupancy_grid,50000000,50000104,1471.0077
occupancy_grid,50000000,50000104,1421.0188
occupancy_grid,50000000,50000104,1363.4880
occupancy_grid,50000000,50000104,1267.7117
occupancy_grid,50000000,50000104,1301.2343
occupancy_grid,50000000,50000104,1274.1809
occupancy_grid,50000000,50000104,1226.7235
occupancy_grid,50000000,50000104,1249.6678
occupancy_grid,50000000,50000104,1378.7758
occupancy_grid,50000000,50000104,1239.5606
occupancy_grid,50000000,50000104,1331.8589
occupancy_grid,50000000,50000104,1302.7767
occupancy_grid,50000000,50000104,1406.2398
occupancy_grid,50000000,50000104,1234.1432
occupancy_grid,50000000,50000104,1163.5073
occupancy_grid,50000000,50000104,1249.0302
occupancy_grid,50000000,50000104,1289.9672
occupancy_grid,50000000,50000104,1284.3220
occupancy_grid,50000000,50000104,1248.0195
occupancy_grid,50000000,50000104,1253.7178
occupancy_grid,50000000,50000104,1289.7729
occupancy_grid,50000000,50000104,1261.6786
occupancy_grid,50000000,50000104,1295.0294
occupancy_grid,50000000,50000104,1358.8927
occupancy_grid,50000000,50000104,1429.4616
occupancy_grid,50000000,50000104,1382.1625
occupancy_grid,50000000,50000104,1347.4371
occupancy_grid,50000000,50000104,1264.7043
occupancy_grid,50000000,50000104,1389.1232
occupancy_grid,50000000,50000104,1336.2637
occupancy_grid,50000000,50000104,1341.1159
occupancy_grid,50000000,50000104,1358.2259
occupancy_grid,50000000,50000104,1312.0034
occupancy_grid,50000000,50000104,1274.2223
occupancy_grid,50000000,50000104,1213.5024
occupancy_grid,50000000,50000104,1217.1580
occupancy_grid,50000000,50000104,1335.8424
occupancy_grid,50000000,50000104,1315.1951
occupancy_grid,50000000,50000104,1291.1810
occupancy_grid,50000000,50000104,1243.8045
occupancy_grid,50000000,50000104,1194.2075
occupancy_grid,50000000,50000104,1296.8575
occupancy_grid,50000000,50000104,1333.6806
occupancy_grid,50000000,50000104,1286.4416
occupancy_grid,50000000,50000104,1305.7434
occupancy_grid,50000000,50000104,1319.3065
occupancy_grid,50000000,50000104,1305.2094
occupancy_grid,50000000,50000104,1275.0432
occupancy_grid,50000000,50000104,1275.7869
occupancy_grid,100000000,100000104,2449.9122
occupancy_grid,100000000,100000104,2665.5145
occupancy_grid,100000000,100000104,2608.0963
occupancy_grid,100000000,100000104,2600.5359
occupancy_grid,100000000,100000104,2631.9089
occupancy_grid,100000000,100000104,2671.5896
occupancy_grid,100000000,100000104,2578.7294
occupancy_grid,100000000,100000104,2578.3582
occupancy_grid,100000000,100000104,2476.1979
occupancy_grid,100000000,100000104,2530.9790
occupancy_grid,100000000,100000104,2578.6918
occupancy_grid,100000000,100000104,2480.7805
occupancy_grid,100000000,100000104,2566.5182
occupancy_grid,100000000,100000104,2672.3379
occupancy_grid,100000000,100000104,2581.5518
occupancy_grid,100000000,100000104,2490.9149
occupancy_grid,100000000,100000104,2369.5075
occupancy_grid,100000000,100000104,2524.4858
occupancy_grid,100000000,100000104,2654.5202
occupancy_grid,100000000,100000104,2495.7359
image,10000,10048,0.5846
image,10000,10048,0.4712
image,10000,10048,0.4977
image,10000,10048,0.3577
image,10000,10048,0.4432
image,10000,10048,0.5239
image,10000,10048,0.3850
image,10000,10048,0.4548
image,10000,10048,0.6979
image,10000,10048,0.6578
image,10000,10048,0.6345
image,10000,10048,0.6406
image,10000,10048,0.4349
image,10000,10048,0.3931
image,10000,10048,0.4465
image,10000,10048,0.5115
image,10000,10048,0.5118
image,10000,10048,0.3895
image,10000,10048,0.5325
image,10000,10048,0.5131
image,10000,10048,0.4327
image,10000,10048,0.4355
image,10000,10048,0.4419
image,10000,10048,0.4369
image,10000,10048,0.5690
image,10000,10048,0.4486
image,10000,10048,0.4456
image,10000,10048,0.5344
image,10000,10048,0.4334
image,10000,10048,0.6076
image,10000,10048,0.6676
image,10000,10048,0.5823
image,10000,10048,0.5496
image,10000,10048,0.5313
image,10000,10048,0.5256
image,10000,10048,0.5033
image,10000,10048,0.5065
image,10000,10048,0.4540
image,10000,10048,0.4791
image,10000,10048,0.5267
image,10000,10048,0.4400
image,10000,10048,0.4586
image,10000,10048,0.5007
image,10000,10048,0.4620
image,10000,10048,0.5305
image,10000,10048,0.5021
image,10000,10048,0.4356
image,10000,10048,0.4048
image,10000,10048,0.5665
image,10000,10048,0.5564
image,10000,10048,0.7407
image,10000,10048,0.5809
image,10000,10048,0.4927
image,10000,10048,0.4418
image,10000,10048,0.6966
image,10000,10048,0.5787
image,10000,10048,0.5375
image,10000,10048,0.5617
image,10000,10048,0.5733
image,10000,10048,0.6142
image,10000,10048,0.5224
image,10000,10048,0.5330
image,10000,10048,0.5632
image,10000,10048,0.5306
image,10000,10048,0.5699
image,10000,10048,0.3712
image,10000,10048,0.6339
image,10000,10048,0.5440
image,10000,10048,0.5572
image,10000,10048,0.5914
image,10000,10048,0.5252
image,10000,10048,0.5788
image,10000,10048,0.3627
image,10000,10048,0.6248
image,10000,10048,0.6359
image,10000,10048,0.5782
image,10000,10048,0.5272
image,10000,10048,0.5432
image,10000,10048,0.5420
image,10000,10048,0.5992
image,10000,10048,0.5322
image,10000,10048,0.5179
image,10000,10048,0.5212
image,10000,10048,0.5593
image,10000,10048,0.6104
image,10000,10048,0.5378
image,10000,10048,0.5330
image,10000,10048,0.5372
image,10000,10048,0.5355
image,10000,10048,0.6047
image,10000,10048,0.5244
image,10000,10048,0.6595
image,10000,10048,0.6286
image,10000,10048,0.6056
image,10000,10048,0.5856
image,10000,10048,0.5551
image,10000,10048,0.5392
image,10000,10048,0.5156
image,10000,10048,0.6156
image,10000,10048,0.5911
image,10000,10048,0.5658
image,10000,10048,0.5353
image,10000,10048,0.5334
image,10000,10048,0.5305
image,10000,10048,0.5880
image,10000,10048,0.5550
image,10000,10048,0.5305
image,10000,10048,0.5196
image,10000,10048,0.5509
image,10000,10048,0.5734
image,10000,10048,0.5870
image,10000,10048,0.5351
image,10000,10048,0.6370
image,10000,10048,0.6129
image,10000,10048,0.6397
image,10000,10048,0.5854
image,10000,10048,0.5472
image,10000,10048,0.5411
image,10000,10048,0.5280
image,10000,10048,0.6227
image,10000,10048,0.5315
image,10000,10048,0.5428
image,10000,10048,0.5194
image,10000,10048,0.5349
image,10000,10048,0.5500
image,10000,10048,0.5603
image,10000,10048,0.5243
image,10000,10048,0.5223
image,10000,10048,0.5607
image,10000,10048,0.5787
image,10000,10048,0.5308
image,10000,10048,0.5388
image,10000,10048,0.6368
image,10000,10048,0.5544
image,10000,10048,0.5870
image,10000,10048,0.5846
image,10000,10048,0.5337
image,10000,10048,0.5382
image,10000,10048,0.5401
image,10000,10048,0.5736
image,10000,10048,0.5556
image,10000,10048,0.5337
image,10000,10048,0.5313
image,10000,10048,0.5401
image,10000,10048,0.5795
image,10000,10048,0.5652
image,10000,10048,0.5705
image,10000,10048,0.5508
image,10000,10048,0.5502
image,10000,10048,0.5750
image,10000,10048,0.5358
image,10000,10048,0.5258
image,10000,10048,0.5630
image,10000,10048,0.6106
image,10000,10048,0.5367
image,10000,10048,0.6546
image,10000,10048,0.5352
image,10000,10048,0.4819
image,10000,10048,0.5597
image,10000,10048,0.5628
image,10000,10048,0.5309
image,10000,10048,0.5373
image,10000,10048,0.5428
image,10000,10048,0.5344
image,10000,10048,0.5749
image,10000,10048,0.5583
image,10000,10048,0.5308
image,10000,10048,0.5421
image,10000,10048,0.5363
image,10000,10048,0.5688
image,10000,10048,0.5389
image,10000,10048,0.5311
image,10000,10048,0.5311
image,10000,10048,0.6369
image,10000,10048,0.5975
image,10000,10048,0.5720
image,10000,10048,0.5765
image,10000,10048,0.5332
image,10000,10048,0.5541
image,10000,10048,0.5748
image,10000,10048,0.5312
image,10000,10048,0.4655
image,10000,10048,0.5463
image,10000,10048,0.5394
image,10000,10048,0.5569
image,10000,10048,0.5742
image,10000,10048,0.5305
image,10000,10048,0.5401
image,10000,10048,0.5431
image,10000,10048,0.5729
image,10000,10048,0.5367
image,10000,10048,0.5263
image,10000,10048,0.5541
image,10000,10048,0.5927
image,10000,10048,0.6112
image,10000,10048,0.5581
image,10000,10048,0.5869
image,10000,10048,0.5034
image,10000,10048,0.5535
image,10000,10048,0.5648
image,10000,10048,0.5525
image,10000,10048,0.5297
image,10000,10048,0.5412
image,10000,10048,0.5413
image,10000,10048,0.5882
image,10000,10048,0.5532
image,10000,10048,0.5488
image,10000,10048,0.5389
image,10000,10048,0.5286
image,10000,10048,0.5653
image,10000,10048,0.5373
image,10000,10048,0.5588
image,10000,10048,0.5328
image,10000,10048,0.5347
image,10000,10048,0.6390
image,10000,10048,0.5771
image,10000,10048,0.5450
image,10000,10048,0.5272
image,10000,10048,0.5836
image,10000,10048,0.5859
image,10000,10048,0.5365
image,10000,10048,0.5276
image,10000,10048,0.5238
image,10000,10048,0.5251
image,10000,10048,0.5639
image,10000,10048,0.5552
image,10000,10048,0.5386
image,10000,10048,0.5338
image,10000,10048,0.5229
image,10000,10048,0.5734
image,10000,10048,0.5412
image,10000,10048,0.5284
image,10000,10048,0.5356
image,10000,10048,0.5299
image,10000,10048,0.5668
image,10000,10048,0.5509
image,10000,10048,0.5404
image,10000,10048,0.5290
image,10000,10048,0.5843
image,10000,10048,0.5693
image,10000,10048,0.5351
image,10000,10048,0.5212
image,10000,10048,0.5333
image,10000,10048,0.5226
image,10000,10048,0.5509
image,10000,10048,0.5532
image,10000,10048,0.5518
image,10000,10048,0.5156
image,10000,10048,0.5349
image,10000,10048,0.5678
image,10000,10048,0.5298
image,10000,10048,0.5233
image,10000,10048,0.5329
image,10000,10048,0.5243
image,10000,10048,0.5539
image,10000,10048,0.6629
image,10000,10048,0.5351
image,10000,10048,0.5367
image,10000,10048,0.5283
image,10000,10048,0.6504
image,10000,10048,0.5289
image,10000,10048,0.5151
image,10000,10048,0.5220
image,10000,10048,0.5408
image,10000,10048,0.5542
image,10000,10048,0.5741
image,10000,10048,0.5347
image,10000,10048,0.5444
image,10000,10048,0.5390
image,10000,10048,0.5935
image,10000,10048,0.5221
image,10000,10048,0.5413
image,10000,10048,0.5250
image,10000,10048,0.4713
image,10000,10048,0.5461
image,10000,10048,0.6361
image,10000,10048,0.5310
image,10000,10048,0.5344
image,10000,10048,0.5542
image,10000,10048,0.6132
image,10000,10048,0.5659
image,10000,10048,0.5150
image,10000,10048,0.5239
image,10000,10048,0.5602
image,10000,10048,0.5733
image,10000,10048,0.4876
image,10000,10048,0.5268
image,10000,10048,0.5122
image,10000,10048,0.5137
image,10000,10048,0.6255
image,10000,10048,0.5317
image,10000,10048,0.5597
image,10000,10048,0.5013
image,10000,10048,0.4936
image,10000,10048,0.5412
image,10000,10048,0.5685
image,10000,10048,0.6202
image,10000,10048,0.6318
image,10000,10048,0.5165
image,10000,10048,0.5515
image,10000,10048,0.4608
image,10000,10048,0.5304
image,10000,10048,0.5268
image,10000,10048,0.5048
image,10000,10048,0.5316
image,10000,10048,0.5190
image,10000,10048,0.4997
image,10000,10048,0.5209
image,10000,10048,0.5222
image,10000,10048,0.6064
image,10000,10048,0.4976
image,10000,10048,0.4983
image,10000,10048,0.4948
image,10000,10048,0.5117
image,10000,10048,0.5427
image,10000,10048,0.5354
image,10000,10048,0.6501
image,10000,10048,0.5269
image,10000,10048,0.5087
image,10000,10048,0.5629
image,10000,10048,0.5024
image,10000,10048,0.6094
image,10000,10048,0.4892
image,10000,10048,0.4936
image,10000,10048,0.5429
image,10000,10048,0.4969
image,10000,10048,0.5227
image,10000,10048,0.4675
image,10000,10048,0.4514
image,10000,10048,0.5127
image,10000,10048,0.4434
image,10000,10048,0.4398
image,10000,10048,0.4672
image,10000,10048,0.4421
image,10000,10048,0.4850
image,10000,10048,0.4431
image,10000,10048,0.4621
image,10000,10048,0.6834
image,10000,10048,0.4763
image,10000,10048,0.5031
image,10000,10048,0.4377
image,10000,10048,0.4642
image,10000,10048,0.5131
image,10000,10048,0.4347
image,10000,10048,0.6331
image,10000,10048,0.5170
image,10000,10048,0.5304
image,10000,10048,0.5383
image,10000,10048,0.5469
image,10000,10048,0.4820
image,10000,10048,0.4681
image,10000,10048,0.4531
image,10000,10048,0.4488
image,10000,10048,0.4896
image,10000,10048,0.4956
image,10000,10048,0.4354
image,10000,10048,0.4948
image,10000,10048,0.6528
image,10000,10048,0.5490
image,10000,10048,0.5013
image,10000,10048,0.4463
image,10000,10048,0.4520
image,10000,10048,0.5019
image,10000,10048,0.4621
image,10000,10048,0.4954
image,10000,10048,0.4659
image,10000,10048,0.4369
image,10000,10048,0.3936
image,10000,10048,0.4675
image,10000,10048,0.4998
image,10000,10048,0.5373
image,10000,10048,0.4383
image,10000,10048,0.4552
image,10000,10048,0.4474
image,10000,10048,0.4610
image,10000,10048,0.4326
image,10000,10048,0.4470
image,10000,10048,0.5977
image,10000,10048,0.5650
image,10000,10048,0.5506
image,10000,10048,0.5161
image,10000,10048,0.4881
image,10000,10048,0.5284
image,10000,10048,0.4729
image,10000,10048,0.5032
image,10000,10048,0.4433
image,10000,10048,0.4617
image,10000,10048,0.4581
image,10000,10048,0.4459
image,10000,10048,0.5846
image,10000,10048,0.6862
image,10000,10048,0.5550
image,10000,10048,0.5184
image,10000,10048,0.5506
image,10000,10048,0.5775
image,10000,10048,0.4890
image,10000,10048,0.5426
image,10000,10048,0.5039
image,10000,10048,0.6301
image,10000,10048,0.5784
image,10000,10048,0.5439
image,10000,10048,0.5238
image,10000,10048,0.5324
image,10000,10048,0.5015
image,10000,10048,0.5778
image,10000,10048,0.6640
image,10000,10048,0.5352
image,10000,10048,0.5265
image,10000,10048,0.4674
image,10000,10048,0.5724
image,10000,10048,0.5597
image,10000,10048,0.5183
image,10000,10048,0.5311
image,10000,10048,0.5268
image,10000,10048,0.5306
image,10000,10048,0.5289
image,10000,10048,0.5204
image,10000,10048,0.5218
image,10000,10048,0.6236
image,10000,10048,0.5879
image,10000,10048,0.5453
image,10000,10048,0.4534
image,10000,10048,0.5296
image,10000,10048,0.5271
image,10000,10048,0.5229
image,10000,10048,0.5265
image,10000,10048,0.5231
image,10000,10048,0.4379
image,10000,10048,0.5513
image,10000,10048,0.5712
image,10000,10048,0.5319
image,10000,10048,0.5259
image,10000,10048,0.5120
image,10000,10048,0.4699
image,10000,10048,0.5629
image,10000,10048,0.5249
image,10000,10048,0.5344
image,10000,10048,0.5182
image,10000,10048,0.5259
image,10000,10048,0.6362
image,10000,10048,0.5770
image,10000,10048,0.5006
image,10000,10048,0.4817
image,10000,10048,0.5540
image,10000,10048,0.5890
image,10000,10048,0.5994
image,10000,10048,0.5282
image,10000,10048,0.4616
image,10000,10048,0.4615
image,10000,10048,0.5109
image,10000,10048,0.4703
image,10000,10048,0.4413
image,10000,10048,0.4716
image,10000,10048,0.4038
image,10000,10048,0.4879
image,10000,10048,0.4302
image,10000,10048,0.4746
image,10000,10048,0.4505
image,10000,10048,0.4958
image,10000,10048,0.5276
image,10000,10048,0.4436
image,10000,10048,0.4325
image,10000,10048,0.4673
image,10000,10048,0.4326
image,10000,10048,0.5126
image,10000,10048,0.4460
image,10000,10048,0.4949
image,10000,10048,0.4749
image,10000,10048,0.5378
image,10000,10048,0.5520
image,10000,10048,0.5334
image,10000,10048,0.5001
image,10000,10048,0.4960
image,10000,10048,0.4897
image,10000,10048,0.5054
image,10000,10048,0.4934
image,10000,10048,0.4999
image,10000,10048,0.5382
image,10000,10048,0.5123
image,10000,10048,0.5350
image,10000,10048,0.5065
image,10000,10048,0.5059
image,10000,10048,0.5115
image,10000,10048,0.4910
image,10000,10048,0.5284
image,10000,10048,0.5058
image,10000,10048,0.4951
image,10000,10048,0.4912
image,10000,10048,0.5198
image,10000,10048,0.6171
image,10000,10048,0.5179
image,10000,10048,0.4462
image,10000,10048,0.4988
image,10000,10048,0.4914
image,10000,10048,0.5736
image,10000,10048,0.4546
image,10000,10048,0.5393
image,10000,10048,0.5125
image,10000,10048,0.5083
image,10000,10048,0.5761
image,10000,10048,0.6043
image,10000,10048,0.5870
image,10000,10048,0.4955
image,10000,10048,0.4406
image,10000,10048,0.5730
image,10000,10048,0.4800
image,10000,10048,0.5251
image,10000,10048,0.5543
image,10000,10048,0.6598
image,10000,10048,0.6841
image,10000,10048,0.5474
image,10000,10048,0.5663
image,10000,10048,0.5644
image,10000,10048,0.5242
image,10000,10048,0.5236
image,10000,10048,0.5528
image,10000,10048,0.5054
image,10000,10048,0.5066
image,10000,10048,0.5756
image,10000,10048,0.6104
image,10000,10048,0.4922
image,10000,10048,0.6118
image,10000,10048,0.4966
image,10000,10048,0.5004
image,10000,10048,0.5876
image,10000,10048,0.5414
image,10000,10048,0.5530
image,10000,10048,0.5343
image,10000,10048,0.5154
image,10000,10048,0.6557
image,10000,10048,0.5536
image,10000,10048,0.5368
image,10000,10048,0.5168
image,10000,10048,0.5253
image,10000,10048,0.5952
image,10000,10048,0.5280
image,10000,10048,0.5367
image,10000,10048,0.5845
image,50000,50048,0.5903
image,50000,50048,0.5330
image,50000,50048,0.5207
image,50000,50048,0.4703
image,50000,50048,0.5751
image,50000,50048,0.5364
image,50000,50048,0.6059
image,50000,50048,0.4994
image,50000,50048,0.5256
image,50000,50048,0.5557
image,50000,50048,0.5879
image,50000,50048,0.5334
image,50000,50048,0.5254
image,50000,50048,0.5229
image,50000,50048,0.5244
image,50000,50048,0.6251
image,50000,50048,0.5405
image,50000,50048,0.5280
image,50000,50048,0.5847
image,50000,50048,0.5400
image,50000,50048,0.6445
image,50000,50048,0.5389
image,50000,50048,0.5195
image,50000,50048,0.5218
image,50000,50048,0.5317
image,50000,50048,0.5667
image,50000,50048,0.5363
image,50000,50048,0.5647
image,50000,50048,0.5272
image,50000,50048,0.5297
image,50000,50048,0.6024
image,50000,50048,0.5314
image,50000,50048,0.5223
image,50000,50048,0.5998
image,50000,50048,0.5230
image,50000,50048,0.5986
image,50000,50048,0.7433
image,50000,50048,0.5251
image,50000,50048,0.5293
image,50000,50048,0.5692
image,50000,50048,0.6454
image,50000,50048,0.5131
image,50000,50048,0.5736
image,50000,50048,0.5199
image,50000,50048,0.5965
image,50000,50048,0.5760
image,50000,50048,0.5211
image,50000,50048,0.5248
image,50000,50048,0.5465
image,50000,50048,0.5770
image,50000,50048,0.5909
image,50000,50048,0.5789
image,50000,50048,0.5545
image,50000,50048,0.5178
image,50000,50048,0.5216
image,50000,50048,0.5608
image,50000,50048,0.6605
image,50000,50048,0.5516
image,50000,50048,0.5243
image,50000,50048,0.5231
image,50000,50048,0.6228
image,50000,50048,0.5143
image,50000,50048,0.5247
image,50000,50048,0.5214
image,50000,50048,0.5206
image,50000,50048,0.6159
image,50000,50048,0.5305
image,50000,50048,0.5211
image,50000,50048,0.5962
image,50000,50048,0.5486
image,50000,50048,0.5833
image,50000,50048,0.5229
image,50000,50048,0.5371
image,50000,50048,0.5185
image,50000,50048,0.5283
image,50000,50048,0.5755
image,50000,50048,0.5608
image,50000,50048,0.6128
image,50000,50048,0.4825
image,50000,50048,0.5327
image,50000,50048,0.5875
image,50000,50048,0.5498
image,50000,50048,0.5797
image,50000,50048,0.5642
image,50000,50048,0.5766
image,50000,50048,0.5587
image,50000,50048,0.5225
image,50000,50048,0.6012
image,50000,50048,0.4845
image,50000,50048,0.5965
image,50000,50048,0.6138
image,50000,50048,0.5231
image,50000,50048,0.5226
image,50000,50048,0.4846
image,50000,50048,0.5689
image,50000,50048,0.5523
image,50000,50048,0.5307
image,50000,50048,0.6243
image,50000,50048,0.5618
image,50000,50048,0.5323
image,50000,50048,0.6061
image,50000,50048,0.5666
image,50000,50048,0.5231
image,50000,50048,0.5180
image,50000,50048,0.5202
image,50000,50048,0.5658
image,50000,50048,0.5286
image,50000,50048,0.5321
image,50000,50048,0.5303
image,50000,50048,0.5640
image,50000,50048,0.6065
image,50000,50048,0.5226
image,50000,50048,0.5714
image,50000,50048,0.5189
image,50000,50048,0.5595
image,50000,50048,0.5704
image,50000,50048,0.5187
image,50000,50048,0.6364
image,50000,50048,0.6428
image,50000,50048,0.5272
image,50000,50048,0.6094
image,50000,50048,0.5151
image,50000,50048,0.5262
image,50000,50048,0.5260
image,50000,50048,0.5239
image,50000,50048,0.6300
image,50000,50048,0.5423
image,50000,50048,0.4849
image,50000,50048,0.5277
image,50000,50048,0.5485
image,50000,50048,0.5920
image,50000,50048,0.5561
image,50000,50048,0.5358
image,50000,50048,0.5697
image,50000,50048,0.5318
image,50000,50048,0.5755
image,50000,50048,0.5328
image,50000,50048,0.5306
image,50000,50048,0.6503
image,50000,50048,0.5400
image,50000,50048,0.5937
image,50000,50048,0.5939
image,50000,50048,0.6059
image,50000,50048,0.5247
image,50000,50048,0.6708
image,50000,50048,0.5730
image,50000,50048,0.5348
image,50000,50048,0.5322
image,50000,50048,0.5551
image,50000,50048,0.5285
image,50000,50048,0.6441
image,50000,50048,0.6111
image,50000,50048,0.5308
image,50000,50048,0.5467
image,50000,50048,0.5536
image,50000,50048,0.5762
image,50000,50048,0.5335
image,50000,50048,0.5353
image,50000,50048,0.5861
image,50000,50048,0.6019
image,50000,50048,0.6637
image,50000,50048,0.5911
image,50000,50048,0.6524
image,50000,50048,0.5843
image,50000,50048,0.5831
image,50000,50048,0.6556
image,50000,50048,0.6075
image,50000,50048,0.5860
image,50000,50048,0.6360
image,50000,50048,0.5970
image,50000,50048,0.6389
image,50000,50048,0.6181
image,50000,50048,0.6483
image,50000,50048,0.6060
image,50000,50048,0.6136
image,50000,50048,0.6512
image,50000,50048,0.6021
image,50000,50048,0.6022
image,50000,50048,0.5856
image,50000,50048,0.7397
image,50000,50048,0.6723
image,50000,50048,0.5832
image,50000,50048,0.5888
image,50000,50048,0.5569
image,50000,50048,0.5407
image,50000,50048,0.5140
image,50000,50048,0.5275
image,50000,50048,0.5071
image,50000,50048,0.5533
image,50000,50048,0.5148
image,50000,50048,0.5512
image,50000,50048,0.5106
image,50000,50048,0.5839
image,50000,50048,0.5725
image,50000,50048,0.5310
image,50000,50048,0.5249
image,50000,50048,0.5229
image,50000,50048,0.5111
image,50000,50048,0.5336
image,50000,50048,0.5203
image,50000,50048,0.5627
image,50000,50048,0.5310
image,50000,50048,0.5475
image,50000,50048,0.5282
image,50000,50048,0.5192
image,50000,50048,0.5200
image,50000,50048,0.5213
image,50000,50048,0.5501
image,50000,50048,0.5993
image,50000,50048,0.5161
image,50000,50048,0.5764
image,50000,50048,0.5268
image,50000,50048,0.5252
image,50000,50048,0.5688
image,50000,50048,0.5359
image,50000,50048,0.5239
image,50000,50048,0.5374
image,50000,50048,0.5064
image,50000,50048,0.5763
image,50000,50048,0.5251
image,50000,50048,0.7030
image,50000,50048,0.5983
image,50000,50048,0.5829
image,50000,50048,0.6232
image,50000,50048,0.5887
image,50000,50048,0.6584
image,50000,50048,0.5952
image,50000,50048,0.6410
image,50000,50048,0.5960
image,50000,50048,0.6054
image,50000,50048,0.6771
image,50000,50048,0.5981
image,50000,50048,0.5810
image,50000,50048,0.6028
image,50000,50048,0.6625
image,50000,50048,0.6598
image,50000,50048,0.5802
image,50000,50048,0.6571
image,50000,50048,0.5290
image,50000,50048,0.5989
image,50000,50048,0.7908
image,50000,50048,0.5986
image,50000,50048,0.5837
image,50000,50048,0.6146
image,50000,50048,0.6046
image,50000,50048,0.6288
image,50000,50048,0.5871
image,50000,50048,0.5828
image,50000,50048,0.6037
image,50000,50048,0.6177
image,50000,50048,0.6389
image,50000,50048,0.5892
image,50000,50048,0.5965
image,50000,50048,0.5885
image,50000,50048,0.5551
image,50000,50048,0.7570
image,50000,50048,0.5953
image,50000,50048,0.6354
image,50000,50048,0.5454
image,50000,50048,0.5992
image,50000,50048,0.6902
image,50000,50048,0.9344
image,50000,50048,0.5910
image,50000,50048,0.5940
image,50000,50048,0.5868
image,50000,50048,0.6445
image,50000,50048,0.5828
image,50000,50048,0.5950
image,50000,50048,0.5427
image,50000,50048,0.6294
image,50000,50048,0.6423
image,50000,50048,0.6183
image,50000,50048,0.5779
image,50000,50048,0.6187
image,50000,50048,0.5820
image,50000,50048,0.6490
image,50000,50048,0.5788
image,50000,50048,0.5159
image,50000,50048,0.5155
image,50000,50048,0.6153
image,50000,50048,0.6192
image,50000,50048,0.6514
image,50000,50048,0.5245
image,50000,50048,0.5049
image,50000,50048,0.5169
image,50000,50048,0.6027
image,50000,50048,0.5133
image,50000,50048,0.5058
image,50000,50048,0.5302
image,50000,50048,0.5108
image,50000,50048,0.5889
image,50000,50048,0.5327
image,50000,50048,0.5094
image,50000,50048,0.5080
image,50000,50048,0.5420
image,50000,50048,0.5584
image,50000,50048,0.4975
image,50000,50048,0.5373
image,50000,50048,0.5084
image,50000,50048,0.5378
image,50000,50048,0.6159
image,50000,50048,0.5664
image,50000,50048,0.6303
image,50000,50048,0.5227
image,50000,50048,0.5166
image,50000,50048,0.5832
image,50000,50048,0.5085
image,50000,50048,0.5382
image,50000,50048,0.5033
image,50000,50048,0.5432
image,50000,50048,0.5834
image,50000,50048,0.5248
image,50000,50048,0.5026
image,50000,50048,0.4971
image,50000,50048,0.5844
image,50000,50048,0.5295
image,50000,50048,0.5138
image,50000,50048,0.4681
image,50000,50048,0.5243
image,50000,50048,0.5033
image,50000,50048,0.5629
image,50000,50048,0.5228
image,50000,50048,0.6181
image,50000,50048,0.5318
image,50000,50048,0.5361
image,50000,50048,0.5766
image,50000,50048,0.5271
image,50000,50048,0.5081
image,50000,50048,0.5264
image,50000,50048,0.5215
image,50000,50048,0.6204
image,50000,50048,0.5032
image,50000,50048,0.5200
image,50000,50048,0.5303
image,50000,50048,0.5369
image,50000,50048,0.5612
image,50000,50048,0.5358
image,50000,50048,0.5101
image,50000,50048,0.6299
image,50000,50048,0.5661
image,50000,50048,0.6059
image,50000,50048,0.5206
image,50000,50048,0.6471
image,50000,50048,0.5588
image,50000,50048,0.5256
image,50000,50048,0.5730
image,50000,50048,0.5079
image,50000,50048,0.5265
image,50000,50048,0.5365
image,50000,50048,0.5255
image,50000,50048,0.6074
image,50000,50048,0.5227
image,50000,50048,0.5112
image,50000,50048,0.5018
image,50000,50048,0.5063
image,50000,50048,0.5619
image,50000,50048,0.5187
image,50000,50048,0.5373
image,50000,50048,0.5082
image,50000,50048,0.5679
image,50000,50048,0.6271
image,50000,50048,0.5100
image,50000,50048,0.5079
image,50000,50048,0.6689
image,50000,50048,0.5404
image,50000,50048,0.5504
image,50000,50048,0.5081
image,50000,50048,0.4973
image,50000,50048,0.4979
image,50000,50048,0.5360
image,50000,50048,0.5670
image,50000,50048,0.4979
image,50000,50048,0.4949
image,50000,50048,0.5070
image,50000,50048,0.4452
image,50000,50048,0.5495
image,50000,50048,0.4598
image,50000,50048,0.4884
image,50000,50048,0.5205
image,50000,50048,0.5358
image,50000,50048,0.5181
image,50000,50048,0.5252
image,50000,50048,0.4467
image,50000,50048,0.7379
image,50000,50048,0.4551
image,50000,50048,0.5548
image,50000,50048,0.4538
image,50000,50048,0.5256
image,50000,50048,0.5186
image,50000,50048,0.5452
image,50000,50048,0.5639
image,50000,50048,0.4999
image,50000,50048,0.4928
image,50000,50048,0.5118
image,50000,50048,0.5969
image,50000,50048,0.6145
image,50000,50048,0.5997
image,50000,50048,0.5620
image,50000,50048,0.6462
image,50000,50048,0.5148
image,50000,50048,0.7010
image,50000,50048,0.5787
image,50000,50048,0.5651
image,50000,50048,0.6066
image,50000,50048,0.6836
image,50000,50048,0.6967
image,50000,50048,0.5719
image,50000,50048,0.5883
image,50000,50048,0.5827
image,50000,50048,0.5780
image,50000,50048,0.6293
image,50000,50048,0.6165
image,50000,50048,0.5373
image,50000,50048,0.5075
image,50000,50048,0.5004
image,50000,50048,0.5455
image,50000,50048,0.4983
image,50000,50048,0.5232
image,50000,50048,0.5172
image,50000,50048,0.6177
image,50000,50048,0.6551
image,50000,50048,0.7466
image,50000,50048,0.5324
image,50000,50048,0.5438
image,50000,50048,0.6707
image,50000,50048,0.6062
image,50000,50048,0.5950
image,50000,50048,0.5219
image,50000,50048,0.5390
image,50000,50048,0.5524
image,50000,50048,0.5942
image,50000,50048,0.5000
image,50000,50048,0.4944
image,50000,50048,0.4991
image,50000,50048,0.4972
image,50000,50048,0.5456
image,50000,50048,0.4935
image,50000,50048,0.5093
image,50000,50048,0.5098
image,50000,50048,0.5111
image,50000,50048,0.5656
image,50000,50048,0.5137
image,50000,50048,0.5287
image,50000,50048,0.4870
image,50000,50048,0.5422
image,50000,50048,0.6378
image,50000,50048,0.5147
image,50000,50048,0.4962
image,50000,50048,0.5167
image,50000,50048,0.5061
image,50000,50048,0.5460
image,50000,50048,0.5037
image,50000,50048,0.5110
image,50000,50048,0.5079
image,50000,50048,0.4840
image,50000,50048,0.5446
image,50000,50048,0.5301
image,50000,50048,0.5296
image,50000,50048,0.4926
image,50000,50048,0.6007
image,50000,50048,0.6434
image,50000,50048,0.5675
image,50000,50048,0.6201
image,50000,50048,0.5738
image,50000,50048,0.5682
image,50000,50048,0.7337
image,50000,50048,0.5023
image,50000,50048,0.4946
image,50000,50048,0.4936
image,50000,50048,0.5866
image,50000,50048,0.5544
image,50000,50048,0.5057
image,50000,50048,0.4995
image,50000,50048,0.5234
image,50000,50048,0.4962
image,50000,50048,0.5512
image,50000,50048,0.5171
image,50000,50048,0.5016
image,50000,50048,0.4907
image,50000,50048,0.5830
image,50000,50048,0.5637
image,50000,50048,0.4349
image,50000,50048,0.4892
image,50000,50048,0.5974
image,50000,50048,0.5770
image,50000,50048,0.6088
image,50000,50048,0.5197
image,50000,50048,0.5054
image,50000,50048,0.5210
image,50000,50048,0.5849
image,50000,50048,0.5546
image,50000,50048,0.4987
image,50000,50048,0.5092
image,50000,50048,0.5247
image,50000,50048,0.5066
image,50000,50048,0.5333
image,50000,50048,0.5041
image,50000,50048,0.5007
image,50000,50048,0.5099
image,50000,50048,0.5194
image,50000,50048,0.5391
image,50000,50048,0.5166
image,50000,50048,0.5011
image,50000,50048,0.5140
image,50000,50048,0.5920
image,50000,50048,0.7029
image,50000,50048,0.6457
image,50000,50048,0.7008
image,50000,50048,0.4963
image,50000,50048,0.6240
image,50000,50048,0.6358
image,50000,50048,0.6360
image,50000,50048,0.5031
image,50000,50048,0.5094
image,50000,50048,0.5195
image,50000,50048,0.5247
image,50000,50048,0.5021
image,50000,50048,0.4957
image,50000,50048,0.5036
image,50000,50048,0.4554
image,50000,50048,0.5244
image,50000,50048,0.6532
image,50000,50048,0.5068
image,50000,50048,0.4998
image,50000,50048,0.8034
image,50000,50048,0.6341
image,50000,50048,0.5935
image,50000,50048,0.4985
image,50000,50048,0.5325
image,50000,50048,0.5124
image,50000,50048,0.5518
image,50000,50048,0.5054
image,50000,50048,0.4929
image,50000,50048,0.4951
image,50000,50048,0.5244
image,50000,50048,0.6468
image,50000,50048,0.5371
image,50000,50048,0.5180
image,50000,50048,0.4263
image,50000,50048,0.6188
image,100000,100048,0.5910
image,100000,100048,0.6654
image,100000,100048,0.5990
image,100000,100048,0.7032
image,100000,100048,0.7675
image,100000,100048,0.6685
image,100000,100048,0.6431
image,100000,100048,0.6960
image,100000,100048,0.6467
image,100000,100048,0.5812
image,100000,100048,0.6146
image,100000,100048,0.5731
image,100000,100048,0.5778
image,100000,100048,0.6206
image,100000,100048,0.5761
image,100000,100048,0.5976
image,100000,100048,0.6585
image,100000,100048,0.6982
image,100000,100048,0.7490
image,100000,100048,0.6906
image,100000,100048,0.6802
image,100000,100048,0.6817
image,100000,100048,0.6550
image,100000,100048,0.7275
image,100000,100048,0.6408
image,100000,100048,0.6822
image,100000,100048,0.6397
image,100000,100048,0.6627
image,100000,100048,0.6561
image,100000,100048,0.6487
image,100000,100048,0.6391
image,100000,100048,0.7010
image,100000,100048,0.6753
image,100000,100048,0.7251
image,100000,100048,0.5664
image,100000,100048,0.6440
image,100000,100048,0.6957
image,100000,100048,0.6322
image,100000,100048,0.6781
image,100000,100048,1.1453
image,100000,100048,0.6613
image,100000,100048,0.5876
image,100000,100048,0.5969
image,100000,100048,0.6485
image,100000,100048,0.5866
image,100000,100048,0.5829
image,100000,100048,0.5868
image,100000,100048,0.6221
image,100000,100048,0.7410
image,100000,100048,0.7531
image,100000,100048,0.6454
image,100000,100048,0.6547
image,100000,100048,0.6855
image,100000,100048,0.6998
image,100000,100048,0.6576
image,100000,100048,0.7077
image,100000,100048,0.6514
image,100000,100048,0.6603
image,100000,100048,0.7385
image,100000,100048,0.6442
image,100000,100048,0.7422
image,100000,100048,0.7161
image,100000,100048,0.6715
image,100000,100048,0.7259
image,100000,100048,0.6600
image,100000,100048,0.6599
image,100000,100048,0.6507
image,100000,100048,0.6138
image,100000,100048,0.6789
image,100000,100048,0.6634
image,100000,100048,0.6724
image,100000,100048,0.6671
image,100000,100048,0.6503
image,100000,100048,0.7061
image,100000,100048,0.6453
image,100000,100048,0.6968
image,100000,100048,0.6060
image,100000,100048,0.6518
image,100000,100048,0.7202
image,100000,100048,0.6168
image,100000,100048,0.7699
image,100000,100048,0.7110
image,100000,100048,0.6849
image,100000,100048,0.6159
image,100000,100048,0.6502
image,100000,100048,0.6651
image,100000,100048,0.6672
image,100000,100048,0.6495
image,100000,100048,0.7663
image,100000,100048,0.6538
image,100000,100048,0.6575
image,100000,100048,0.6554
image,100000,100048,0.6633
image,100000,100048,0.7291
image,100000,100048,0.7170
image,100000,100048,0.6553
image,100000,100048,0.7156
image,100000,100048,0.6595
image,100000,100048,0.7652
image,100000,100048,0.6838
image,100000,100048,0.7576
image,100000,100048,0.6745
image,100000,100048,0.5282
image,100000,100048,0.7433
image,100000,100048,0.6584
image,100000,100048,0.6778
image,100000,100048,0.6478
image,100000,100048,0.6472
image,100000,100048,0.7301
image,100000,100048,0.6988
image,100000,100048,0.6758
image,100000,100048,0.6442
image,100000,100048,0.6550
image,100000,100048,0.7086
image,100000,100048,0.6505
image,100000,100048,0.6796
image,100000,100048,0.6482
image,100000,100048,0.6438
image,100000,100048,0.7250
image,100000,100048,0.6725
image,100000,100048,0.6350
image,100000,100048,0.7467
image,100000,100048,0.6792
image,100000,100048,0.7278
image,100000,100048,0.6521
image,100000,100048,0.6815
image,100000,100048,0.6704
image,100000,100048,0.6621
image,100000,100048,0.6982
image,100000,100048,0.6574
image,100000,100048,0.6549
image,100000,100048,0.5957
image,100000,100048,0.6484
image,100000,100048,0.7221
image,100000,100048,0.7168
image,100000,100048,0.6426
image,100000,100048,0.6710
image,100000,100048,0.6469
image,100000,100048,0.6722
image,100000,100048,0.6130
image,100000,100048,0.5285
image,100000,100048,0.6906
image,100000,100048,0.5951
image,100000,100048,0.6458
image,100000,100048,0.6644
image,100000,100048,0.6029
image,100000,100048,0.6255
image,100000,100048,0.6467
image,100000,100048,0.7776
image,100000,100048,0.7017
image,100000,100048,0.6539
image,100000,100048,0.6578
image,100000,100048,0.6613
image,100000,100048,0.6873
image,100000,100048,1.0654
image,100000,100048,0.7076
image,100000,100048,0.6732
image,100000,100048,0.6562
image,100000,100048,0.7037
image,100000,100048,0.6594
image,100000,100048,0.6515
image,100000,100048,0.8351
image,100000,100048,0.7100
image,100000,100048,0.6623
image,100000,100048,0.6723
image,100000,100048,0.6783
image,100000,100048,0.6701
image,100000,100048,0.6832
image,100000,100048,0.6547
image,100000,100048,0.7030
image,100000,100048,0.6499
image,100000,100048,0.6630
image,100000,100048,0.6951
image,100000,100048,0.7279
image,100000,100048,0.6410
image,100000,100048,0.6700
image,100000,100048,0.7058
image,100000,100048,0.6630
image,100000,100048,0.7051
image,100000,100048,0.6721
image,100000,100048,0.6912
image,100000,100048,0.6605
image,100000,100048,1.0966
image,100000,100048,0.7342
image,100000,100048,0.5558
image,100000,100048,0.6104
image,100000,100048,0.6714
image,100000,100048,0.6644
image,100000,100048,0.7240
image,100000,100048,0.6784
image,100000,100048,0.6429
image,100000,100048,0.6849
image,100000,100048,0.6506
image,100000,100048,0.6979
image,100000,100048,0.6675
image,100000,100048,0.6453
image,100000,100048,0.6571
image,100000,100048,0.6650
image,100000,100048,0.7215
image,100000,100048,0.6919
image,100000,100048,0.6462
image,100000,100048,0.6542
image,100000,100048,1.0439
image,100000,100048,0.7370
image,100000,100048,0.6725
image,100000,100048,0.6744
image,100000,100048,0.7013
image,100000,100048,0.6686
image,100000,100048,0.8446
image,100000,100048,0.6055
image,100000,100048,0.6596
image,100000,100048,0.6847
image,100000,100048,0.6982
image,100000,100048,0.7227
image,100000,100048,0.6748
image,100000,100048,0.6667
image,100000,100048,0.6535
image,100000,100048,0.6046
image,100000,100048,0.7819
image,100000,100048,0.6468
image,100000,100048,0.6647
image,100000,100048,0.6586
image,100000,100048,0.6527
image,100000,100048,0.8365
image,100000,100048,0.6585
image,100000,100048,0.7564
image,100000,100048,0.5905
image,100000,100048,0.7153
image,100000,100048,0.8462
image,100000,100048,0.6048
image,100000,100048,0.5782
image,100000,100048,0.5847
image,100000,100048,0.5826
image,100000,100048,0.6215
image,100000,100048,0.6190
image,100000,100048,0.6603
image,100000,100048,0.6845
image,100000,100048,0.6612
image,100000,100048,0.6664
image,100000,100048,0.7334
image,100000,100048,0.7056
image,100000,100048,0.6712
image,100000,100048,0.6432
image,100000,100048,0.7748
image,100000,100048,0.7246
image,100000,100048,0.6850
image,100000,100048,0.6649
image,100000,100048,0.6275
image,100000,100048,0.8026
image,100000,100048,0.7255
image,100000,100048,0.6895
image,100000,100048,0.6429
image,100000,100048,0.6577
image,100000,100048,0.7927
image,100000,100048,0.6710
image,100000,100048,0.6376
image,100000,100048,0.6593
image,100000,100048,0.6863
image,100000,100048,0.7067
image,100000,100048,0.7016
image,100000,100048,0.6084
image,100000,100048,0.6054
image,100000,100048,0.6140
image,100000,100048,0.7630
image,100000,100048,0.8725
image,100000,100048,0.7006
image,100000,100048,0.6489
image,100000,100048,0.7083
image,100000,100048,0.7823
image,100000,100048,0.7789
image,100000,100048,0.6658
image,100000,100048,0.6596
image,100000,100048,0.6449
image,100000,100048,0.7238
image,100000,100048,0.6463
image,100000,100048,0.6646
image,100000,100048,0.6354
image,100000,100048,0.6641
image,100000,100048,0.7604
image,100000,100048,0.6916
image,100000,100048,0.6551
image,100000,100048,0.6563
image,100000,100048,0.6462
image,100000,100048,0.6932
image,100000,100048,0.7372
image,100000,100048,0.6783
image,100000,100048,0.7105
image,100000,100048,0.6549
image,100000,100048,0.7609
image,100000,100048,0.7981
image,100000,100048,0.6907
image,100000,100048,0.6511
image,100000,100048,0.6886
image,100000,100048,0.6236
image,100000,100048,0.5970
image,100000,100048,0.6094
image,100000,100048,0.6061
image,100000,100048,0.5897
image,100000,100048,0.6635
image,100000,100048,0.5982
image,100000,100048,0.6819
image,100000,100048,0.6623
image,100000,100048,0.6804
image,100000,100048,0.6329
image,100000,100048,0.6589
image,100000,100048,0.6587
image,100000,100048,0.6391
image,100000,100048,0.6074
image,100000,100048,0.6679
image,100000,100048,0.6416
image,100000,100048,0.6522
image,100000,100048,0.6099
image,100000,100048,0.6921
image,100000,100048,0.6317
image,100000,100048,0.6067
image,100000,100048,0.6187
image,100000,100048,0.6046
image,100000,100048,0.5832
image,100000,100048,0.6526
image,100000,100048,0.7946
image,100000,100048,0.6988
image,100000,100048,0.5823
image,100000,100048,0.6350
image,100000,100048,0.6201
image,100000,100048,0.6024
image,100000,100048,0.8257
image,100000,100048,0.7380
image,100000,100048,0.7312
image,100000,100048,0.7680
image,100000,100048,0.7276
image,100000,100048,0.7214
image,100000,100048,0.7114
image,100000,100048,0.6671
image,100000,100048,0.8437
image,100000,100048,0.5979
image,100000,100048,0.5780
image,100000,100048,0.5935
image,100000,100048,0.5826
image,100000,100048,0.7373
image,100000,100048,0.7299
image,100000,100048,0.6658
image,100000,100048,0.6468
image,100000,100048,0.6553
image,100000,100048,0.7396
image,100000,100048,0.6673
image,100000,100048,0.4722
image,100000,100048,0.6276
image,100000,100048,0.7231
image,100000,100048,0.6880
image,100000,100048,0.6300
image,100000,100048,0.5897
image,100000,100048,0.5630
image,100000,100048,0.6216
image,100000,100048,0.6902
image,100000,100048,0.6228
image,100000,100048,0.5891
image,100000,100048,0.5965
image,100000,100048,0.6042
image,100000,100048,0.7310
image,100000,100048,0.6015
image,100000,100048,0.6624
image,100000,100048,0.6530
image,100000,100048,0.6539
image,100000,100048,0.7150
image,100000,100048,0.7584
image,100000,100048,0.6535
image,100000,100048,0.8399
image,100000,100048,0.7395
image,100000,100048,0.7721
image,100000,100048,0.6494
image,100000,100048,0.6456
image,100000,100048,0.5370
image,100000,100048,0.6077
image,100000,100048,0.7683
image,100000,100048,0.6990
image,100000,100048,0.6935
image,100000,100048,0.6403
image,100000,100048,0.6417
image,100000,100048,0.7323
image,100000,100048,0.6746
image,100000,100048,0.7095
image,100000,100048,0.5746
image,100000,100048,0.5834
image,100000,100048,0.6297
image,100000,100048,0.6076
image,100000,100048,0.7419
image,100000,100048,0.8264
image,100000,100048,0.7206
image,100000,100048,0.6994
image,100000,100048,0.6931
image,100000,100048,0.6267
image,100000,100048,0.7402
image,100000,100048,0.6557
image,100000,100048,0.8004
image,100000,100048,0.8379
image,100000,100048,0.7189
image,100000,100048,0.6997
image,100000,100048,0.7057
image,100000,100048,0.7704
image,100000,100048,0.6668
image,100000,100048,0.6648
image,100000,100048,0.6890
image,100000,100048,0.7012
image,100000,100048,0.7460
image,100000,100048,0.6111
image,100000,100048,0.5937
image,100000,100048,0.6099
image,100000,100048,0.6612
image,100000,100048,0.6987
image,100000,100048,0.7068
image,100000,100048,0.5989
image,100000,100048,0.5890
image,100000,100048,0.5911
image,100000,100048,0.7314
image,100000,100048,0.7256
image,100000,100048,0.7712
image,100000,100048,0.7449
image,100000,100048,0.6872
image,100000,100048,0.7563
image,100000,100048,0.6478
image,100000,100048,0.6853
image,100000,100048,0.7030
image,100000,100048,0.7049
image,100000,100048,0.7302
image,100000,100048,0.6905
image,100000,100048,0.6917
image,100000,100048,0.6872
image,100000,100048,0.8140
image,100000,100048,0.7699
image,100000,100048,0.7150
image,100000,100048,0.7026
image,100000,100048,0.7500
image,100000,100048,0.6951
image,100000,100048,0.7359
image,100000,100048,0.6715
image,100000,100048,0.7005
image,100000,100048,0.5901
image,100000,100048,0.5958
image,100000,100048,0.7537
image,100000,100048,0.6583
image,100000,100048,0.6985
image,100000,100048,0.7527
image,100000,100048,0.7266
image,100000,100048,0.7452
image,100000,100048,0.7042
image,100000,100048,0.7121
image,100000,100048,0.6853
image,100000,100048,0.6460
image,100000,100048,0.7588
image,100000,100048,0.6412
image,100000,100048,0.6433
image,100000,100048,0.7422
image,100000,100048,0.7023
image,100000,100048,0.7430
image,100000,100048,0.7136
image,100000,100048,0.6031
image,100000,100048,0.7071
image,100000,100048,0.7443
image,100000,100048,0.7525
image,100000,100048,0.6942
image,100000,100048,0.7209
image,100000,100048,0.7155
image,100000,100048,0.6848
image,100000,100048,0.7221
image,100000,100048,0.6805
image,100000,100048,0.7146
image,100000,100048,0.6947
image,100000,100048,0.6830
image,100000,100048,0.8349
image,100000,100048,0.7539
image,100000,100048,0.6927
image,100000,100048,0.6831
image,100000,100048,0.7218
image,100000,100048,0.7331
image,100000,100048,0.6893
image,100000,100048,0.6262
image,100000,100048,0.7854
image,100000,100048,0.6954
image,100000,100048,0.7446
image,100000,100048,0.6873
image,100000,100048,0.6795
image,100000,100048,0.6832
image,100000,100048,0.7072
image,100000,100048,0.7467
image,100000,100048,0.6845
image,100000,100048,0.6961
image,100000,100048,0.6859
image,100000,100048,0.6775
image,100000,100048,0.5993
image,100000,100048,0.7077
image,100000,100048,0.7056
image,100000,100048,0.7165
image,100000,100048,0.6814
image,100000,100048,0.7300
image,100000,100048,0.7048
image,100000,100048,0.7047
image,100000,100048,0.6084
image,100000,100048,0.6541
image,100000,100048,0.7255
image,100000,100048,0.5607
image,100000,100048,0.6265
image,100000,100048,0.5911
image,100000,100048,0.6308
image,100000,100048,0.6527
image,100000,100048,0.6218
image,100000,100048,0.5941
image,100000,100048,0.6667
image,100000,100048,0.6579
image,100000,100048,0.6946
image,100000,100048,0.7250
image,100000,100048,0.6661
image,100000,100048,0.6689
image,100000,100048,0.6264
image,100000,100048,0.6603
image,100000,100048,0.6284
image,100000,100048,0.6576
image,100000,100048,0.6227
image,100000,100048,0.6803
image,100000,100048,0.7296
image,100000,100048,0.6239
image,100000,100048,0.6122
image,100000,100048,0.6245
image,100000,100048,0.6128
image,100000,100048,0.6439
image,100000,100048,0.7319
image,100000,100048,0.6541
image,100000,100048,0.6722
image,100000,100048,0.7450
image,100000,100048,0.7316
image,100000,100048,0.7604
image,100000,100048,0.7074
image,100000,100048,0.6971
image,100000,100048,0.7311
image,100000,100048,0.7508
image,100000,100048,0.6987
image,100000,100048,0.7263
image,100000,100048,0.6884
image,100000,100048,0.6782
image,100000,100048,0.7350
image,100000,100048,0.7015
image,500000,500048,1.4756
image,500000,500048,1.4849
image,500000,500048,1.5920
image,500000,500048,1.4819
image,500000,500048,1.5451
image,500000,500048,1.4705
image,500000,500048,1.4995
image,500000,500048,1.5007
image,500000,500048,1.5548
image,500000,500048,1.4737
image,500000,500048,1.5011
image,500000,500048,1.4490
image,500000,500048,1.5619
image,500000,500048,1.5745
image,500000,500048,1.6135
image,500000,500048,1.5741
image,500000,500048,1.5415
image,500000,500048,1.6816
image,500000,500048,1.6049
image,500000,500048,1.6083
image,500000,500048,1.5892
image,500000,500048,1.5538
image,500000,500048,1.5165
image,500000,500048,1.5641
image,500000,500048,1.6614
image,500000,500048,1.5203
image,500000,500048,1.5649
image,500000,500048,1.7006
image,500000,500048,1.5970
image,500000,500048,1.4745
image,500000,500048,1.6620
image,500000,500048,1.5199
image,500000,500048,1.5605
image,500000,500048,1.6183
image,500000,500048,1.7201
image,500000,500048,1.4745
image,500000,500048,1.5330
image,500000,500048,1.5701
image,500000,500048,1.5239
image,500000,500048,1.5061
image,500000,500048,1.5269
image,500000,500048,1.5035
image,500000,500048,1.5863
image,500000,500048,1.6528
image,500000,500048,1.5949
image,500000,500048,1.5100
image,500000,500048,1.4973
image,500000,500048,1.6135
image,500000,500048,1.5204
image,500000,500048,1.4854
image,500000,500048,1.5114
image,500000,500048,1.5342
image,500000,500048,1.5185
image,500000,500048,1.5088
image,500000,500048,1.5532
image,500000,500048,1.6092
image,500000,500048,1.4752
image,500000,500048,1.5932
image,500000,500048,1.5293
image,500000,500048,1.4827
image,500000,500048,1.5635
image,500000,500048,1.4845
image,500000,500048,1.5303
image,500000,500048,1.6591
image,500000,500048,1.5333
image,500000,500048,1.4550
image,500000,500048,1.5847
image,500000,500048,1.5213
image,500000,500048,1.4834
image,500000,500048,1.5340
image,500000,500048,1.4941
image,500000,500048,1.4897
image,500000,500048,1.5907
image,500000,500048,1.5077
image,500000,500048,1.5910
image,500000,500048,1.6055
image,500000,500048,1.5365
image,500000,500048,1.5779
image,500000,500048,1.5314
image,500000,500048,1.5003
image,500000,500048,1.5006
image,500000,500048,1.5949
image,500000,500048,1.5608
image,500000,500048,1.4571
image,500000,500048,1.6780
image,500000,500048,1.6319
image,500000,500048,1.6689
image,500000,500048,1.4847
image,500000,500048,1.5552
image,500000,500048,1.4627
image,500000,500048,1.4873
image,500000,500048,1.4595
image,500000,500048,1.5290
image,500000,500048,1.4514
image,500000,500048,1.4935
image,500000,500048,1.4651
image,500000,500048,1.7331
image,500000,500048,1.6732
image,500000,500048,1.5676
image,500000,500048,1.4931
image,500000,500048,1.5948
image,500000,500048,1.5046
image,500000,500048,1.5751
image,500000,500048,1.4972
image,500000,500048,1.6031
image,500000,500048,1.5101
image,500000,500048,1.5717
image,500000,500048,1.5640
image,500000,500048,1.5333
image,500000,500048,1.5798
image,500000,500048,1.5179
image,500000,500048,1.5468
image,500000,500048,1.5471
image,500000,500048,1.4900
image,500000,500048,1.5303
image,500000,500048,2.8268
image,500000,500048,1.5397
image,500000,500048,1.6902
image,500000,500048,1.6141
image,500000,500048,1.6634
image,500000,500048,1.6559
image,500000,500048,1.6031
image,500000,500048,1.6328
image,500000,500048,1.4745
image,500000,500048,1.6171
image,500000,500048,1.6686
image,500000,500048,1.5158
image,500000,500048,1.5797
image,500000,500048,1.5320
image,500000,500048,1.5900
image,500000,500048,1.5229
image,500000,500048,1.6107
image,500000,500048,1.5663
image,500000,500048,1.5298
image,500000,500048,1.6136
image,500000,500048,1.5875
image,500000,500048,1.4793
image,500000,500048,1.5282
image,500000,500048,1.5905
image,500000,500048,1.5848
image,500000,500048,1.5102
image,500000,500048,1.5106
image,500000,500048,1.5789
image,500000,500048,1.5315
image,500000,500048,1.5141
image,500000,500048,1.7256
image,500000,500048,1.4618
image,500000,500048,1.5935
image,500000,500048,1.5096
image,500000,500048,1.5687
image,500000,500048,1.5336
image,500000,500048,1.5759
image,500000,500048,1.6305
image,500000,500048,1.4828
image,500000,500048,1.4611
image,500000,500048,1.5482
image,500000,500048,1.4241
image,500000,500048,1.5579
image,500000,500048,1.6401
image,500000,500048,1.5440
image,500000,500048,1.4885
image,500000,500048,1.4571
image,500000,500048,1.6093
image,500000,500048,1.5010
image,500000,500048,1.5533
image,500000,500048,1.5558
image,500000,500048,1.4993
image,500000,500048,1.6224
image,500000,500048,1.5076
image,500000,500048,1.5840
image,500000,500048,1.4485
image,500000,500048,1.5777
image,500000,500048,1.4873
image,500000,500048,1.5770
image,500000,500048,1.4772
image,500000,500048,1.6405
image,500000,500048,1.5656
image,500000,500048,1.5959
image,500000,500048,1.5329
image,500000,500048,1.5252
image,500000,500048,1.5276
image,500000,500048,1.4633
image,500000,500048,1.5409
image,500000,500048,1.4731
image,500000,500048,1.4776
image,500000,500048,1.6459
image,500000,500048,1.5838
image,500000,500048,1.5532
image,500000,500048,1.5060
image,500000,500048,1.4842
image,500000,500048,1.4396
image,500000,500048,1.5342
image,500000,500048,1.4943
image,500000,500048,1.5718
image,500000,500048,1.5458
image,500000,500048,1.4835
image,500000,500048,1.5425
image,500000,500048,1.5316
image,500000,500048,1.4919
image,500000,500048,1.4871
image,500000,500048,1.5986
image,500000,500048,1.5556
image,500000,500048,1.5377
image,500000,500048,1.4745
image,500000,500048,1.5752
image,500000,500048,1.6582
image,500000,500048,1.4884
image,500000,500048,1.2320
image,500000,500048,1.5918
image,500000,500048,1.5019
image,500000,500048,1.6317
image,500000,500048,1.5198
image,500000,500048,1.5464
image,500000,500048,1.5859
image,500000,500048,1.4775
image,500000,500048,1.6317
image,500000,500048,1.4809
image,500000,500048,1.5887
image,500000,500048,1.4641
image,500000,500048,1.4896
image,500000,500048,1.5775
image,500000,500048,1.5994
image,500000,500048,1.6018
image,500000,500048,1.5108
image,500000,500048,1.5639
image,500000,500048,1.6019
image,500000,500048,1.5182
image,500000,500048,1.7579
image,500000,500048,1.5948
image,500000,500048,1.5534
image,500000,500048,1.5415
image,500000,500048,1.5929
image,500000,500048,1.5778
image,500000,500048,1.5207
image,500000,500048,1.5506
image,500000,500048,1.5669
image,500000,500048,1.5366
image,500000,500048,1.5754
image,500000,500048,1.5281
image,500000,500048,1.5213
image,500000,500048,1.5940
image,500000,500048,1.5644
image,500000,500048,1.6975
image,500000,500048,1.4741
image,500000,500048,1.5118
image,500000,500048,1.6345
image,500000,500048,1.5495
image,500000,500048,1.5353
image,500000,500048,1.5691
image,500000,500048,1.6033
image,500000,500048,1.5042
image,500000,500048,1.5149
image,500000,500048,1.5516
image,500000,500048,1.5661
image,500000,500048,1.5872
image,500000,500048,1.5579
image,500000,500048,1.5808
image,500000,500048,1.5436
image,500000,500048,1.6268
image,500000,500048,1.5902
image,500000,500048,1.6060
image,500000,500048,1.5069
image,500000,500048,1.6270
image,500000,500048,1.6699
image,500000,500048,1.5710
image,500000,500048,1.7387
image,500000,500048,1.5769
image,500000,500048,1.6488
image,500000,500048,1.5360
image,500000,500048,1.4375
image,500000,500048,1.5408
image,500000,500048,1.5163
image,500000,500048,1.6260
image,500000,500048,1.4479
image,500000,500048,1.4861
image,500000,500048,1.4887
image,500000,500048,1.4838
image,500000,500048,1.5052
image,500000,500048,1.5042
image,500000,500048,1.5224
image,500000,500048,1.4406
image,500000,500048,1.4999
image,500000,500048,1.4998
image,500000,500048,1.7566
image,500000,500048,1.5323
image,500000,500048,1.5176
image,500000,500048,1.4759
image,500000,500048,1.6464
image,500000,500048,1.7680
image,500000,500048,1.5689
image,500000,500048,1.5121
image,500000,500048,1.5265
image,500000,500048,1.5930
image,500000,500048,1.5354
image,500000,500048,1.5465
image,500000,500048,1.4600
image,500000,500048,1.6157
image,500000,500048,1.5605
image,500000,500048,1.5073
image,500000,500048,1.5298
image,500000,500048,1.4592
image,500000,500048,1.4780
image,500000,500048,1.4857
image,500000,500048,1.4855
image,500000,500048,1.6367
image,500000,500048,1.4854
image,500000,500048,1.4472
image,500000,500048,1.4989
image,500000,500048,1.6642
image,500000,500048,1.5018
image,500000,500048,1.5381
image,500000,500048,1.5516
image,500000,500048,1.5037
image,500000,500048,1.5282
image,500000,500048,1.5477
image,500000,500048,1.4652
image,500000,500048,1.5339
image,500000,500048,1.8059
image,500000,500048,1.4793
image,500000,500048,1.5256
image,500000,500048,1.5644
image,500000,500048,1.5511
image,500000,500048,1.4768
image,500000,500048,1.4743
image,500000,500048,1.4661
image,500000,500048,1.6171
image,500000,500048,1.4470
image,500000,500048,1.8371
image,500000,500048,1.4706
image,500000,500048,1.5954
image,500000,500048,1.6295
image,500000,500048,1.5999
image,500000,500048,1.5272
image,500000,500048,1.4493
image,500000,500048,1.5500
image,500000,500048,1.6274
image,500000,500048,1.6488
image,500000,500048,1.8073
image,500000,500048,1.4904
image,500000,500048,1.5816
image,500000,500048,1.6141
image,500000,500048,1.5455
image,500000,500048,1.5051
image,500000,500048,1.5543
image,500000,500048,1.5147
image,500000,500048,1.6328
image,500000,500048,1.5899
image,500000,500048,1.7945
image,500000,500048,1.7007
image,500000,500048,1.6571
image,500000,500048,1.5989
image,500000,500048,1.5661
image,500000,500048,1.6119
image,500000,500048,1.6056
image,500000,500048,1.5772
image,500000,500048,1.7568
image,500000,500048,1.5123
image,500000,500048,1.7566
image,500000,500048,1.6244
image,500000,500048,1.6371
image,500000,500048,1.5612
image,500000,500048,1.6478
image,500000,500048,1.5771
image,500000,500048,1.5143
image,500000,500048,1.5006
image,500000,500048,1.6406
image,500000,500048,1.4814
image,500000,500048,1.6602
image,500000,500048,1.5780
image,500000,500048,1.4889
image,500000,500048,1.5911
image,500000,500048,1.5052
image,500000,500048,1.6925
image,500000,500048,1.6525
image,500000,500048,1.4893
image,500000,500048,1.4359
image,500000,500048,1.5279
image,500000,500048,1.6602
image,500000,500048,1.6618
image,500000,500048,1.7376
image,500000,500048,1.6389
image,500000,500048,1.4776
image,500000,500048,1.7030
image,500000,500048,1.6010
image,500000,500048,1.7002
image,500000,500048,1.8466
image,500000,500048,1.4388
image,500000,500048,1.7971
image,500000,500048,1.7238
image,500000,500048,1.5067
image,500000,500048,1.7266
image,500000,500048,1.6222
image,500000,500048,1.7231
image,500000,500048,1.6199
image,500000,500048,1.5903
image,500000,500048,1.8567
image,500000,500048,1.4928
image,500000,500048,1.5323
image,500000,500048,1.5368
image,500000,500048,1.5280
image,500000,500048,1.4744
image,500000,500048,1.5811
image,500000,500048,1.6379
image,500000,500048,1.5712
image,500000,500048,1.4580
image,500000,500048,1.5156
image,500000,500048,1.4831
image,500000,500048,1.6377
image,500000,500048,1.5756
image,500000,500048,1.5962
image,500000,500048,1.5345
image,500000,500048,1.6774
image,500000,500048,1.6383
image,500000,500048,1.5496
image,500000,500048,1.6023
image,500000,500048,1.4843
image,500000,500048,1.4982
image,500000,500048,1.5328
image,500000,500048,1.6095
image,500000,500048,1.5999
image,500000,500048,1.5717
image,500000,500048,1.5334
image,500000,500048,1.5442
image,500000,500048,1.5524
image,500000,500048,1.5503
image,500000,500048,1.6054
image,500000,500048,1.5997
image,500000,500048,1.8947
image,500000,500048,1.7575
image,500000,500048,1.5824
image,500000,500048,1.5212
image,500000,500048,1.5999
image,500000,500048,1.6521
image,500000,500048,1.4646
image,500000,500048,1.6069
image,500000,500048,1.6893
image,500000,500048,1.4771
image,500000,500048,1.5530
image,500000,500048,1.5306
image,500000,500048,1.5249
image,500000,500048,1.5752
image,500000,500048,1.5368
image,500000,500048,1.5229
image,500000,500048,1.4722
image,500000,500048,1.5349
image,500000,500048,1.5230
image,500000,500048,1.5042
image,500000,500048,1.6074
image,500000,500048,1.9229
image,500000,500048,1.6796
image,500000,500048,1.5908
image,500000,500048,1.5822
image,500000,500048,1.5975
image,500000,500048,1.5694
image,500000,500048,1.6181
image,500000,500048,1.6029
image,500000,500048,1.5810
image,500000,500048,1.6428
image,500000,500048,1.5929
image,500000,500048,1.5260
image,500000,500048,1.5570
image,500000,500048,1.5284
image,500000,500048,1.4985
image,500000,500048,1.4768
image,500000,500048,1.4966
image,500000,500048,1.5646
image,500000,500048,1.4955
image,500000,500048,1.4970
image,500000,500048,1.6505
image,500000,500048,1.4961
image,500000,500048,1.9191
image,500000,500048,1.5242
image,500000,500048,1.7273
image,500000,500048,1.5454
image,500000,500048,1.6466
image,500000,500048,1.6385
image,500000,500048,1.6124
image,500000,500048,1.5791
image,500000,500048,1.5080
image,500000,500048,1.5592
image,500000,500048,1.6012
image,500000,500048,1.5542
image,500000,500048,1.5511
image,500000,500048,1.5314
image,500000,500048,1.6186
image,500000,500048,1.5832
image,500000,500048,1.6171
image,500000,500048,1.6152
image,500000,500048,1.5586
image,500000,500048,1.5449
image,500000,500048,1.5437
image,500000,500048,1.6713
image,500000,500048,1.6688
image,500000,500048,1.5654
image,500000,500048,1.5219
image,500000,500048,1.5850
image,500000,500048,1.4652
image,500000,500048,1.5857
image,500000,500048,1.5545
image,500000,500048,1.6306
image,500000,500048,1.6007
image,500000,500048,1.5710
image,500000,500048,1.5660
image,500000,500048,1.5960
image,500000,500048,1.5828
image,500000,500048,1.4984
image,500000,500048,1.6271
image,500000,500048,1.5992
image,500000,500048,1.5935
image,500000,500048,1.6218
image,500000,500048,1.6229
image,500000,500048,1.9062
image,500000,500048,1.6296
image,500000,500048,1.6430
image,500000,500048,1.5296
image,500000,500048,1.6124
image,500000,500048,1.5238
image,500000,500048,1.6449
image,500000,500048,1.5607
image,500000,500048,1.5211
image,500000,500048,1.5368
image,500000,500048,1.5202
image,500000,500048,1.6734
image,500000,500048,1.5104
image,500000,500048,1.5476
image,500000,500048,1.5875
image,500000,500048,1.5487
image,500000,500048,1.5422
image,500000,500048,1.5552
image,500000,500048,1.4760
image,500000,500048,1.5142
image,500000,500048,1.5500
image,500000,500048,1.7404
image,500000,500048,1.6303
image,500000,500048,1.5648
image,500000,500048,1.5293
image,500000,500048,1.6114
image,500000,500048,1.5701
image,500000,500048,1.5991
image,500000,500048,1.6228
image,1000000,1000048,3.3716
image,1000000,1000048,3.0957
image,1000000,1000048,3.1192
image,1000000,1000048,3.3626
image,1000000,1000048,3.0572
image,1000000,1000048,3.7643
image,1000000,1000048,4.6406
image,1000000,1000048,3.3116
image,1000000,1000048,3.2189
image,1000000,1000048,3.0681
image,1000000,1000048,3.3260
image,1000000,1000048,3.1172
image,1000000,1000048,3.0930
image,1000000,1000048,3.1789
image,1000000,1000048,4.6052
image,1000000,1000048,3.6878
image,1000000,1000048,4.6408
image,1000000,1000048,3.1068
image,1000000,1000048,3.2620
image,1000000,1000048,3.1506
image,1000000,1000048,4.0383
image,1000000,1000048,3.2919
image,1000000,1000048,3.1369
image,1000000,1000048,3.1899
image,1000000,1000048,4.9537
image,1000000,1000048,4.1474
image,1000000,1000048,4.6576
image,1000000,1000048,4.7280
image,1000000,1000048,3.3903
image,1000000,1000048,3.1588
image,1000000,1000048,3.0587
image,1000000,1000048,3.3663
image,1000000,1000048,3.3686
image,1000000,1000048,4.7255
image,1000000,1000048,3.2700
image,1000000,1000048,3.3016
image,1000000,1000048,3.5075
image,1000000,1000048,3.1294
image,1000000,1000048,3.0556
image,1000000,1000048,3.3042
image,1000000,1000048,3.1104
image,1000000,1000048,3.6890
image,1000000,1000048,3.3149
image,1000000,1000048,3.1311
image,1000000,1000048,3.3709
image,1000000,1000048,3.2944
image,1000000,1000048,3.1801
image,1000000,1000048,3.2598
image,1000000,1000048,3.3469
image,1000000,1000048,3.1246
image,1000000,1000048,3.2869
image,1000000,1000048,3.3526
image,1000000,1000048,3.2493
image,1000000,1000048,3.8385
image,1000000,1000048,4.6975
image,1000000,1000048,3.7358
image,1000000,1000048,4.1190
image,1000000,1000048,3.5820
image,1000000,1000048,3.2133
image,1000000,1000048,3.4661
image,1000000,1000048,3.0411
image,1000000,1000048,3.0587
image,1000000,1000048,4.4659
image,1000000,1000048,4.1831
image,1000000,1000048,4.7707
image,1000000,1000048,3.2225
image,1000000,1000048,3.3790
image,1000000,1000048,4.0905
image,1000000,1000048,3.5300
image,1000000,1000048,3.1212
image,1000000,1000048,3.1171
image,1000000,1000048,5.4256
image,1000000,1000048,3.3561
image,1000000,1000048,3.1675
image,1000000,1000048,3.2069
image,1000000,1000048,3.8654
image,1000000,1000048,3.3372
image,1000000,1000048,3.3043
image,1000000,1000048,3.2788
image,1000000,1000048,3.1082
image,1000000,1000048,3.2673
image,1000000,1000048,3.2637
image,1000000,1000048,3.1672
image,1000000,1000048,3.0015
image,1000000,1000048,3.2388
image,1000000,1000048,3.1005
image,1000000,1000048,3.0834
image,1000000,1000048,3.4711
image,1000000,1000048,3.2899
image,1000000,1000048,3.3026
image,1000000,1000048,2.8197
image,1000000,1000048,3.9064
image,1000000,1000048,4.6766
image,1000000,1000048,3.7005
image,1000000,1000048,3.0169
image,1000000,1000048,3.1023
image,1000000,1000048,3.2854
image,1000000,1000048,3.4090
image,1000000,1000048,3.0814
image,1000000,1000048,3.3327
image,1000000,1000048,4.6332
image,1000000,1000048,3.6825
image,1000000,1000048,4.5741
image,1000000,1000048,3.1404
image,1000000,1000048,3.1011
image,1000000,1000048,3.3055
image,1000000,1000048,3.1719
image,1000000,1000048,3.2042
image,1000000,1000048,3.3716
image,1000000,1000048,3.3721
image,1000000,1000048,4.4931
image,1000000,1000048,3.9868
image,1000000,1000048,4.6236
image,1000000,1000048,4.0751
image,1000000,1000048,3.2623
image,1000000,1000048,3.4544
image,1000000,1000048,3.2673
image,1000000,1000048,3.0914
image,1000000,1000048,3.1038
image,1000000,1000048,4.4924
image,1000000,1000048,3.2155
image,1000000,1000048,3.2706
image,1000000,1000048,3.0492
image,1000000,1000048,3.1052
image,1000000,1000048,3.4100
image,1000000,1000048,3.1065
image,1000000,1000048,3.1041
image,1000000,1000048,3.1006
image,1000000,1000048,3.1265
image,1000000,1000048,3.0394
image,1000000,1000048,2.9784
image,1000000,1000048,3.2538
image,1000000,1000048,3.2303
image,1000000,1000048,3.4272
image,1000000,1000048,3.1246
image,1000000,1000048,3.1588
image,1000000,1000048,3.1030
image,1000000,1000048,3.2913
image,1000000,1000048,3.0335
image,1000000,1000048,3.8566
image,1000000,1000048,4.7039
image,1000000,1000048,3.2399
image,1000000,1000048,3.0525
image,1000000,1000048,3.0449
image,1000000,1000048,3.3085
image,1000000,1000048,3.2716
image,1000000,1000048,3.0708
image,1000000,1000048,3.3106
image,1000000,1000048,4.6280
image,1000000,1000048,4.0005
image,1000000,1000048,4.6198
image,1000000,1000048,3.5168
image,1000000,1000048,3.1289
image,1000000,1000048,3.2060
image,1000000,1000048,3.1247
image,1000000,1000048,3.1264
image,1000000,1000048,3.3657
image,1000000,1000048,4.4985
image,1000000,1000048,3.3446
image,1000000,1000048,3.2114
image,1000000,1000048,3.0798
image,1000000,1000048,3.3196
image,1000000,1000048,3.3034
image,1000000,1000048,3.0753
image,1000000,1000048,3.0946
image,1000000,1000048,3.3042
image,1000000,1000048,3.1169
image,1000000,1000048,3.2745
image,1000000,1000048,3.2122
image,1000000,1000048,3.1543
image,1000000,1000048,3.0875
image,1000000,1000048,3.0961
image,1000000,1000048,3.1321
image,1000000,1000048,3.1573
image,1000000,1000048,3.3318
image,1000000,1000048,3.3019
image,1000000,1000048,3.3213
image,1000000,1000048,3.8402
image,1000000,1000048,4.6462
image,1000000,1000048,3.5556
image,1000000,1000048,3.0710
image,1000000,1000048,3.0925
image,1000000,1000048,3.2585
image,1000000,1000048,3.3361
image,1000000,1000048,3.1257
image,1000000,1000048,3.2971
image,1000000,1000048,4.5572
image,1000000,1000048,3.6549
image,1000000,1000048,4.5081
image,1000000,1000048,106.5235
image,1000000,1000048,6.2711
image,1000000,1000048,2.9904
image,1000000,1000048,5.6389
image,1000000,1000048,2.9871
image,1000000,1000048,3.0649
image,1000000,1000048,4.5929
image,1000000,1000048,3.9189
image,1000000,1000048,4.5781
image,1000000,1000048,3.7363
image,1000000,1000048,3.2460
image,1000000,1000048,3.0984
image,1000000,1000048,3.1184
image,1000000,1000048,3.0939
image,1000000,1000048,3.1048
image,1000000,1000048,3.3012
image,1000000,1000048,4.4842
image,1000000,1000048,3.6290
image,1000000,1000048,4.5503
image,1000000,1000048,3.2225
image,1000000,1000048,3.2465
image,1000000,1000048,3.1714
image,1000000,1000048,3.1801
image,1000000,1000048,3.3113
image,1000000,1000048,3.3110
image,1000000,1000048,4.6695
image,1000000,1000048,3.0719
image,1000000,1000048,3.2891
image,1000000,1000048,3.1148
image,1000000,1000048,3.0849
image,1000000,1000048,3.0890
image,1000000,1000048,3.3130
image,1000000,1000048,3.1218
image,1000000,1000048,3.1582
image,1000000,1000048,3.3378
image,1000000,1000048,3.2221
image,1000000,1000048,3.2228
image,1000000,1000048,3.0381
image,1000000,1000048,3.1244
image,1000000,1000048,3.1198
image,1000000,1000048,3.0952
image,1000000,1000048,3.3907
image,1000000,1000048,3.1310
image,1000000,1000048,3.1013
image,1000000,1000048,3.1280
image,1000000,1000048,3.6213
image,1000000,1000048,4.8887
image,1000000,1000048,3.1515
image,1000000,1000048,3.3859
image,1000000,1000048,3.0991
image,1000000,1000048,3.1489
image,1000000,1000048,3.3272
image,1000000,1000048,3.4508
image,1000000,1000048,5.4966
image,1000000,1000048,4.5738
image,1000000,1000048,3.8013
image,1000000,1000048,4.7297
image,1000000,1000048,3.8639
image,1000000,1000048,3.0451
image,1000000,1000048,3.0711
image,1000000,1000048,3.3573
image,1000000,1000048,3.0620
image,1000000,1000048,3.3818
image,1000000,1000048,4.4663
image,1000000,1000048,3.0624
image,1000000,1000048,3.0332
image,1000000,1000048,3.1037
image,1000000,1000048,2.8735
image,1000000,1000048,3.4167
image,1000000,1000048,3.1211
image,1000000,1000048,3.3414
image,1000000,1000048,3.3864
image,1000000,1000048,2.9990
image,1000000,1000048,3.0098
image,1000000,1000048,3.2398
image,1000000,1000048,3.0034
image,1000000,1000048,3.0596
image,1000000,1000048,3.1423
image,1000000,1000048,3.1442
image,1000000,1000048,3.1374
image,1000000,1000048,3.3239
image,1000000,1000048,3.0904
image,1000000,1000048,3.1740
image,1000000,1000048,3.6494
image,1000000,1000048,4.6942
image,1000000,1000048,3.2084
image,1000000,1000048,3.1372
image,1000000,1000048,3.2294
image,1000000,1000048,3.1488
image,1000000,1000048,3.1370
image,1000000,1000048,3.2653
image,1000000,1000048,3.1121
image,1000000,1000048,4.6306
image,1000000,1000048,3.7052
image,1000000,1000048,4.5636
image,1000000,1000048,3.1584
image,1000000,1000048,3.3027
image,1000000,1000048,3.1406
image,1000000,1000048,3.1145
image,1000000,1000048,3.0895
image,1000000,1000048,3.3309
image,1000000,1000048,3.1717
image,1000000,1000048,4.6167
image,1000000,1000048,4.0101
image,1000000,1000048,5.2153
image,1000000,1000048,3.5229
image,1000000,1000048,3.2379
image,1000000,1000048,3.1029
image,1000000,1000048,3.0597
image,1000000,1000048,3.3106
image,1000000,1000048,3.2662
image,1000000,1000048,4.4627
image,1000000,1000048,2.9813
image,1000000,1000048,3.0319
image,1000000,1000048,3.2606
image,1000000,1000048,3.0451
image,1000000,1000048,3.0843
image,1000000,1000048,3.0913
image,1000000,1000048,3.2729
image,1000000,1000048,3.0730
image,1000000,1000048,3.0897
image,1000000,1000048,3.0523
image,1000000,1000048,3.0274
image,1000000,1000048,3.2688
image,1000000,1000048,3.0538
image,1000000,1000048,3.2645
image,1000000,1000048,3.0627
image,1000000,1000048,3.1059
image,1000000,1000048,3.3092
image,1000000,1000048,3.2092
image,1000000,1000048,3.0851
image,1000000,1000048,3.6101
image,1000000,1000048,4.7140
image,1000000,1000048,3.7008
image,1000000,1000048,3.2025
image,1000000,1000048,3.0962
image,1000000,1000048,3.2766
image,1000000,1000048,3.2725
image,1000000,1000048,3.1046
image,1000000,1000048,3.0756
image,1000000,1000048,4.4962
image,1000000,1000048,3.5360
image,1000000,1000048,4.6793
image,1000000,1000048,3.6917
image,1000000,1000048,3.1099
image,1000000,1000048,3.0448
image,1000000,1000048,3.0615
image,1000000,1000048,3.0640
image,1000000,1000048,3.2781
image,1000000,1000048,4.6773
image,1000000,1000048,3.2688
image,1000000,1000048,3.0145
image,1000000,1000048,3.1274
image,1000000,1000048,3.1074
image,1000000,1000048,3.1137
image,1000000,1000048,3.0547
image,1000000,1000048,3.1233
image,1000000,1000048,3.1170
image,1000000,1000048,3.1135
image,1000000,1000048,3.2073
image,1000000,1000048,3.3311
image,1000000,1000048,3.0235
image,1000000,1000048,3.3684
image,1000000,1000048,3.1460
image,1000000,1000048,3.1417
image,1000000,1000048,3.1035
image,1000000,1000048,3.1032
image,1000000,1000048,3.1424
image,1000000,1000048,3.1268
image,1000000,1000048,3.2254
image,1000000,1000048,3.2701
image,1000000,1000048,3.1661
image,1000000,1000048,3.1617
image,1000000,1000048,3.1258
image,1000000,1000048,3.3350
image,1000000,1000048,3.3217
image,1000000,1000048,3.1399
image,1000000,1000048,3.1403
image,1000000,1000048,3.1195
image,1000000,1000048,3.8274
image,1000000,1000048,4.4752
image,1000000,1000048,3.1585
image,1000000,1000048,3.3006
image,1000000,1000048,3.2656
image,1000000,1000048,3.5914
image,1000000,1000048,3.4289
image,1000000,1000048,3.1261
image,1000000,1000048,3.3303
image,1000000,1000048,4.7619
image,1000000,1000048,3.8399
image,1000000,1000048,4.7322
image,1000000,1000048,3.1934
image,1000000,1000048,3.4540
image,1000000,1000048,3.1618
image,1000000,1000048,3.1652
image,1000000,1000048,3.1292
image,1000000,1000048,3.2795
image,1000000,1000048,4.5863
image,1000000,1000048,3.0086
image,1000000,1000048,3.2839
image,1000000,1000048,3.1067
image,1000000,1000048,3.1026
image,1000000,1000048,3.3575
image,1000000,1000048,3.1231
image,1000000,1000048,3.1480
image,1000000,1000048,3.1743
image,1000000,1000048,3.1754
image,1000000,1000048,3.0757
image,1000000,1000048,2.9906
image,1000000,1000048,2.9939
image,1000000,1000048,3.0549
image,1000000,1000048,3.3603
image,1000000,1000048,3.1631
image,1000000,1000048,3.3422
image,1000000,1000048,3.3032
image,1000000,1000048,3.3468
image,1000000,1000048,3.2845
image,1000000,1000048,4.0353
image,1000000,1000048,4.5147
image,1000000,1000048,3.8923
image,1000000,1000048,3.4253
image,1000000,1000048,3.0904
image,1000000,1000048,3.0988
image,1000000,1000048,3.2035
image,1000000,1000048,3.1043
image,1000000,1000048,3.0659
image,1000000,1000048,4.5185
image,1000000,1000048,3.9329
image,1000000,1000048,4.5451
image,1000000,1000048,3.1366
image,1000000,1000048,3.0961
image,1000000,1000048,3.0960
image,1000000,1000048,3.1140
image,1000000,1000048,3.3694
image,1000000,1000048,3.1323
image,1000000,1000048,3.1318
image,1000000,1000048,4.4708
image,1000000,1000048,3.7866
image,1000000,1000048,4.4906
image,1000000,1000048,3.3486
image,1000000,1000048,3.2509
image,1000000,1000048,3.2318
image,1000000,1000048,3.1045
image,1000000,1000048,3.1262
image,1000000,1000048,3.0811
image,1000000,1000048,4.5200
image,1000000,1000048,3.1893
image,1000000,1000048,3.1313
image,1000000,1000048,3.1095
image,1000000,1000048,3.0807
image,1000000,1000048,3.2647
image,1000000,1000048,3.0552
image,1000000,1000048,3.0893
image,1000000,1000048,3.0387
image,1000000,1000048,3.0932
image,1000000,1000048,3.0367
image,1000000,1000048,3.0365
image,1000000,1000048,3.0967
image,1000000,1000048,3.2484
image,1000000,1000048,3.2502
image,1000000,1000048,3.0934
image,1000000,1000048,3.2760
image,1000000,1000048,3.1872
image,1000000,1000048,3.0895
image,1000000,1000048,3.0031
image,1000000,1000048,3.7823
image,1000000,1000048,4.5581
image,1000000,1000048,3.3193
image,1000000,1000048,3.1214
image,1000000,1000048,3.2419
image,1000000,1000048,3.0761
image,1000000,1000048,3.0638
image,1000000,1000048,3.1976
image,1000000,1000048,3.0288
image,1000000,1000048,4.5200
image,1000000,1000048,3.9282
image,1000000,1000048,4.7640
image,1000000,1000048,3.6887
image,1000000,1000048,3.2884
image,1000000,1000048,3.0849
image,1000000,1000048,3.1090
image,1000000,1000048,3.1400
image,1000000,1000048,3.1263
image,1000000,1000048,4.6075
image,1000000,1000048,2.9756
image,1000000,1000048,2.9852
image,1000000,1000048,3.1262
image,1000000,1000048,3.1310
image,1000000,1000048,3.1560
image,1000000,1000048,3.3778
image,1000000,1000048,3.2894
image,1000000,1000048,3.0816
image,1000000,1000048,3.1217
image,1000000,1000048,3.0720
image,1000000,1000048,3.0394
image,1000000,1000048,3.2789
image,1000000,1000048,3.2050
image,1000000,1000048,3.3640
image,1000000,1000048,3.1519
image,1000000,1000048,102.3692
image,1000000,1000048,2.9944
image,1000000,1000048,4.4616
image,1000000,1000048,3.0645
image,1000000,1000048,2.9468
image,1000000,1000048,3.2376
image,1000000,1000048,3.2354
image,1000000,1000048,3.0811
image,1000000,1000048,3.4865
image,1000000,1000048,3.2713
image,1000000,1000048,3.0119
image,1000000,1000048,3.2989
image,1000000,1000048,3.0541
image,1000000,1000048,3.2255
image,1000000,1000048,3.6170
image,1000000,1000048,4.7502
image,1000000,1000048,3.1218
image,1000000,1000048,2.9438
image,1000000,1000048,3.4063
image,1000000,1000048,3.1714
image,1000000,1000048,3.1557
image,1000000,1000048,3.3740
image,1000000,1000048,3.1074
image,1000000,1000048,4.5528
image,1000000,1000048,3.7954
image,1000000,1000048,4.4964
image,1000000,1000048,3.2333
image,1000000,1000048,3.0570
image,1000000,1000048,2.2712
image,1000000,1000048,3.0581
image,1000000,1000048,3.1325
image,1000000,1000048,3.2767
image,1000000,1000048,4.6723
image,1000000,1000048,3.0472
image,1000000,1000048,3.2076
image,1000000,1000048,3.0683
image,1000000,1000048,3.3092
image,1000000,1000048,3.0839
image,1000000,1000048,3.3178
image,1000000,1000048,3.1409
image,1000000,1000048,3.0607
image,1000000,1000048,3.2733
image,1000000,1000048,3.0048
image,1000000,1000048,3.0779
image,1000000,1000048,2.9828
image,1000000,1000048,3.1192
image,1000000,1000048,3.1671
image,1000000,1000048,3.0724
image,1000000,1000048,3.0857
image,1000000,1000048,3.2970
image,1000000,1000048,3.0674
image,1000000,1000048,3.1065
image,5000000,5000048,13.6388
image,5000000,5000048,13.6830
image,5000000,5000048,14.7949
image,5000000,5000048,15.1166
image,5000000,5000048,14.1006
image,5000000,5000048,15.2670
image,5000000,5000048,15.4071
image,5000000,5000048,14.0943
image,5000000,5000048,13.9909
image,5000000,5000048,14.9951
image,5000000,5000048,14.0243
image,5000000,5000048,15.4932
image,5000000,5000048,14.1349
image,5000000,5000048,14.0500
image,5000000,5000048,14.3298
image,5000000,5000048,15.6333
image,5000000,5000048,15.2102
image,5000000,5000048,14.9968
image,5000000,5000048,13.7912
image,5000000,5000048,14.0602
image,5000000,5000048,14.2973
image,5000000,5000048,14.2379
image,5000000,5000048,15.6057
image,5000000,5000048,15.3722
image,5000000,5000048,13.9916
image,5000000,5000048,15.3016
image,5000000,5000048,13.9562
image,5000000,5000048,13.9308
image,5000000,5000048,13.7384
image,5000000,5000048,15.6197
image,5000000,5000048,15.5506
image,5000000,5000048,15.4745
image,5000000,5000048,13.6464
image,5000000,5000048,13.7248
image,5000000,5000048,14.3229
image,5000000,5000048,15.4347
image,5000000,5000048,13.9357
image,5000000,5000048,14.2527
image,5000000,5000048,14.2542
image,5000000,5000048,14.3422
image,5000000,5000048,15.1368
image,5000000,5000048,13.8553
image,5000000,5000048,14.2568
image,5000000,5000048,15.5339
image,5000000,5000048,14.2753
image,5000000,5000048,14.3864
image,5000000,5000048,14.2006
image,5000000,5000048,14.0614
image,5000000,5000048,14.1113
image,5000000,5000048,14.4295
image,5000000,5000048,15.5715
image,5000000,5000048,15.2791
image,5000000,5000048,14.1745
image,5000000,5000048,13.4529
image,5000000,5000048,14.0187
image,5000000,5000048,14.0534
image,5000000,5000048,14.4808
image,5000000,5000048,13.9170
image,5000000,5000048,14.2120
image,5000000,5000048,14.8699
image,5000000,5000048,15.2956
image,5000000,5000048,15.3390
image,5000000,5000048,14.6262
image,5000000,5000048,15.1269
image,5000000,5000048,14.2318
image,5000000,5000048,15.2956
image,5000000,5000048,14.1330
image,5000000,5000048,14.0716
image,5000000,5000048,14.0258
image,5000000,5000048,15.1661
image,5000000,5000048,15.4988
image,5000000,5000048,13.9883
image,5000000,5000048,13.6996
image,5000000,5000048,14.3144
image,5000000,5000048,14.9478
image,5000000,5000048,13.8548
image,5000000,5000048,14.0289
image,5000000,5000048,14.7912
image,5000000,5000048,13.9394
image,5000000,5000048,14.2972
image,5000000,5000048,13.9359
image,5000000,5000048,14.0064
image,5000000,5000048,15.2408
image,5000000,5000048,13.9749
image,5000000,5000048,15.4175
image,5000000,5000048,14.1759
image,5000000,5000048,13.9628
image,5000000,5000048,14.0890
image,5000000,5000048,15.5084
image,5000000,5000048,13.9469
image,5000000,5000048,15.3312
image,5000000,5000048,14.0340
image,5000000,5000048,13.9496
image,5000000,5000048,15.2887
image,5000000,5000048,14.3099
image,5000000,5000048,15.3350
image,5000000,5000048,14.9667
image,5000000,5000048,15.0493
image,5000000,5000048,14.6892
image,5000000,5000048,14.0380
image,5000000,5000048,14.0951
image,5000000,5000048,14.0680
image,5000000,5000048,14.1500
image,5000000,5000048,15.3580
image,5000000,5000048,14.3844
image,5000000,5000048,14.2533
image,5000000,5000048,13.8045
image,5000000,5000048,13.8707
image,5000000,5000048,15.0642
image,5000000,5000048,15.2409
image,5000000,5000048,13.9995
image,5000000,5000048,14.5453
image,5000000,5000048,14.1982
image,5000000,5000048,14.0580
image,5000000,5000048,14.3391
image,5000000,5000048,15.5309
image,5000000,5000048,14.2828
image,5000000,5000048,13.7644
image,5000000,5000048,15.1829
image,5000000,5000048,15.2191
image,5000000,5000048,14.2135
image,5000000,5000048,14.1349
image,5000000,5000048,14.1609
image,5000000,5000048,14.2190
image,5000000,5000048,14.0849
image,5000000,5000048,14.9598
image,5000000,5000048,14.1565
image,5000000,5000048,15.1313
image,5000000,5000048,14.0810
image,5000000,5000048,14.0401
image,5000000,5000048,15.4294
image,5000000,5000048,14.1997
image,5000000,5000048,14.1139
image,5000000,5000048,13.8409
image,5000000,5000048,14.3420
image,5000000,5000048,13.8934
image,5000000,5000048,14.5203
image,5000000,5000048,14.2478
image,5000000,5000048,15.1215
image,5000000,5000048,14.2007
image,5000000,5000048,13.6637
image,5000000,5000048,13.5946
image,5000000,5000048,13.7320
image,5000000,5000048,13.8217
image,5000000,5000048,14.1716
image,5000000,5000048,15.2044
image,5000000,5000048,14.9103
image,5000000,5000048,13.9821
image,5000000,5000048,15.0987
image,5000000,5000048,13.7154
image,5000000,5000048,13.8896
image,5000000,5000048,14.0344
image,5000000,5000048,14.1935
image,5000000,5000048,14.0268
image,5000000,5000048,15.5261
image,5000000,5000048,13.6849
image,5000000,5000048,13.7443
image,5000000,5000048,14.9314
image,5000000,5000048,14.0680
image,5000000,5000048,14.0738
image,5000000,5000048,15.3216
image,5000000,5000048,14.1233
image,5000000,5000048,14.0671
image,5000000,5000048,13.9170
image,5000000,5000048,15.5350
image,5000000,5000048,14.0795
image,5000000,5000048,15.2983
image,5000000,5000048,14.2420
image,5000000,5000048,14.2867
image,5000000,5000048,14.2517
image,5000000,5000048,14.1815
image,5000000,5000048,14.0033
image,5000000,5000048,15.5023
image,5000000,5000048,14.2044
image,5000000,5000048,14.1583
image,5000000,5000048,14.0471
image,5000000,5000048,14.8932
image,5000000,5000048,15.4204
image,5000000,5000048,14.1248
image,5000000,5000048,14.1626
image,5000000,5000048,14.2491
image,5000000,5000048,13.9731
image,5000000,5000048,15.3604
image,5000000,5000048,14.0840
image,5000000,5000048,15.3264
image,5000000,5000048,14.0266
image,5000000,5000048,14.0659
image,5000000,5000048,14.0178
image,5000000,5000048,14.1078
image,5000000,5000048,14.1189
image,5000000,5000048,14.1610
image,5000000,5000048,14.2481
image,5000000,5000048,14.2083
image,5000000,5000048,15.6112
image,5000000,5000048,15.4743
image,5000000,5000048,14.2683
image,5000000,5000048,15.4888
image,5000000,5000048,14.8606
image,5000000,5000048,15.2178
image,5000000,5000048,14.5290
image,5000000,5000048,14.1153
image,5000000,5000048,14.4597
image,5000000,5000048,13.9883
image,5000000,5000048,14.0815
image,5000000,5000048,15.4115
image,5000000,5000048,14.0814
image,5000000,5000048,13.6890
image,5000000,5000048,13.7042
image,5000000,5000048,13.9003
image,5000000,5000048,14.3842
image,5000000,5000048,13.7639
image,5000000,5000048,15.3393
image,5000000,5000048,13.8597
image,5000000,5000048,13.3613
image,5000000,5000048,14.7332
image,5000000,5000048,13.5348
image,5000000,5000048,13.6678
image,5000000,5000048,13.6159
image,5000000,5000048,15.1710
image,5000000,5000048,14.0053
image,5000000,5000048,15.4844
image,5000000,5000048,15.4682
image,5000000,5000048,13.4783
image,5000000,5000048,13.4352
image,5000000,5000048,13.4203
image,5000000,5000048,15.0175
image,5000000,5000048,15.2788
image,5000000,5000048,13.7103
image,5000000,5000048,14.6572
image,5000000,5000048,13.9686
image,5000000,5000048,13.4238
image,5000000,5000048,14.2715
image,5000000,5000048,14.7479
image,5000000,5000048,14.8727
image,5000000,5000048,15.2340
image,5000000,5000048,13.8103
image,5000000,5000048,13.8239
image,5000000,5000048,13.8092
image,5000000,5000048,13.7830
image,5000000,5000048,13.5441
image,5000000,5000048,13.6097
image,5000000,5000048,13.5737
image,5000000,5000048,13.7212
image,5000000,5000048,15.2780
image,5000000,5000048,15.5241
image,5000000,5000048,15.4435
image,5000000,5000048,15.3881
image,5000000,5000048,13.7255
image,5000000,5000048,14.7566
image,5000000,5000048,15.4625
image,5000000,5000048,14.2193
image,5000000,5000048,13.8418
image,5000000,5000048,15.1550
image,5000000,5000048,15.2436
image,5000000,5000048,14.8385
image,5000000,5000048,16.1657
image,5000000,5000048,13.8426
image,5000000,5000048,13.8155
image,5000000,5000048,15.1786
image,5000000,5000048,16.0028
image,5000000,5000048,13.7239
image,5000000,5000048,14.0463
image,5000000,5000048,13.9661
image,5000000,5000048,17.5237
image,5000000,5000048,18.2896
image,5000000,5000048,13.6489
image,5000000,5000048,17.3021
image,5000000,5000048,17.3881
image,5000000,5000048,17.3687
image,5000000,5000048,14.0400
image,5000000,5000048,17.9577
image,5000000,5000048,16.2466
image,5000000,5000048,14.2422
image,5000000,5000048,13.8193
image,5000000,5000048,14.7476
image,5000000,5000048,13.7055
image,5000000,5000048,14.5118
image,5000000,5000048,14.8584
image,5000000,5000048,14.8968
image,5000000,5000048,14.2504
image,5000000,5000048,13.9317
image,5000000,5000048,13.9717
image,5000000,5000048,13.9875
image,5000000,5000048,13.9235
image,5000000,5000048,13.9704
image,5000000,5000048,13.9880
image,5000000,5000048,13.8916
image,5000000,5000048,14.9203
image,5000000,5000048,13.9372
image,5000000,5000048,15.5607
image,5000000,5000048,15.4696
image,5000000,5000048,15.1462
image,5000000,5000048,14.0852
image,5000000,5000048,14.7746
image,5000000,5000048,13.9072
image,5000000,5000048,10.6592
image,5000000,5000048,13.9355
image,5000000,5000048,14.0151
image,5000000,5000048,14.0203
image,5000000,5000048,15.1814
image,5000000,5000048,15.0175
image,5000000,5000048,15.1551
image,5000000,5000048,14.1451
image,5000000,5000048,14.1094
image,5000000,5000048,14.1511
image,5000000,5000048,14.1001
image,5000000,5000048,14.1392
image,5000000,5000048,14.1327
image,5000000,5000048,15.4805
image,5000000,5000048,14.0377
image,5000000,5000048,14.8400
image,5000000,5000048,14.1172
image,5000000,5000048,15.5463
image,5000000,5000048,13.9174
image,5000000,5000048,13.9858
image,5000000,5000048,14.1008
image,5000000,5000048,16.9855
image,5000000,5000048,14.1174
image,5000000,5000048,16.0726
image,5000000,5000048,14.9110
image,5000000,5000048,17.7680
image,5000000,5000048,14.0124
image,5000000,5000048,14.2032
image,5000000,5000048,14.2525
image,5000000,5000048,17.0451
image,5000000,5000048,14.4129
image,5000000,5000048,14.2002
image,5000000,5000048,14.4607
image,5000000,5000048,16.8245
image,5000000,5000048,17.8609
image,5000000,5000048,13.7665
image,5000000,5000048,17.2983
image,5000000,5000048,14.6949
image,5000000,5000048,15.5317
image,5000000,5000048,14.0894
image,5000000,5000048,16.4607
image,5000000,5000048,16.0339
image,5000000,5000048,14.7414
image,5000000,5000048,14.4990
image,5000000,5000048,14.0502
image,5000000,5000048,14.4330
image,5000000,5000048,15.7433
image,5000000,5000048,14.0603
image,5000000,5000048,14.1123
image,5000000,5000048,14.3598
image,5000000,5000048,15.5120
image,5000000,5000048,14.0448
image,5000000,5000048,13.9670
image,5000000,5000048,14.8322
image,5000000,5000048,14.2634
image,5000000,5000048,14.1031
image,5000000,5000048,13.9078
image,5000000,5000048,15.5319
image,5000000,5000048,15.6304
image,5000000,5000048,16.0788
image,5000000,5000048,14.7663
image,5000000,5000048,14.1839
image,5000000,5000048,14.6876
image,5000000,5000048,14.1797
image,5000000,5000048,13.8804
image,5000000,5000048,16.5941
image,5000000,5000048,17.2129
image,5000000,5000048,15.6622
image,5000000,5000048,15.4356
image,5000000,5000048,14.7297
image,5000000,5000048,14.4772
image,5000000,5000048,15.0515
image,5000000,5000048,13.8320
image,5000000,5000048,13.9110
image,5000000,5000048,14.1928
image,5000000,5000048,14.1523
image,5000000,5000048,14.0433
image,5000000,5000048,17.0300
image,5000000,5000048,13.9672
image,5000000,5000048,14.1952
image,5000000,5000048,14.0536
image,5000000,5000048,14.0739
image,5000000,5000048,15.6641
image,5000000,5000048,14.5880
image,5000000,5000048,18.6078
image,5000000,5000048,14.2280
image,5000000,5000048,14.4925
image,5000000,5000048,18.0235
image,5000000,5000048,14.1148
image,5000000,5000048,14.2639
image,5000000,5000048,14.3988
image,5000000,5000048,15.2342
image,5000000,5000048,16.2420
image,5000000,5000048,14.1366
image,5000000,5000048,18.6039
image,5000000,5000048,14.1010
image,5000000,5000048,17.3796
image,5000000,5000048,14.0696
image,5000000,5000048,14.2530
image,5000000,5000048,14.2248
image,5000000,5000048,15.6751
image,5000000,5000048,14.2820
image,5000000,5000048,18.3725
image,5000000,5000048,15.1354
image,5000000,5000048,14.2983
image,5000000,5000048,15.4748
image,5000000,5000048,14.0023
image,5000000,5000048,16.7912
image,5000000,5000048,14.2392
image,5000000,5000048,14.2442
image,5000000,5000048,14.6700
image,5000000,5000048,14.1985
image,5000000,5000048,17.5546
image,5000000,5000048,15.3277
image,5000000,5000048,18.4701
image,5000000,5000048,14.5139
image,5000000,5000048,16.2863
image,5000000,5000048,13.7928
image,5000000,5000048,13.6915
image,5000000,5000048,17.5241
image,5000000,5000048,14.4730
image,5000000,5000048,14.0852
image,5000000,5000048,15.2819
image,5000000,5000048,14.1566
image,5000000,5000048,14.0740
image,5000000,5000048,14.1036
image,5000000,5000048,15.1268
image,5000000,5000048,13.9991
image,5000000,5000048,14.0807
image,5000000,5000048,18.1084
image,5000000,5000048,13.9898
image,5000000,5000048,14.1715
image,5000000,5000048,14.0392
image,5000000,5000048,13.7690
image,5000000,5000048,14.1490
image,5000000,5000048,13.9589
image,5000000,5000048,13.9316
image,5000000,5000048,13.9675
image,5000000,5000048,13.8182
image,5000000,5000048,15.4135
image,5000000,5000048,15.3698
image,5000000,5000048,14.1384
image,5000000,5000048,15.2803
image,5000000,5000048,14.2464
image,5000000,5000048,15.7837
image,5000000,5000048,15.4367
image,5000000,5000048,15.4730
image,5000000,5000048,15.5038
image,5000000,5000048,15.4754
image,5000000,5000048,15.3249
image,5000000,5000048,13.9129
image,5000000,5000048,14.0978
image,5000000,5000048,13.8890
image,5000000,5000048,15.1675
image,5000000,5000048,13.8667
image,5000000,5000048,13.9874
image,5000000,5000048,15.3052
image,5000000,5000048,13.8069
image,5000000,5000048,15.0388
image,5000000,5000048,15.2197
image,5000000,5000048,13.8828
image,5000000,5000048,15.4626
image,5000000,5000048,14.3434
image,5000000,5000048,13.9499
image,5000000,5000048,14.0291
image,5000000,5000048,13.8612
image,5000000,5000048,13.8627
image,5000000,5000048,14.1487
image,5000000,5000048,15.2111
image,5000000,5000048,14.0874
image,5000000,5000048,15.2304
image,5000000,5000048,14.0345
image,5000000,5000048,14.0022
image,5000000,5000048,15.2035
image,5000000,5000048,13.9277
image,5000000,5000048,15.1475
image,5000000,5000048,13.7392
image,5000000,5000048,13.9329
image,5000000,5000048,14.0690
image,5000000,5000048,14.1373
image,5000000,5000048,14.2712
image,5000000,5000048,14.4727
image,5000000,5000048,13.8797
image,5000000,5000048,13.6538
image,5000000,5000048,13.7711
image,5000000,5000048,13.8050
image,5000000,5000048,13.8891
image,5000000,5000048,14.1055
image,5000000,5000048,15.4033
image,5000000,5000048,14.0969
image,5000000,5000048,15.3296
image,5000000,5000048,14.3713
image,5000000,5000048,13.7595
image,5000000,5000048,13.5968
image,5000000,5000048,14.9450
image,5000000,5000048,13.9082
image,5000000,5000048,14.0415
image,5000000,5000048,15.3777
image,5000000,5000048,14.1133
image,5000000,5000048,14.0443
image,5000000,5000048,13.5884
image,5000000,5000048,13.8299
image,5000000,5000048,13.8416
image,5000000,5000048,14.0070
image,5000000,5000048,14.1970
image,5000000,5000048,14.0896
image,5000000,5000048,14.1855
image,5000000,5000048,15.3905
image,5000000,5000048,15.0669
image,5000000,5000048,15.3131
image,5000000,5000048,14.0471
image,5000000,5000048,15.6022
image,5000000,5000048,14.0237
image,5000000,5000048,16.4700
image,5000000,5000048,13.8684
image,5000000,5000048,13.8831
image,5000000,5000048,15.3516
image,5000000,5000048,13.9702
image,5000000,5000048,15.1510
image,5000000,5000048,14.2728
image,5000000,5000048,14.3601
image,5000000,5000048,14.1157
image,5000000,5000048,15.5102
image,5000000,5000048,15.5226
image,5000000,5000048,14.6353
image,5000000,5000048,14.0702
image,5000000,5000048,14.0285
image,5000000,5000048,13.8764
image,5000000,5000048,14.0230
image,5000000,5000048,14.1366
image,5000000,5000048,15.4817
image,5000000,5000048,14.1558
image,5000000,5000048,14.1140
image,5000000,5000048,14.0983
image,5000000,5000048,14.1189
image,5000000,5000048,15.4216
image,5000000,5000048,14.1223
image,5000000,5000048,13.7753
image,5000000,5000048,13.8176
image,5000000,5000048,14.0553
image,5000000,5000048,15.3189
image,5000000,5000048,15.2903
image,5000000,5000048,15.1468
image,5000000,5000048,15.3039
image,5000000,5000048,13.8280
image,10000000,10000048,26.3409
image,10000000,10000048,25.2529
image,10000000,10000048,25.9676
image,10000000,10000048,26.6344
image,10000000,10000048,28.0175
image,10000000,10000048,27.2081
image,10000000,10000048,27.8848
image,10000000,10000048,26.8154
image,10000000,10000048,25.6454
image,10000000,10000048,25.7487
image,10000000,10000048,27.0622
image,10000000,10000048,26.0775
image,10000000,10000048,27.3682
image,10000000,10000048,26.1492
image,10000000,10000048,28.3656
image,10000000,10000048,25.1479
image,10000000,10000048,25.8011
image,10000000,10000048,25.2957
image,10000000,10000048,26.9075
image,10000000,10000048,26.8345
image,10000000,10000048,28.9223
image,10000000,10000048,27.5211
image,10000000,10000048,26.1510
image,10000000,10000048,25.8382
image,10000000,10000048,26.2395
image,10000000,10000048,26.3069
image,10000000,10000048,27.5845
image,10000000,10000048,27.9206
image,10000000,10000048,24.5182
image,10000000,10000048,23.8150
image,10000000,10000048,26.7401
image,10000000,10000048,25.8230
image,10000000,10000048,25.9091
image,10000000,10000048,26.0500
image,10000000,10000048,26.8528
image,10000000,10000048,24.4625
image,10000000,10000048,25.1598
image,10000000,10000048,25.3274
image,10000000,10000048,25.9864
image,10000000,10000048,26.0720
image,10000000,10000048,26.0257
image,10000000,10000048,26.1633
image,10000000,10000048,24.3758
image,10000000,10000048,24.5476
image,10000000,10000048,24.6217
image,10000000,10000048,25.4609
image,10000000,10000048,25.9862
image,10000000,10000048,28.4163
image,10000000,10000048,25.8653
image,10000000,10000048,24.3061
image,10000000,10000048,25.5789
image,10000000,10000048,25.3573
image,10000000,10000048,27.6490
image,10000000,10000048,28.3883
image,10000000,10000048,25.9829
image,10000000,10000048,27.6365
image,10000000,10000048,24.4555
image,10000000,10000048,25.2635
image,10000000,10000048,25.5330
image,10000000,10000048,26.8288
image,10000000,10000048,26.4390
image,10000000,10000048,26.4685
image,10000000,10000048,24.4387
image,10000000,10000048,27.4075
image,10000000,10000048,26.2894
image,10000000,10000048,26.4157
image,10000000,10000048,29.2380
image,10000000,10000048,26.3981
image,10000000,10000048,25.6671
image,10000000,10000048,26.4495
image,10000000,10000048,24.9426
image,10000000,10000048,26.1990
image,10000000,10000048,27.2118
image,10000000,10000048,31.1791
image,10000000,10000048,26.2485
image,10000000,10000048,25.4533
image,10000000,10000048,27.5285
image,10000000,10000048,28.0516
image,10000000,10000048,26.2852
image,10000000,10000048,28.8098
image,10000000,10000048,27.0442
image,10000000,10000048,28.9462
image,10000000,10000048,25.3888
image,10000000,10000048,25.4092
image,10000000,10000048,25.1942
image,10000000,10000048,25.5964
image,10000000,10000048,25.8168
image,10000000,10000048,26.1215
image,10000000,10000048,25.4529
image,10000000,10000048,26.2685
image,10000000,10000048,23.1611
image,10000000,10000048,26.5606
image,10000000,10000048,27.5122
image,10000000,10000048,26.0189
image,10000000,10000048,28.9015
image,10000000,10000048,27.8441
image,10000000,10000048,26.6501
image,10000000,10000048,24.5321
image,10000000,10000048,25.2196
image,10000000,10000048,25.5869
image,10000000,10000048,27.8542
image,10000000,10000048,26.2377
image,10000000,10000048,26.7511
image,10000000,10000048,24.3294
image,10000000,10000048,24.5609
image,10000000,10000048,25.2559
image,10000000,10000048,27.2878
image,10000000,10000048,26.0926
image,10000000,10000048,27.1224
image,10000000,10000048,26.7053
image,10000000,10000048,26.5049
image,10000000,10000048,25.9540
image,10000000,10000048,26.4555
image,10000000,10000048,27.0411
image,10000000,10000048,28.6917
image,10000000,10000048,26.2222
image,10000000,10000048,24.6387
image,10000000,10000048,25.4466
image,10000000,10000048,26.0554
image,10000000,10000048,26.2166
image,10000000,10000048,26.3667
image,10000000,10000048,25.8121
image,10000000,10000048,28.5808
image,10000000,10000048,25.7032
image,10000000,10000048,24.4572
image,10000000,10000048,25.3617
image,10000000,10000048,27.6722
image,10000000,10000048,25.7986
image,10000000,10000048,26.1144
image,10000000,10000048,24.7851
image,10000000,10000048,24.2402
image,10000000,10000048,26.9888
image,10000000,10000048,25.8216
image,10000000,10000048,26.9771
image,10000000,10000048,27.8591
image,10000000,10000048,27.2967
image,10000000,10000048,24.7224
image,10000000,10000048,26.9376
image,10000000,10000048,26.1861
image,10000000,10000048,25.8846
image,10000000,10000048,27.8858
image,10000000,10000048,26.4202
image,10000000,10000048,25.7114
image,10000000,10000048,26.8506
image,10000000,10000048,24.9769
image,10000000,10000048,25.6246
image,10000000,10000048,26.1687
image,10000000,10000048,27.4535
image,10000000,10000048,24.7349
image,10000000,10000048,24.5172
image,10000000,10000048,25.9198
image,10000000,10000048,26.2053
image,10000000,10000048,26.8864
image,10000000,10000048,28.7601
image,10000000,10000048,25.5266
image,10000000,10000048,25.7859
image,10000000,10000048,26.9210
image,10000000,10000048,27.7585
image,10000000,10000048,25.7843
image,10000000,10000048,26.0052
image,10000000,10000048,26.7757
image,10000000,10000048,25.3167
image,10000000,10000048,26.5137
image,10000000,10000048,24.5230
image,10000000,10000048,24.7501
image,10000000,10000048,25.7956
image,10000000,10000048,25.7262
image,10000000,10000048,26.5228
image,10000000,10000048,26.1915
image,10000000,10000048,24.0334
image,10000000,10000048,26.0493
image,10000000,10000048,27.0079
image,10000000,10000048,25.4694
image,10000000,10000048,25.9305
image,10000000,10000048,25.1656
image,10000000,10000048,24.2542
image,10000000,10000048,24.9268
image,10000000,10000048,27.1162
image,10000000,10000048,25.4854
image,10000000,10000048,26.4900
image,10000000,10000048,27.1411
image,10000000,10000048,27.5271
image,10000000,10000048,24.3080
image,10000000,10000048,24.3970
image,10000000,10000048,25.5960
image,10000000,10000048,25.1799
image,10000000,10000048,26.0058
image,10000000,10000048,27.2403
image,10000000,10000048,26.0481
image,10000000,10000048,24.3308
image,10000000,10000048,27.0293
image,10000000,10000048,25.2570
image,10000000,10000048,25.4710
image,10000000,10000048,27.5021
image,10000000,10000048,28.1999
image,10000000,10000048,25.9074
image,10000000,10000048,23.2877
image,10000000,10000048,24.4920
image,10000000,10000048,26.1615
image,10000000,10000048,26.5074
image,10000000,10000048,26.8835
image,10000000,10000048,26.3814
image,10000000,10000048,26.9245
image,10000000,10000048,25.2655
image,10000000,10000048,25.3646
image,10000000,10000048,25.9692
image,10000000,10000048,26.5903
image,10000000,10000048,28.6840
image,10000000,10000048,27.3365
image,10000000,10000048,26.4829
image,10000000,10000048,25.3971
image,10000000,10000048,25.6522
image,10000000,10000048,26.2545
image,10000000,10000048,26.4840
image,10000000,10000048,26.7968
image,10000000,10000048,27.2199
image,10000000,10000048,27.5675
image,10000000,10000048,25.2569
image,10000000,10000048,25.4867
image,10000000,10000048,26.0563
image,10000000,10000048,26.4484
image,10000000,10000048,28.5859
image,10000000,10000048,27.2313
image,10000000,10000048,26.2002
image,10000000,10000048,24.2120
image,10000000,10000048,24.6490
image,10000000,10000048,24.9911
image,10000000,10000048,25.6331
image,10000000,10000048,25.7622
image,10000000,10000048,25.7280
image,10000000,10000048,26.3829
image,10000000,10000048,24.3030
image,10000000,10000048,24.5840
image,10000000,10000048,25.1030
image,10000000,10000048,25.9127
image,10000000,10000048,28.0639
image,10000000,10000048,26.0139
image,10000000,10000048,25.5226
image,10000000,10000048,24.7031
image,10000000,10000048,25.1457
image,10000000,10000048,24.9632
image,10000000,10000048,27.1778
image,10000000,10000048,22.3619
image,10000000,10000048,26.5668
image,10000000,10000048,25.7015
image,10000000,10000048,27.1954
image,10000000,10000048,24.3375
image,10000000,10000048,24.8181
image,10000000,10000048,25.6897
image,10000000,10000048,25.7010
image,10000000,10000048,28.5174
image,10000000,10000048,26.0435
image,10000000,10000048,24.5579
image,10000000,10000048,24.9239
image,10000000,10000048,26.0815
image,10000000,10000048,26.0541
image,10000000,10000048,25.7952
image,10000000,10000048,24.5404
image,10000000,10000048,24.1891
image,10000000,10000048,26.4559
image,10000000,10000048,25.4711
image,10000000,10000048,25.7741
image,10000000,10000048,26.8863
image,10000000,10000048,25.2268
image,10000000,10000048,26.0784
image,10000000,10000048,24.7072
image,10000000,10000048,24.9319
image,10000000,10000048,25.6606
image,10000000,10000048,25.8012
image,10000000,10000048,26.1618
image,10000000,10000048,25.9765
image,10000000,10000048,25.1721
image,10000000,10000048,24.2254
image,10000000,10000048,24.8942
image,10000000,10000048,25.1443
image,10000000,10000048,25.6870
image,10000000,10000048,26.1346
image,10000000,10000048,25.2514
image,10000000,10000048,24.2914
image,10000000,10000048,26.9510
image,10000000,10000048,26.4393
image,10000000,10000048,26.4261
image,10000000,10000048,27.2821
image,10000000,10000048,28.4609
image,10000000,10000048,22.9961
image,10000000,10000048,25.0537
image,10000000,10000048,25.5484
image,10000000,10000048,25.7164
image,10000000,10000048,26.2028
image,10000000,10000048,26.2435
image,10000000,10000048,26.4232
image,10000000,10000048,24.2053
image,10000000,10000048,24.5680
image,10000000,10000048,25.6644
image,10000000,10000048,27.8027
image,10000000,10000048,28.0836
image,10000000,10000048,27.8109
image,10000000,10000048,26.5922
image,10000000,10000048,23.7596
image,10000000,10000048,26.5495
image,10000000,10000048,27.6703
image,10000000,10000048,27.0306
image,10000000,10000048,27.0677
image,10000000,10000048,26.9583
image,10000000,10000048,27.3213
image,10000000,10000048,25.3382
image,10000000,10000048,25.4184
image,10000000,10000048,25.8248
image,10000000,10000048,26.3477
image,10000000,10000048,26.6860
image,10000000,10000048,27.7248
image,10000000,10000048,27.8215
image,10000000,10000048,24.4497
image,10000000,10000048,24.4452
image,10000000,10000048,26.9140
image,10000000,10000048,25.6767
image,10000000,10000048,26.1674
image,10000000,10000048,27.8358
image,10000000,10000048,24.4750
image,10000000,10000048,24.7710
image,10000000,10000048,24.3578
image,10000000,10000048,27.6921
image,10000000,10000048,26.1108
image,10000000,10000048,26.2718
image,10000000,10000048,24.2943
image,10000000,10000048,24.1521
image,10000000,10000048,24.5554
image,10000000,10000048,26.8772
image,10000000,10000048,25.7079
image,10000000,10000048,25.9225
image,10000000,10000048,25.7787
image,10000000,10000048,24.3499
image,10000000,10000048,26.5126
image,10000000,10000048,26.2348
image,10000000,10000048,27.2933
image,10000000,10000048,27.7668
image,10000000,10000048,26.1454
image,10000000,10000048,24.4416
image,10000000,10000048,24.3656
image,10000000,10000048,25.7054
image,10000000,10000048,26.9155
image,10000000,10000048,25.8469
image,10000000,10000048,26.0055
image,10000000,10000048,27.3757
image,10000000,10000048,26.5219
image,10000000,10000048,21.9969
image,10000000,10000048,23.7708
image,10000000,10000048,25.4468
image,10000000,10000048,25.8274
image,10000000,10000048,25.9079
image,10000000,10000048,26.5938
image,10000000,10000048,24.0886
image,10000000,10000048,25.4895
image,10000000,10000048,25.4182
image,10000000,10000048,26.2219
image,10000000,10000048,26.8594
image,10000000,10000048,25.9571
image,10000000,10000048,26.7717
image,10000000,10000048,24.0949
image,10000000,10000048,26.7312
image,10000000,10000048,25.2385
image,10000000,10000048,25.9636
image,10000000,10000048,26.6903
image,10000000,10000048,26.2759
image,10000000,10000048,25.0158
image,10000000,10000048,24.8039
image,10000000,10000048,25.4556
image,10000000,10000048,24.5557
image,10000000,10000048,26.0558
image,10000000,10000048,26.4515
image,10000000,10000048,26.7140
image,10000000,10000048,26.6259
image,10000000,10000048,26.9312
image,10000000,10000048,25.7967
image,10000000,10000048,25.9281
image,10000000,10000048,26.0646
image,10000000,10000048,27.0703
image,10000000,10000048,24.4586
image,10000000,10000048,25.1292
image,10000000,10000048,25.8022
image,10000000,10000048,20.2077
image,10000000,10000048,26.3391
image,10000000,10000048,24.7252
image,10000000,10000048,24.0080
image,10000000,10000048,24.8371
image,10000000,10000048,26.6898
image,10000000,10000048,26.9460
image,10000000,10000048,27.4434
image,10000000,10000048,24.4282
image,10000000,10000048,26.0142
image,10000000,10000048,25.2442
image,10000000,10000048,25.5809
image,10000000,10000048,25.8793
image,10000000,10000048,26.0254
image,10000000,10000048,24.0198
image,10000000,10000048,24.9243
image,10000000,10000048,25.5419
image,10000000,10000048,26.0190
image,10000000,10000048,26.1404
image,10000000,10000048,24.3343
image,10000000,10000048,24.0854
image,10000000,10000048,26.1147
image,10000000,10000048,26.0037
image,10000000,10000048,25.5750
image,10000000,10000048,26.2936
image,10000000,10000048,25.7891
image,10000000,10000048,25.3923
image,10000000,10000048,25.7467
image,10000000,10000048,26.6542
image,10000000,10000048,25.5378
image,10000000,10000048,26.3744
image,10000000,10000048,25.5729
image,10000000,10000048,24.7555
image,10000000,10000048,27.2165
image,10000000,10000048,26.0371
image,10000000,10000048,26.3106
image,10000000,10000048,26.5070
image,10000000,10000048,24.6702
image,10000000,10000048,24.3990
image,10000000,10000048,25.1215
image,10000000,10000048,27.3056
image,10000000,10000048,26.2175
image,10000000,10000048,26.1843
image,10000000,10000048,25.6544
image,10000000,10000048,24.6005
image,10000000,10000048,26.6478
image,10000000,10000048,25.5517
image,10000000,10000048,25.8873
image,10000000,10000048,26.2328
image,10000000,10000048,26.3618
image,10000000,10000048,25.9099
image,10000000,10000048,24.5185
image,10000000,10000048,25.1053
image,10000000,10000048,26.0357
image,10000000,10000048,25.7051
image,10000000,10000048,26.3265
image,10000000,10000048,26.5892
image,10000000,10000048,24.0467
image,10000000,10000048,25.1128
image,10000000,10000048,27.7040
image,10000000,10000048,26.2075
image,10000000,10000048,25.0282
image,10000000,10000048,25.8476
image,10000000,10000048,24.7009
image,10000000,10000048,27.1280
image,10000000,10000048,25.7736
image,10000000,10000048,27.7419
image,10000000,10000048,26.2832
image,10000000,10000048,28.6594
image,10000000,10000048,27.5761
image,10000000,10000048,26.7070
image,10000000,10000048,24.8959
image,10000000,10000048,25.8777
image,10000000,10000048,17.9433
image,10000000,10000048,26.2698
image,10000000,10000048,26.5218
image,10000000,10000048,25.7946
image,10000000,10000048,24.4381
image,10000000,10000048,24.8452
image,10000000,10000048,25.4670
image,10000000,10000048,26.0832
image,10000000,10000048,26.3464
image,10000000,10000048,26.6164
image,10000000,10000048,24.2652
image,10000000,10000048,24.4950
image,10000000,10000048,25.1281
image,10000000,10000048,25.5597
image,10000000,10000048,25.9275
image,10000000,10000048,26.3349
image,10000000,10000048,25.9867
image,10000000,10000048,25.8916
image,10000000,10000048,24.3394
image,10000000,10000048,24.9750
image,10000000,10000048,25.8790
image,10000000,10000048,29.8977
image,10000000,10000048,26.3133
image,10000000,10000048,27.9985
image,10000000,10000048,24.3794
image,10000000,10000048,24.9632
image,10000000,10000048,25.4820
image,10000000,10000048,25.6650
image,10000000,10000048,27.7070
image,10000000,10000048,26.3077
image,10000000,10000048,26.6131
image,10000000,10000048,25.7875
image,10000000,10000048,24.3839
image,10000000,10000048,24.7846
image,10000000,10000048,27.2460
image,10000000,10000048,27.5266
image,10000000,10000048,26.3771
image,10000000,10000048,26.1675
image,10000000,10000048,26.9300
image,10000000,10000048,23.9679
image,10000000,10000048,25.1518
image,10000000,10000048,26.2092
image,10000000,10000048,27.6710
image,10000000,10000048,26.1187
image,10000000,10000048,26.4965
image,10000000,10000048,26.7515
image,10000000,10000048,24.2365
image,10000000,10000048,24.3511
image,10000000,10000048,25.0225
image,10000000,10000048,25.4043
image,10000000,10000048,26.2432
image,10000000,10000048,26.1966
image,10000000,10000048,28.2074
image,10000000,10000048,26.5978
image,10000000,10000048,25.5624
image,10000000,10000048,26.5313
image,10000000,10000048,24.4810
image,10000000,10000048,27.2995
image,10000000,10000048,25.9868
image,10000000,10000048,25.9431
image,10000000,10000048,26.4165
image,10000000,10000048,25.7958
image,10000000,10000048,25.0428
image,10000000,10000048,25.0314
image,10000000,10000048,26.4101
image,10000000,10000048,26.0516
image,10000000,10000048,26.4246
image,10000000,10000048,22.2513
image,10000000,10000048,27.8447
image,10000000,10000048,24.2030
image,10000000,10000048,25.7103
image,10000000,10000048,25.6665
image,10000000,10000048,26.9464
image,10000000,10000048,26.3484
image,10000000,10000048,26.3642
image,10000000,10000048,26.4628
image,10000000,10000048,25.4587
image,10000000,10000048,25.1187
image,10000000,10000048,28.1468
image,10000000,10000048,26.0588
image,10000000,10000048,26.7482
image,10000000,10000048,28.3112
image,10000000,10000048,26.6836
image,10000000,10000048,24.9268
image,10000000,10000048,24.8931
image,10000000,10000048,25.5704
image,30000000,30000048,45.7509
image,30000000,30000048,47.2254
image,30000000,30000048,48.7682
image,30000000,30000048,46.1551
image,30000000,30000048,46.0855
image,30000000,30000048,45.6992
image,30000000,30000048,46.8300
image,30000000,30000048,45.4762
image,30000000,30000048,47.0716
image,30000000,30000048,48.5638
image,30000000,30000048,49.8437
image,30000000,30000048,58.6426
image,30000000,30000048,41.8077
image,30000000,30000048,43.9998
image,30000000,30000048,43.8005
image,30000000,30000048,45.8013
image,30000000,30000048,47.3545
image,30000000,30000048,58.5469
image,30000000,30000048,48.2283
image,30000000,30000048,61.2637
image,30000000,30000048,64.4322
image,30000000,30000048,46.7607
image,30000000,30000048,44.3779
image,30000000,30000048,45.6761
image,30000000,30000048,46.9498
image,30000000,30000048,50.4497
image,30000000,30000048,47.9169
image,30000000,30000048,45.8847
image,30000000,30000048,45.3302
image,30000000,30000048,47.7806
image,30000000,30000048,40.7678
image,30000000,30000048,44.1225
image,30000000,30000048,45.1196
image,30000000,30000048,46.9282
image,30000000,30000048,47.8594
image,30000000,30000048,44.0764
image,30000000,30000048,46.0083
image,30000000,30000048,42.4231
image,30000000,30000048,42.7633
image,30000000,30000048,44.2803
image,30000000,30000048,46.1709
image,30000000,30000048,46.0820
image,30000000,30000048,46.8335
image,30000000,30000048,48.9185
image,30000000,30000048,47.4800
image,30000000,30000048,45.9714
image,30000000,30000048,44.6215
image,30000000,30000048,45.4505
image,30000000,30000048,45.2873
image,30000000,30000048,49.8219
image,30000000,30000048,48.8434
image,30000000,30000048,48.0864
image,30000000,30000048,48.3452
image,30000000,30000048,47.5716
image,30000000,30000048,46.1279
image,30000000,30000048,44.7823
image,30000000,30000048,65.8328
image,30000000,30000048,43.2365
image,30000000,30000048,44.2850
image,30000000,30000048,44.4105
image,30000000,30000048,45.9724
image,30000000,30000048,49.8118
image,30000000,30000048,49.0117
image,30000000,30000048,49.9682
image,30000000,30000048,46.7089
image,30000000,30000048,45.0663
image,30000000,30000048,45.1678
image,30000000,30000048,45.5996
image,30000000,30000048,46.4053
image,30000000,30000048,47.4901
image,30000000,30000048,46.2044
image,30000000,30000048,46.8416
image,30000000,30000048,48.1627
image,30000000,30000048,46.7014
image,30000000,30000048,44.7345
image,30000000,30000048,44.9221
image,30000000,30000048,44.4514
image,30000000,30000048,45.3077
image,30000000,30000048,56.0405
image,30000000,30000048,50.3347
image,30000000,30000048,48.6320
image,30000000,30000048,48.5505
image,30000000,30000048,48.4908
image,30000000,30000048,45.8670
image,30000000,30000048,43.3467
image,30000000,30000048,44.6068
image,30000000,30000048,45.0564
image,30000000,30000048,45.5022
image,30000000,30000048,45.2450
image,30000000,30000048,42.9402
image,30000000,30000048,47.9518
image,30000000,30000048,49.1185
image,30000000,30000048,48.1209
image,30000000,30000048,45.8676
image,30000000,30000048,48.6741
image,30000000,30000048,44.0423
image,30000000,30000048,44.7394
image,30000000,30000048,57.4909
image,30000000,30000048,46.1580
image,30000000,30000048,46.8863
image,30000000,30000048,48.2833
image,30000000,30000048,47.4241
image,30000000,30000048,44.7409
image,30000000,30000048,46.1174
image,30000000,30000048,59.5256
image,30000000,30000048,47.3000
image,30000000,30000048,46.1180
image,30000000,30000048,46.2358
image,30000000,30000048,48.2598
image,30000000,30000048,48.2918
image,30000000,30000048,46.5688
image,30000000,30000048,44.3803
image,30000000,30000048,44.9421
image,30000000,30000048,44.6104
image,30000000,30000048,49.7705
image,30000000,30000048,45.9333
image,30000000,30000048,46.2836
image,30000000,30000048,47.9990
image,30000000,30000048,48.3747
image,30000000,30000048,48.6536
image,30000000,30000048,46.2273
image,30000000,30000048,67.5262
image,30000000,30000048,48.2699
image,30000000,30000048,53.4595
image,30000000,30000048,58.6589
image,30000000,30000048,51.0828
image,30000000,30000048,48.8521
image,30000000,30000048,53.6271
image,30000000,30000048,44.2227
image,30000000,30000048,43.2055
image,30000000,30000048,44.8268
image,30000000,30000048,42.4968
image,30000000,30000048,45.3870
image,30000000,30000048,46.9543
image,30000000,30000048,51.2493
image,30000000,30000048,48.7914
image,30000000,30000048,49.6085
image,30000000,30000048,49.7717
image,30000000,30000048,44.1226
image,30000000,30000048,43.7354
image,30000000,30000048,44.4864
image,30000000,30000048,45.6700
image,30000000,30000048,45.4585
image,30000000,30000048,43.4849
image,30000000,30000048,41.9124
image,30000000,30000048,48.1430
image,30000000,30000048,42.1488
image,30000000,30000048,43.2993
image,30000000,30000048,42.0100
image,30000000,30000048,45.8257
image,30000000,30000048,47.7075
image,30000000,30000048,60.9249
image,30000000,30000048,49.2417
image,30000000,30000048,48.9223
image,30000000,30000048,45.6461
image,30000000,30000048,46.5627
image,30000000,30000048,47.3211
image,30000000,30000048,46.2551
image,30000000,30000048,48.0543
image,30000000,30000048,42.9707
image,30000000,30000048,49.4831
image,30000000,30000048,47.3493
image,30000000,30000048,46.2940
image,30000000,30000048,46.9021
image,30000000,30000048,47.1291
image,30000000,30000048,47.5143
image,30000000,30000048,56.5942
image,30000000,30000048,49.0893
image,30000000,30000048,49.8186
image,30000000,30000048,49.7883
image,30000000,30000048,47.8114
image,30000000,30000048,46.5561
image,30000000,30000048,45.9815
image,30000000,30000048,46.5153
image,30000000,30000048,51.0384
image,30000000,30000048,65.9282
image,30000000,30000048,56.7978
image,30000000,30000048,46.5699
image,30000000,30000048,43.7609
image,30000000,30000048,113.1671
image,30000000,30000048,78.3671
image,30000000,30000048,47.3818
image,30000000,30000048,48.9604
image,30000000,30000048,61.7658
image,30000000,30000048,44.9241
image,30000000,30000048,60.1906
image,30000000,30000048,42.2358
image,30000000,30000048,43.6320
image,30000000,30000048,44.6236
image,30000000,30000048,51.8499
image,30000000,30000048,43.2903
image,30000000,30000048,47.0504
image,30000000,30000048,48.1055
image,30000000,30000048,45.8964
image,30000000,30000048,47.9133
image,30000000,30000048,46.5899
image,30000000,30000048,47.2925
image,30000000,30000048,46.6590
image,30000000,30000048,52.5730
image,30000000,30000048,50.1169
image,30000000,30000048,56.8537
image,30000000,30000048,47.1409
image,30000000,30000048,44.3428
image,30000000,30000048,44.8730
image,30000000,30000048,44.8509
image,30000000,30000048,48.5947
image,30000000,30000048,48.9125
image,30000000,30000048,59.3179
image,30000000,30000048,48.5969
image,30000000,30000048,47.3376
image,30000000,30000048,46.3505
image,30000000,30000048,45.0574
image,30000000,30000048,45.2526
image,30000000,30000048,59.3997
image,30000000,30000048,48.4384
image,30000000,30000048,56.2869
image,30000000,30000048,46.0736
image,30000000,30000048,46.1067
image,30000000,30000048,48.0248
image,30000000,30000048,49.5998
image,30000000,30000048,46.2430
image,30000000,30000048,44.3438
image,30000000,30000048,43.8096
image,30000000,30000048,44.8331
image,30000000,30000048,44.1301
image,30000000,30000048,52.4898
image,30000000,30000048,48.4278
image,30000000,30000048,52.7350
image,30000000,30000048,50.6375
image,30000000,30000048,67.1266
image,30000000,30000048,58.6618
image,30000000,30000048,44.3126
image,30000000,30000048,44.1521
image,30000000,30000048,45.8209
image,30000000,30000048,47.5024
image,30000000,30000048,48.8101
image,30000000,30000048,48.2804
image,30000000,30000048,48.8037
image,30000000,30000048,71.5427
image,30000000,30000048,596.2209
image,30000000,30000048,519.3672
image,30000000,30000048,532.5811
image,30000000,30000048,549.8458
image,30000000,30000048,462.8581
image,30000000,30000048,373.7489
image,30000000,30000048,311.9866
image,30000000,30000048,615.9996
image,30000000,30000048,539.4193
image,30000000,30000048,457.4970
image,30000000,30000048,367.0024
image,30000000,30000048,280.8715
image,30000000,30000048,189.9690
image,30000000,30000048,996.2568
image,30000000,30000048,913.5780
image,30000000,30000048,822.6849
image,30000000,30000048,731.4226
image,30000000,30000048,639.4690
image,30000000,30000048,559.1904
image,30000000,30000048,468.1610
image,30000000,30000048,377.4695
image,30000000,30000048,287.7628
image,30000000,30000048,536.1614
image,30000000,30000048,498.1262
image,30000000,30000048,440.7125
image,30000000,30000048,455.6294
image,30000000,30000048,467.3229
image,30000000,30000048,378.5330
image,30000000,30000048,830.8422
image,30000000,30000048,1061.7983
image,30000000,30000048,984.1589
image,30000000,30000048,892.8343
image,30000000,30000048,806.2048
image,30000000,30000048,717.8159
image,30000000,30000048,625.5314
image,30000000,30000048,920.9867
image,30000000,30000048,978.0449
image,30000000,30000048,887.1853
image,30000000,30000048,831.3059
image,30000000,30000048,741.0036
image,30000000,30000048,944.4650
image,30000000,30000048,887.5034
image,30000000,30000048,800.2891
image,30000000,30000048,715.4835
image,30000000,30000048,646.1844
image,30000000,30000048,791.6976
image,30000000,30000048,702.3564
image,30000000,30000048,616.1523
image,30000000,30000048,528.3963
image,30000000,30000048,967.4111
image,30000000,30000048,1021.7280
image,30000000,30000048,937.0644
image,30000000,30000048,929.7045
image,30000000,30000048,842.0106
image,30000000,30000048,752.5135
image,30000000,30000048,630.9779
image,30000000,30000048,913.0153
image,30000000,30000048,880.3826
image,30000000,30000048,967.9004
image,30000000,30000048,895.8726
image,30000000,30000048,809.3017
image,30000000,30000048,946.4326
image,30000000,30000048,955.2431
image,30000000,30000048,885.2692
image,30000000,30000048,920.8713
image,30000000,30000048,932.3253
image,30000000,30000048,961.2126
image,30000000,30000048,889.3506
image,30000000,30000048,823.9039
image,30000000,30000048,734.7985
image,30000000,30000048,649.1419
image,30000000,30000048,585.0353
image,30000000,30000048,499.9944
image,30000000,30000048,962.7147
image,30000000,30000048,871.8854
image,30000000,30000048,782.0569
image,30000000,30000048,693.4201
image,30000000,30000048,604.5017
image,30000000,30000048,530.8797
image,30000000,30000048,615.2203
image,30000000,30000048,575.0325
image,30000000,30000048,485.7363
image,30000000,30000048,943.6239
image,30000000,30000048,988.1957
image,30000000,30000048,934.6619
image,30000000,30000048,877.0603
image,30000000,30000048,808.7302
image,30000000,30000048,737.2476
image,30000000,30000048,646.4108
image,30000000,30000048,777.5005
image,30000000,30000048,1018.6307
image,30000000,30000048,929.9603
image,30000000,30000048,869.2729
image,30000000,30000048,970.8663
image,30000000,30000048,894.7184
image,30000000,30000048,809.1885
image,30000000,30000048,719.0352
image,30000000,30000048,629.0489
image,30000000,30000048,944.1084
image,30000000,30000048,891.8983
image,30000000,30000048,841.0516
image,30000000,30000048,1019.9410
image,30000000,30000048,939.4682
image,30000000,30000048,878.2311
image,30000000,30000048,1029.4167
image,30000000,30000048,950.6289
image,30000000,30000048,862.4810
image,30000000,30000048,822.9848
image,30000000,30000048,743.1176
image,30000000,30000048,665.3468
image,30000000,30000048,639.3342
image,30000000,30000048,558.8886
image,30000000,30000048,469.2595
image,30000000,30000048,378.2863
image,30000000,30000048,624.2781
image,30000000,30000048,647.9624
image,30000000,30000048,629.0363
image,30000000,30000048,540.5829
image,30000000,30000048,450.2398
image,30000000,30000048,358.5821
image,30000000,30000048,637.7160
image,30000000,30000048,553.4647
image,30000000,30000048,837.4308
image,30000000,30000048,750.3140
image,30000000,30000048,674.3986
image,30000000,30000048,582.9893
image,30000000,30000048,774.6729
image,30000000,30000048,685.0345
image,30000000,30000048,596.0415
image,30000000,30000048,526.6195
image,30000000,30000048,409.2794
image,30000000,30000048,347.6396
image,30000000,30000048,255.6617
image,30000000,30000048,171.6652
image,30000000,30000048,152.1526
image,30000000,30000048,66.7361
image,30000000,30000048,59.8611
image,30000000,30000048,44.0477
image,30000000,30000048,48.0029
image,30000000,30000048,48.6429
image,30000000,30000048,45.7417
image,30000000,30000048,44.3159
image,30000000,30000048,45.1788
image,30000000,30000048,45.9764
image,30000000,30000048,56.1870
image,30000000,30000048,60.1371
image,30000000,30000048,45.2904
image,30000000,30000048,44.6397
image,30000000,30000048,45.3005
image,30000000,30000048,46.4944
image,30000000,30000048,46.0788
image,30000000,30000048,46.5561
image,30000000,30000048,47.9193
image,30000000,30000048,48.0546
image,30000000,30000048,46.3443
image,30000000,30000048,45.8347
image,30000000,30000048,45.7095
image,30000000,30000048,65.0177
image,30000000,30000048,60.9795
image,30000000,30000048,47.1473
image,30000000,30000048,73.7653
image,30000000,30000048,44.7169
image,30000000,30000048,44.2082
image,30000000,30000048,44.2621
image,30000000,30000048,55.3018
image,30000000,30000048,47.2715
image,30000000,30000048,48.4920
image,30000000,30000048,48.9870
image,30000000,30000048,49.7687
image,30000000,30000048,49.1848
image,30000000,30000048,48.6897
image,30000000,30000048,47.5717
image,30000000,30000048,49.2653
image,30000000,30000048,47.8185
image,30000000,30000048,54.1929
image,30000000,30000048,51.6673
image,30000000,30000048,52.7923
image,30000000,30000048,53.5842
image,30000000,30000048,41.1282
image,30000000,30000048,45.1979
image,30000000,30000048,56.9039
image,30000000,30000048,45.3099
image,30000000,30000048,46.6834
image,30000000,30000048,53.0520
image,30000000,30000048,51.3301
image,30000000,30000048,57.4268
image,30000000,30000048,55.5356
image,30000000,30000048,47.4790
image,30000000,30000048,43.1803
image,30000000,30000048,41.4966
image,30000000,30000048,55.6151
image,30000000,30000048,45.5622
image,30000000,30000048,42.4808
image,30000000,30000048,47.7623
image,30000000,30000048,70.6174
image,30000000,30000048,42.8274
image,30000000,30000048,46.0302
image,30000000,30000048,44.6073
image,30000000,30000048,44.0030
image,30000000,30000048,60.3655
image,30000000,30000048,48.4181
image,30000000,30000048,47.5923
image,30000000,30000048,45.9865
image,30000000,30000048,56.4397
image,30000000,30000048,53.3303
image,30000000,30000048,49.6718
image,30000000,30000048,46.9370
image,30000000,30000048,47.9979
image,30000000,30000048,58.3954
image,30000000,30000048,47.2125
image,30000000,30000048,47.9098
image,30000000,30000048,46.2802
image,30000000,30000048,44.2082
image,30000000,30000048,45.0391
image,30000000,30000048,44.9112
image,30000000,30000048,46.9304
image,30000000,30000048,46.6074
image,30000000,30000048,50.6229
image,30000000,30000048,48.6018
image,30000000,30000048,45.5611
image,30000000,30000048,55.9801
image,30000000,30000048,48.5064
image,30000000,30000048,47.5087
image,30000000,30000048,45.4164
image,30000000,30000048,48.7626
image,30000000,30000048,49.1449
image,30000000,30000048,60.1070
image,30000000,30000048,48.9316
image,30000000,30000048,52.8782
image,30000000,30000048,52.8437
image,30000000,30000048,46.2994
image,30000000,30000048,47.9966
image,30000000,30000048,48.9064
image,30000000,30000048,50.2104
image,50000000,50000048,1232.1585
image,50000000,50000048,1247.2372
image,50000000,50000048,1237.4365
image,50000000,50000048,1191.6216
image,50000000,50000048,1146.5301
image,50000000,50000048,1135.1608
image,50000000,50000048,1364.3535
image,50000000,50000048,1362.5857
image,50000000,50000048,1305.3366
image,50000000,50000048,1220.0139
image,50000000,50000048,1293.5268
image,50000000,50000048,1348.7650
image,50000000,50000048,1286.2517
image,50000000,50000048,1276.6662
image,50000000,50000048,1310.1384
image,50000000,50000048,1263.5175
image,50000000,50000048,1374.1190
image,50000000,50000048,1326.5598
image,50000000,50000048,1399.5636
image,50000000,50000048,1331.8160
image,50000000,50000048,1257.6907
image,50000000,50000048,1297.7510
image,50000000,50000048,1317.6619
image,50000000,50000048,1294.7528
image,50000000,50000048,1336.2298
image,50000000,50000048,1254.0245
image,50000000,50000048,1169.2970
image,50000000,50000048,1256.5466
image,50000000,50000048,1222.8690
image,50000000,50000048,1183.0207
image,50000000,50000048,1230.2303
image,50000000,50000048,1266.8392
image,50000000,50000048,1179.2154
image,50000000,50000048,1255.3030
image,50000000,50000048,1260.5124
image,50000000,50000048,1333.8079
image,50000000,50000048,1210.4107
image,50000000,50000048,1128.5074
image,50000000,50000048,1087.0324
image,50000000,50000048,1383.9736
image,50000000,50000048,1291.5117
image,50000000,50000048,1211.7251
image,50000000,50000048,1289.2951
image,50000000,50000048,1310.8849
image,50000000,50000048,1279.9495
image,50000000,50000048,1275.8752
image,50000000,50000048,1280.7851
image,50000000,50000048,1252.5232
image,50000000,50000048,1214.4679
image,50000000,50000048,1297.3326
image,50000000,50000048,1284.5881
image,50000000,50000048,1233.4186
image,50000000,50000048,1322.3166
image,50000000,50000048,1372.7205
image,50000000,50000048,1510.2123
image,50000000,50000048,1459.7044
image,50000000,50000048,1445.6966
image,50000000,50000048,1359.8936
image,50000000,50000048,1246.9469
image,50000000,50000048,1205.4602
image,50000000,50000048,1161.4525
image,50000000,50000048,1117.3869
image,50000000,50000048,1261.5891
image,50000000,50000048,1369.3457
image,50000000,50000048,1334.5005
image,50000000,50000048,1329.0802
image,50000000,50000048,1434.8426
image,50000000,50000048,1385.8455
image,50000000,50000048,1334.0375
image,50000000,50000048,1373.2617
image,50000000,50000048,1393.6879
image,50000000,50000048,1234.9401
image,50000000,50000048,1284.5288
image,50000000,50000048,1311.9868
image,50000000,50000048,1235.7084
image,50000000,50000048,1311.0032
image,50000000,50000048,1325.3676
image,50000000,50000048,1269.0458
image,50000000,50000048,1292.3171
image,50000000,50000048,1281.4238
image,50000000,50000048,1298.9985
image,50000000,50000048,1287.1216
image,50000000,50000048,1196.4936
image,50000000,50000048,1142.2899
image,50000000,50000048,1189.9832
image,50000000,50000048,1277.0969
image,50000000,50000048,1306.3888
image,50000000,50000048,1292.7860
image,50000000,50000048,1249.6807
image,50000000,50000048,1291.2436
image,50000000,50000048,1230.5133
image,50000000,50000048,1225.5987
image,50000000,50000048,1350.8712
image,50000000,50000048,1349.6743
image,50000000,50000048,1303.4186
image,50000000,50000048,1270.8823
image,100000000,100000048,2581.3224
image,100000000,100000048,2600.3701
image,100000000,100000048,2704.2885
image,100000000,100000048,2592.8138
image,100000000,100000048,2521.7082
image,100000000,100000048,2386.9393
image,100000000,100000048,2464.2019
image,100000000,100000048,2500.2309
image,100000000,100000048,2577.0214
image,100000000,100000048,2543.1688
image,100000000,100000048,2428.8099
image,100000000,100000048,2505.0291
image,100000000,100000048,2530.7960
image,100000000,100000048,2589.7704
image,100000000,100000048,2572.5704
image,100000000,100000048,2544.1894
image,100000000,100000048,2532.1084
image,100000000,100000048,2517.3618
image,100000000,100000048,2646.4318
image,100000000,100000048,2474.1806
image,100000000,100000048,2413.0179
image,100000000,100000048,2599.1281
image,100000000,100000048,2682.4164
image,100000000,100000048,2586.3065
image,100000000,100000048,2815.0424
image,100000000,100000048,2638.4956
