message_type,element_count,serialized_bytes,latency_ms
image,10000,10048,0.5846
image,10000,10048,0.4712
image,10000,10048,0.4977
image,10000,10048,0.3577
image,10000,10048,0.4432
image,10000,10048,0.5239
image,10000,10048,0.3850
image,10000,10048,0.4548
image,10000,10048,0.6979
image,10000,10048,0.6578
image,10000,10048,0.6345
image,10000,10048,0.6406
image,10000,10048,0.4349
image,10000,10048,0.3931
image,10000,10048,0.4465
image,10000,10048,0.5115
image,10000,10048,0.5118
image,10000,10048,0.3895
image,10000,10048,0.5325
image,10000,10048,0.5131
image,10000,10048,0.4327
image,10000,10048,0.4355
image,10000,10048,0.4419
image,10000,10048,0.4369
image,10000,10048,0.5690
image,10000,10048,0.4486
image,10000,10048,0.4456
image,10000,10048,0.5344
image,10000,10048,0.4334
image,10000,10048,0.6076
image,10000,10048,0.6676
image,10000,10048,0.5823
image,10000,10048,0.5496
image,10000,10048,0.5313
image,10000,10048,0.5256
image,10000,10048,0.5033
image,10000,10048,0.5065
image,10000,10048,0.4540
image,10000,10048,0.4791
image,10000,10048,0.5267
image,10000,10048,0.4400
image,10000,10048,0.4586
image,10000,10048,0.5007
image,10000,10048,0.4620
image,10000,10048,0.5305
image,10000,10048,0.5021
image,10000,10048,0.4356
image,10000,10048,0.4048
image,10000,10048,0.5665
image,10000,10048,0.5564
image,10000,10048,0.7407
image,10000,10048,0.5809
image,10000,10048,0.4927
image,10000,10048,0.4418
image,10000,10048,0.6966
image,10000,10048,0.5787
image,10000,10048,0.5375
image,10000,10048,0.5617
image,10000,10048,0.5733
image,10000,10048,0.6142
image,10000,10048,0.5224
image,10000,10048,0.5330
image,10000,10048,0.5632
image,10000,10048,0.5306
image,10000,10048,0.5699
image,10000,10048,0.3712
image,10000,10048,0.6339
image,10000,10048,0.5440
image,10000,10048,0.5572
image,10000,10048,0.5914
image,10000,10048,0.5252
image,10000,10048,0.5788
image,10000,10048,0.3627
image,10000,10048,0.6248
image,10000,10048,0.6359
image,10000,10048,0.5782
image,10000,10048,0.5272
image,10000,10048,0.5432
image,10000,10048,0.5420
image,10000,10048,0.5992
image,10000,10048,0.5322
image,10000,10048,0.5179
image,10000,10048,0.5212
image,10000,10048,0.5593
image,10000,10048,0.6104
image,10000,10048,0.5378
image,10000,10048,0.5330
image,10000,10048,0.5372
image,10000,10048,0.5355
image,10000,10048,0.6047
image,10000,10048,0.5244
image,10000,10048,0.6595
image,10000,10048,0.6286
image,10000,10048,0.6056
image,10000,10048,0.5856
image,10000,10048,0.5551
image,10000,10048,0.5392
image,10000,10048,0.5156
image,10000,10048,0.6156
image,10000,10048,0.5911
image,10000,10048,0.5658
image,10000,10048,0.5353
image,10000,10048,0.5334
image,10000,10048,0.5305
image,10000,10048,0.5880
image,10000,10048,0.5550
image,10000,10048,0.5305
image,10000,10048,0.5196
image,10000,10048,0.5509
image,10000,10048,0.5734
image,10000,10048,0.5870
image,10000,10048,0.5351
image,10000,10048,0.6370
image,10000,10048,0.6129
image,10000,10048,0.6397
image,10000,10048,0.5854
image,10000,10048,0.5472
image,10000,10048,0.5411
image,10000,10048,0.5280
image,10000,10048,0.6227
image,10000,10048,0.5315
image,10000,10048,0.5428
image,10000,10048,0.5194
image,10000,10048,0.5349
image,10000,10048,0.5500
image,10000,10048,0.5603
image,10000,10048,0.5243
image,10000,10048,0.5223
image,10000,10048,0.5607
image,10000,10048,0.5787
image,10000,10048,0.5308
image,10000,10048,0.5388
image,10000,10048,0.6368
image,10000,10048,0.5544
image,10000,10048,0.5870
image,10000,10048,0.5846
image,10000,10048,0.5337
image,10000,10048,0.5382
image,10000,10048,0.5401
image,10000,10048,0.5736
image,10000,10048,0.5556
image,10000,10048,0.5337
image,10000,10048,0.5313
image,10000,10048,0.5401
image,10000,10048,0.5795
image,10000,10048,0.5652
image,10000,10048,0.5705
image,10000,10048,0.5508
image,10000,10048,0.5502
image,10000,10048,0.5750
image,10000,10048,0.5358
image,10000,10048,0.5258
image,10000,10048,0.5630
image,10000,10048,0.6106
image,10000,10048,0.5367
image,10000,10048,0.6546
image,10000,10048,0.5352
image,10000,10048,0.4819
image,10000,10048,0.5597
image,10000,10048,0.5628
image,10000,10048,0.5309
image,10000,10048,0.5373
image,10000,10048,0.5428
image,10000,10048,0.5344
image,10000,10048,0.5749
image,10000,10048,0.5583
image,10000,10048,0.5308
image,10000,10048,0.5421
image,10000,10048,0.5363
image,10000,10048,0.5688
image,10000,10048,0.5389
image,10000,10048,0.5311
image,10000,10048,0.5311
image,10000,10048,0.6369
image,10000,10048,0.5975
image,10000,10048,0.5720
image,10000,10048,0.5765
image,10000,10048,0.5332
image,10000,10048,0.5541
image,10000,10048,0.5748
image,10000,10048,0.5312
image,10000,10048,0.4655
image,10000,10048,0.5463
image,10000,10048,0.5394
image,10000,10048,0.5569
image,10000,10048,0.5742
image,10000,10048,0.5305
image,10000,10048,0.5401
image,10000,10048,0.5431
image,10000,10048,0.5729
image,10000,10048,0.5367
image,10000,10048,0.5263
image,10000,10048,0.5541
image,10000,10048,0.5927
image,10000,10048,0.6112
image,10000,10048,0.5581
image,10000,10048,0.5869
image,10000,10048,0.5034
image,10000,10048,0.5535
image,10000,10048,0.5648
image,10000,10048,0.5525
image,10000,10048,0.5297
image,10000,10048,0.5412
image,10000,10048,0.5413
image,10000,10048,0.5882
image,10000,10048,0.5532
image,10000,10048,0.5488
image,10000,10048,0.5389
image,10000,10048,0.5286
image,10000,10048,0.5653
image,10000,10048,0.5373
image,10000,10048,0.5588
image,10000,10048,0.5328
image,10000,10048,0.5347
image,10000,10048,0.6390
image,10000,10048,0.5771
image,10000,10048,0.5450
image,10000,10048,0.5272
image,10000,10048,0.5836
image,10000,10048,0.5859
image,10000,10048,0.5365
image,10000,10048,0.5276
image,10000,10048,0.5238
image,10000,10048,0.5251
image,10000,10048,0.5639
image,10000,10048,0.5552
image,10000,10048,0.5386
image,10000,10048,0.5338
image,10000,10048,0.5229
image,10000,10048,0.5734
image,10000,10048,0.5412
image,10000,10048,0.5284
image,10000,10048,0.5356
image,10000,10048,0.5299
image,10000,10048,0.5668
image,10000,10048,0.5509
image,10000,10048,0.5404
image,10000,10048,0.5290
image,10000,10048,0.5843
image,10000,10048,0.5693
image,10000,10048,0.5351
image,10000,10048,0.5212
image,10000,10048,0.5333
image,10000,10048,0.5226
image,10000,10048,0.5509
image,10000,10048,0.5532
image,10000,10048,0.5518
image,10000,10048,0.5156
image,10000,10048,0.5349
image,10000,10048,0.5678
image,10000,10048,0.5298
image,10000,10048,0.5233
image,10000,10048,0.5329
image,10000,10048,0.5243
image,10000,10048,0.5539
image,10000,10048,0.6629
image,10000,10048,0.5351
image,10000,10048,0.5367
image,10000,10048,0.5283
image,10000,10048,0.6504
image,10000,10048,0.5289
image,10000,10048,0.5151
image,10000,10048,0.5220
image,10000,10048,0.5408
image,10000,10048,0.5542
image,10000,10048,0.5741
image,10000,10048,0.5347
image,10000,10048,0.5444
image,10000,10048,0.5390
image,10000,10048,0.5935
image,10000,10048,0.5221
image,10000,10048,0.5413
image,10000,10048,0.5250
image,10000,10048,0.4713
image,10000,10048,0.5461
image,10000,10048,0.6361
image,10000,10048,0.5310
image,10000,10048,0.5344
image,10000,10048,0.5542
image,10000,10048,0.6132
image,10000,10048,0.5659
image,10000,10048,0.5150
image,10000,10048,0.5239
image,10000,10048,0.5602
image,10000,10048,0.5733
image,10000,10048,0.4876
image,10000,10048,0.5268
image,10000,10048,0.5122
image,10000,10048,0.5137
image,10000,10048,0.6255
image,10000,10048,0.5317
image,10000,10048,0.5597
image,10000,10048,0.5013
image,10000,10048,0.4936
image,10000,10048,0.5412
image,10000,10048,0.5685
image,10000,10048,0.6202
image,10000,10048,0.6318
image,10000,10048,0.5165
image,10000,10048,0.5515
image,10000,10048,0.4608
image,10000,10048,0.5304
image,10000,10048,0.5268
image,10000,10048,0.5048
image,10000,10048,0.5316
image,10000,10048,0.5190
image,10000,10048,0.4997
image,10000,10048,0.5209
image,10000,10048,0.5222
image,10000,10048,0.6064
image,10000,10048,0.4976
image,10000,10048,0.4983
image,10000,10048,0.4948
image,10000,10048,0.5117
image,10000,10048,0.5427
image,10000,10048,0.5354
image,10000,10048,0.6501
image,10000,10048,0.5269
image,10000,10048,0.5087
image,10000,10048,0.5629
image,10000,10048,0.5024
image,10000,10048,0.6094
image,10000,10048,0.4892
image,10000,10048,0.4936
image,10000,10048,0.5429
image,10000,10048,0.4969
image,10000,10048,0.5227
image,10000,10048,0.4675
image,10000,10048,0.4514
image,10000,10048,0.5127
image,10000,10048,0.4434
image,10000,10048,0.4398
image,10000,10048,0.4672
image,10000,10048,0.4421
image,10000,10048,0.4850
image,10000,10048,0.4431
image,10000,10048,0.4621
image,10000,10048,0.6834
image,10000,10048,0.4763
image,10000,10048,0.5031
image,10000,10048,0.4377
image,10000,10048,0.4642
image,10000,10048,0.5131
image,10000,10048,0.4347
image,10000,10048,0.6331
image,10000,10048,0.5170
image,10000,10048,0.5304
image,10000,10048,0.5383
image,10000,10048,0.5469
image,10000,10048,0.4820
image,10000,10048,0.4681
image,10000,10048,0.4531
image,10000,10048,0.4488
image,10000,10048,0.4896
image,10000,10048,0.4956
image,10000,10048,0.4354
image,10000,10048,0.4948
image,10000,10048,0.6528
image,10000,10048,0.5490
image,10000,10048,0.5013
image,10000,10048,0.4463
image,10000,10048,0.4520
image,10000,10048,0.5019
image,10000,10048,0.4621
image,10000,10048,0.4954
image,10000,10048,0.4659
image,10000,10048,0.4369
image,10000,10048,0.3936
image,10000,10048,0.4675
image,10000,10048,0.4998
image,10000,10048,0.5373
image,10000,10048,0.4383
image,10000,10048,0.4552
image,10000,10048,0.4474
image,10000,10048,0.4610
image,10000,10048,0.4326
image,10000,10048,0.4470
image,10000,10048,0.5977
image,10000,10048,0.5650
image,10000,10048,0.5506
image,10000,10048,0.5161
image,10000,10048,0.4881
image,10000,10048,0.5284
image,10000,10048,0.4729
image,10000,10048,0.5032
image,10000,10048,0.4433
image,10000,10048,0.4617
image,10000,10048,0.4581
image,10000,10048,0.4459
image,10000,10048,0.5846
image,10000,10048,0.6862
image,10000,10048,0.5550
image,10000,10048,0.5184
image,10000,10048,0.5506
image,10000,10048,0.5775
image,10000,10048,0.4890
image,10000,10048,0.5426
image,10000,10048,0.5039
image,10000,10048,0.6301
image,10000,10048,0.5784
image,10000,10048,0.5439
image,10000,10048,0.5238
image,10000,10048,0.5324
image,10000,10048,0.5015
image,10000,10048,0.5778
image,10000,10048,0.6640
image,10000,10048,0.5352
image,10000,10048,0.5265
image,10000,10048,0.4674
image,10000,10048,0.5724
image,10000,10048,0.5597
image,10000,10048,0.5183
image,10000,10048,0.5311
image,10000,10048,0.5268
image,10000,10048,0.5306
image,10000,10048,0.5289
image,10000,10048,0.5204
image,10000,10048,0.5218
image,10000,10048,0.6236
image,10000,10048,0.5879
image,10000,10048,0.5453
image,10000,10048,0.4534
image,10000,10048,0.5296
image,10000,10048,0.5271
image,10000,10048,0.5229
image,10000,10048,0.5265
image,10000,10048,0.5231
image,10000,10048,0.4379
image,10000,10048,0.5513
image,10000,10048,0.5712
image,10000,10048,0.5319
image,10000,10048,0.5259
image,10000,10048,0.5120
image,10000,10048,0.4699
image,10000,10048,0.5629
image,10000,10048,0.5249
image,10000,10048,0.5344
image,10000,10048,0.5182
image,10000,10048,0.5259
image,10000,10048,0.6362
image,10000,10048,0.5770
image,10000,10048,0.5006
image,10000,10048,0.4817
image,10000,10048,0.5540
image,10000,10048,0.5890
image,10000,10048,0.5994
image,10000,10048,0.5282
image,10000,10048,0.4616
image,10000,10048,0.4615
image,10000,10048,0.5109
image,10000,10048,0.4703
image,10000,10048,0.4413
image,10000,10048,0.4716
image,10000,10048,0.4038
image,10000,10048,0.4879
image,10000,10048,0.4302
image,10000,10048,0.4746
image,10000,10048,0.4505
image,10000,10048,0.4958
image,10000,10048,0.5276
image,10000,10048,0.4436
image,10000,10048,0.4325
image,10000,10048,0.4673
image,10000,10048,0.4326
image,10000,10048,0.5126
image,10000,10048,0.4460
image,10000,10048,0.4949
image,10000,10048,0.4749
image,10000,10048,0.5378
image,10000,10048,0.5520
image,10000,10048,0.5334
image,10000,10048,0.5001
image,10000,10048,0.4960
image,10000,10048,0.4897
image,10000,10048,0.5054
image,10000,10048,0.4934
image,10000,10048,0.4999
image,10000,10048,0.5382
image,10000,10048,0.5123
image,10000,10048,0.5350
image,10000,10048,0.5065
image,10000,10048,0.5059
image,10000,10048,0.5115
image,10000,10048,0.4910
image,10000,10048,0.5284
image,10000,10048,0.5058
image,10000,10048,0.4951
image,10000,10048,0.4912
image,10000,10048,0.5198
image,10000,10048,0.6171
image,10000,10048,0.5179
image,10000,10048,0.4462
image,10000,10048,0.4988
image,10000,10048,0.4914
image,10000,10048,0.5736
image,10000,10048,0.4546
image,10000,10048,0.5393
image,10000,10048,0.5125
image,10000,10048,0.5083
image,10000,10048,0.5761
image,10000,10048,0.6043
image,10000,10048,0.5870
image,10000,10048,0.4955
image,10000,10048,0.4406
image,10000,10048,0.5730
image,10000,10048,0.4800
image,10000,10048,0.5251
image,10000,10048,0.5543
image,10000,10048,0.6598
image,10000,10048,0.6841
image,10000,10048,0.5474
image,10000,10048,0.5663
image,10000,10048,0.5644
image,10000,10048,0.5242
image,10000,10048,0.5236
image,10000,10048,0.5528
image,10000,10048,0.5054
image,10000,10048,0.5066
image,10000,10048,0.5756
image,10000,10048,0.6104
image,10000,10048,0.4922
image,10000,10048,0.6118
image,10000,10048,0.4966
image,10000,10048,0.5004
image,10000,10048,0.5876
image,10000,10048,0.5414
image,10000,10048,0.5530
image,10000,10048,0.5343
image,10000,10048,0.5154
image,10000,10048,0.6557
image,10000,10048,0.5536
image,10000,10048,0.5368
image,10000,10048,0.5168
image,10000,10048,0.5253
image,10000,10048,0.5952
image,10000,10048,0.5280
image,10000,10048,0.5367
image,10000,10048,0.5845
image,50000,50048,0.5903
image,50000,50048,0.5330
image,50000,50048,0.5207
image,50000,50048,0.4703
image,50000,50048,0.5751
image,50000,50048,0.5364
image,50000,50048,0.6059
image,50000,50048,0.4994
image,50000,50048,0.5256
image,50000,50048,0.5557
image,50000,50048,0.5879
image,50000,50048,0.5334
image,50000,50048,0.5254
image,50000,50048,0.5229
image,50000,50048,0.5244
image,50000,50048,0.6251
image,50000,50048,0.5405
image,50000,50048,0.5280
image,50000,50048,0.5847
image,50000,50048,0.5400
image,50000,50048,0.6445
image,50000,50048,0.5389
image,50000,50048,0.5195
image,50000,50048,0.5218
image,50000,50048,0.5317
image,50000,50048,0.5667
image,50000,50048,0.5363
image,50000,50048,0.5647
image,50000,50048,0.5272
image,50000,50048,0.5297
image,50000,50048,0.6024
image,50000,50048,0.5314
image,50000,50048,0.5223
image,50000,50048,0.5998
image,50000,50048,0.5230
image,50000,50048,0.5986
image,50000,50048,0.7433
image,50000,50048,0.5251
image,50000,50048,0.5293
image,50000,50048,0.5692
image,50000,50048,0.6454
image,50000,50048,0.5131
image,50000,50048,0.5736
image,50000,50048,0.5199
image,50000,50048,0.5965
image,50000,50048,0.5760
image,50000,50048,0.5211
image,50000,50048,0.5248
image,50000,50048,0.5465
image,50000,50048,0.5770
image,50000,50048,0.5909
image,50000,50048,0.5789
image,50000,50048,0.5545
image,50000,50048,0.5178
image,50000,50048,0.5216
image,50000,50048,0.5608
image,50000,50048,0.6605
image,50000,50048,0.5516
image,50000,50048,0.5243
image,50000,50048,0.5231
image,50000,50048,0.6228
image,50000,50048,0.5143
image,50000,50048,0.5247
image,50000,50048,0.5214
image,50000,50048,0.5206
image,50000,50048,0.6159
image,50000,50048,0.5305
image,50000,50048,0.5211
image,50000,50048,0.5962
image,50000,50048,0.5486
image,50000,50048,0.5833
image,50000,50048,0.5229
image,50000,50048,0.5371
image,50000,50048,0.5185
image,50000,50048,0.5283
image,50000,50048,0.5755
image,50000,50048,0.5608
image,50000,50048,0.6128
image,50000,50048,0.4825
image,50000,50048,0.5327
image,50000,50048,0.5875
image,50000,50048,0.5498
image,50000,50048,0.5797
image,50000,50048,0.5642
image,50000,50048,0.5766
image,50000,50048,0.5587
image,50000,50048,0.5225
image,50000,50048,0.6012
image,50000,50048,0.4845
image,50000,50048,0.5965
image,50000,50048,0.6138
image,50000,50048,0.5231
image,50000,50048,0.5226
image,50000,50048,0.4846
image,50000,50048,0.5689
image,50000,50048,0.5523
image,50000,50048,0.5307
image,50000,50048,0.6243
image,50000,50048,0.5618
image,50000,50048,0.5323
image,50000,50048,0.6061
image,50000,50048,0.5666
image,50000,50048,0.5231
image,50000,50048,0.5180
image,50000,50048,0.5202
image,50000,50048,0.5658
image,50000,50048,0.5286
image,50000,50048,0.5321
image,50000,50048,0.5303
image,50000,50048,0.5640
image,50000,50048,0.6065
image,50000,50048,0.5226
image,50000,50048,0.5714
image,50000,50048,0.5189
image,50000,50048,0.5595
image,50000,50048,0.5704
image,50000,50048,0.5187
image,50000,50048,0.6364
image,50000,50048,0.6428
image,50000,50048,0.5272
image,50000,50048,0.6094
image,50000,50048,0.5151
image,50000,50048,0.5262
image,50000,50048,0.5260
image,50000,50048,0.5239
image,50000,50048,0.6300
image,50000,50048,0.5423
image,50000,50048,0.4849
image,50000,50048,0.5277
image,50000,50048,0.5485
image,50000,50048,0.5920
image,50000,50048,0.5561
image,50000,50048,0.5358
image,50000,50048,0.5697
image,50000,50048,0.5318
image,50000,50048,0.5755
image,50000,50048,0.5328
image,50000,50048,0.5306
image,50000,50048,0.6503
image,50000,50048,0.5400
image,50000,50048,0.5937
image,50000,50048,0.5939
image,50000,50048,0.6059
image,50000,50048,0.5247
image,50000,50048,0.6708
image,50000,50048,0.5730
image,50000,50048,0.5348
image,50000,50048,0.5322
image,50000,50048,0.5551
image,50000,50048,0.5285
image,50000,50048,0.6441
image,50000,50048,0.6111
image,50000,50048,0.5308
image,50000,50048,0.5467
image,50000,50048,0.5536
image,50000,50048,0.5762
image,50000,50048,0.5335
image,50000,50048,0.5353
image,50000,50048,0.5861
image,50000,50048,0.6019
image,50000,50048,0.6637
image,50000,50048,0.5911
image,50000,50048,0.6524
image,50000,50048,0.5843
image,50000,50048,0.5831
image,50000,50048,0.6556
image,50000,50048,0.6075
image,50000,50048,0.5860
image,50000,50048,0.6360
image,50000,50048,0.5970
image,50000,50048,0.6389
image,50000,50048,0.6181
image,50000,50048,0.6483
image,50000,50048,0.6060
image,50000,50048,0.6136
image,50000,50048,0.6512
image,50000,50048,0.6021
image,50000,50048,0.6022
image,50000,50048,0.5856
image,50000,50048,0.7397
image,50000,50048,0.6723
image,50000,50048,0.5832
image,50000,50048,0.5888
image,50000,50048,0.5569
image,50000,50048,0.5407
image,50000,50048,0.5140
image,50000,50048,0.5275
image,50000,50048,0.5071
image,50000,50048,0.5533
image,50000,50048,0.5148
image,50000,50048,0.5512
image,50000,50048,0.5106
image,50000,50048,0.5839
image,50000,50048,0.5725
image,50000,50048,0.5310
image,50000,50048,0.5249
image,50000,50048,0.5229
image,50000,50048,0.5111
image,50000,50048,0.5336
image,50000,50048,0.5203
image,50000,50048,0.5627
image,50000,50048,0.5310
image,50000,50048,0.5475
image,50000,50048,0.5282
image,50000,50048,0.5192
image,50000,50048,0.5200
image,50000,50048,0.5213
image,50000,50048,0.5501
image,50000,50048,0.5993
image,50000,50048,0.5161
image,50000,50048,0.5764
image,50000,50048,0.5268
image,50000,50048,0.5252
image,50000,50048,0.5688
image,50000,50048,0.5359
image,50000,50048,0.5239
image,50000,50048,0.5374
image,50000,50048,0.5064
image,50000,50048,0.5763
image,50000,50048,0.5251
image,50000,50048,0.7030
image,50000,50048,0.5983
image,50000,50048,0.5829
image,50000,50048,0.6232
image,50000,50048,0.5887
image,50000,50048,0.6584
image,50000,50048,0.5952
image,50000,50048,0.6410
image,50000,50048,0.5960
image,50000,50048,0.6054
image,50000,50048,0.6771
image,50000,50048,0.5981
image,50000,50048,0.5810
image,50000,50048,0.6028
image,50000,50048,0.6625
image,50000,50048,0.6598
image,50000,50048,0.5802
image,50000,50048,0.6571
image,50000,50048,0.5290
image,50000,50048,0.5989
image,50000,50048,0.7908
image,50000,50048,0.5986
image,50000,50048,0.5837
image,50000,50048,0.6146
image,50000,50048,0.6046
image,50000,50048,0.6288
image,50000,50048,0.5871
image,50000,50048,0.5828
image,50000,50048,0.6037
image,50000,50048,0.6177
image,50000,50048,0.6389
image,50000,50048,0.5892
image,50000,50048,0.5965
image,50000,50048,0.5885
image,50000,50048,0.5551
image,50000,50048,0.7570
image,50000,50048,0.5953
image,50000,50048,0.6354
image,50000,50048,0.5454
image,50000,50048,0.5992
image,50000,50048,0.6902
image,50000,50048,0.9344
image,50000,50048,0.5910
image,50000,50048,0.5940
image,50000,50048,0.5868
image,50000,50048,0.6445
image,50000,50048,0.5828
image,50000,50048,0.5950
image,50000,50048,0.5427
image,50000,50048,0.6294
image,50000,50048,0.6423
image,50000,50048,0.6183
image,50000,50048,0.5779
image,50000,50048,0.6187
image,50000,50048,0.5820
image,50000,50048,0.6490
image,50000,50048,0.5788
image,50000,50048,0.5159
image,50000,50048,0.5155
image,50000,50048,0.6153
image,50000,50048,0.6192
image,50000,50048,0.6514
image,50000,50048,0.5245
image,50000,50048,0.5049
image,50000,50048,0.5169
image,50000,50048,0.6027
image,50000,50048,0.5133
image,50000,50048,0.5058
image,50000,50048,0.5302
image,50000,50048,0.5108
image,50000,50048,0.5889
image,50000,50048,0.5327
image,50000,50048,0.5094
image,50000,50048,0.5080
image,50000,50048,0.5420
image,50000,50048,0.5584
image,50000,50048,0.4975
image,50000,50048,0.5373
image,50000,50048,0.5084
image,50000,50048,0.5378
image,50000,50048,0.6159
image,50000,50048,0.5664
image,50000,50048,0.6303
image,50000,50048,0.5227
image,50000,50048,0.5166
image,50000,50048,0.5832
image,50000,50048,0.5085
image,50000,50048,0.5382
image,50000,50048,0.5033
image,50000,50048,0.5432
image,50000,50048,0.5834
image,50000,50048,0.5248
image,50000,50048,0.5026
image,50000,50048,0.4971
image,50000,50048,0.5844
image,50000,50048,0.5295
image,50000,50048,0.5138
image,50000,50048,0.4681
image,50000,50048,0.5243
image,50000,50048,0.5033
image,50000,50048,0.5629
image,50000,50048,0.5228
image,50000,50048,0.6181
image,50000,50048,0.5318
image,50000,50048,0.5361
image,50000,50048,0.5766
image,50000,50048,0.5271
image,50000,50048,0.5081
image,50000,50048,0.5264
image,50000,50048,0.5215
image,50000,50048,0.6204
image,50000,50048,0.5032
image,50000,50048,0.5200
image,50000,50048,0.5303
image,50000,50048,0.5369
image,50000,50048,0.5612
image,50000,50048,0.5358
image,50000,50048,0.5101
image,50000,50048,0.6299
image,50000,50048,0.5661
image,50000,50048,0.6059
image,50000,50048,0.5206
image,50000,50048,0.6471
image,50000,50048,0.5588
image,50000,50048,0.5256
image,50000,50048,0.5730
image,50000,50048,0.5079
image,50000,50048,0.5265
image,50000,50048,0.5365
image,50000,50048,0.5255
image,50000,50048,0.6074
image,50000,50048,0.5227
image,50000,50048,0.5112
image,50000,50048,0.5018
image,50000,50048,0.5063
image,50000,50048,0.5619
image,50000,50048,0.5187
image,50000,50048,0.5373
image,50000,50048,0.5082
image,50000,50048,0.5679
image,50000,50048,0.6271
image,50000,50048,0.5100
image,50000,50048,0.5079
image,50000,50048,0.6689
image,50000,50048,0.5404
image,50000,50048,0.5504
image,50000,50048,0.5081
image,50000,50048,0.4973
image,50000,50048,0.4979
image,50000,50048,0.5360
image,50000,50048,0.5670
image,50000,50048,0.4979
image,50000,50048,0.4949
image,50000,50048,0.5070
image,50000,50048,0.4452
image,50000,50048,0.5495
image,50000,50048,0.4598
image,50000,50048,0.4884
image,50000,50048,0.5205
image,50000,50048,0.5358
image,50000,50048,0.5181
image,50000,50048,0.5252
image,50000,50048,0.4467
image,50000,50048,0.7379
image,50000,50048,0.4551
image,50000,50048,0.5548
image,50000,50048,0.4538
image,50000,50048,0.5256
image,50000,50048,0.5186
image,50000,50048,0.5452
image,50000,50048,0.5639
image,50000,50048,0.4999
image,50000,50048,0.4928
image,50000,50048,0.5118
image,50000,50048,0.5969
image,50000,50048,0.6145
image,50000,50048,0.5997
image,50000,50048,0.5620
image,50000,50048,0.6462
image,50000,50048,0.5148
image,50000,50048,0.7010
image,50000,50048,0.5787
image,50000,50048,0.5651
image,50000,50048,0.6066
image,50000,50048,0.6836
image,50000,50048,0.6967
image,50000,50048,0.5719
image,50000,50048,0.5883
image,50000,50048,0.5827
image,50000,50048,0.5780
image,50000,50048,0.6293
image,50000,50048,0.6165
image,50000,50048,0.5373
image,50000,50048,0.5075
image,50000,50048,0.5004
image,50000,50048,0.5455
image,50000,50048,0.4983
image,50000,50048,0.5232
image,50000,50048,0.5172
image,50000,50048,0.6177
image,50000,50048,0.6551
image,50000,50048,0.7466
image,50000,50048,0.5324
image,50000,50048,0.5438
image,50000,50048,0.6707
image,50000,50048,0.6062
image,50000,50048,0.5950
image,50000,50048,0.5219
image,50000,50048,0.5390
image,50000,50048,0.5524
image,50000,50048,0.5942
image,50000,50048,0.5000
image,50000,50048,0.4944
image,50000,50048,0.4991
image,50000,50048,0.4972
image,50000,50048,0.5456
image,50000,50048,0.4935
image,50000,50048,0.5093
image,50000,50048,0.5098
image,50000,50048,0.5111
image,50000,50048,0.5656
image,50000,50048,0.5137
image,50000,50048,0.5287
image,50000,50048,0.4870
image,50000,50048,0.5422
image,50000,50048,0.6378
image,50000,50048,0.5147
image,50000,50048,0.4962
image,50000,50048,0.5167
image,50000,50048,0.5061
image,50000,50048,0.5460
image,50000,50048,0.5037
image,50000,50048,0.5110
image,50000,50048,0.5079
image,50000,50048,0.4840
image,50000,50048,0.5446
image,50000,50048,0.5301
image,50000,50048,0.5296
image,50000,50048,0.4926
image,50000,50048,0.6007
image,50000,50048,0.6434
image,50000,50048,0.5675
image,50000,50048,0.6201
image,50000,50048,0.5738
image,50000,50048,0.5682
image,50000,50048,0.7337
image,50000,50048,0.5023
image,50000,50048,0.4946
image,50000,50048,0.4936
image,50000,50048,0.5866
image,50000,50048,0.5544
image,50000,50048,0.5057
image,50000,50048,0.4995
image,50000,50048,0.5234
image,50000,50048,0.4962
image,50000,50048,0.5512
image,50000,50048,0.5171
image,50000,50048,0.5016
image,50000,50048,0.4907
image,50000,50048,0.5830
image,50000,50048,0.5637
image,50000,50048,0.4349
image,50000,50048,0.4892
image,50000,50048,0.5974
image,50000,50048,0.5770
image,50000,50048,0.6088
image,50000,50048,0.5197
image,50000,50048,0.5054
image,50000,50048,0.5210
image,50000,50048,0.5849
image,50000,50048,0.5546
image,50000,50048,0.4987
image,50000,50048,0.5092
image,50000,50048,0.5247
image,50000,50048,0.5066
image,50000,50048,0.5333
image,50000,50048,0.5041
image,50000,50048,0.5007
image,50000,50048,0.5099
image,50000,50048,0.5194
image,50000,50048,0.5391
image,50000,50048,0.5166
image,50000,50048,0.5011
image,50000,50048,0.5140
image,50000,50048,0.5920
image,50000,50048,0.7029
image,50000,50048,0.6457
image,50000,50048,0.7008
image,50000,50048,0.4963
image,50000,50048,0.6240
image,50000,50048,0.6358
image,50000,50048,0.6360
image,50000,50048,0.5031
image,50000,50048,0.5094
image,50000,50048,0.5195
image,50000,50048,0.5247
image,50000,50048,0.5021
image,50000,50048,0.4957
image,50000,50048,0.5036
image,50000,50048,0.4554
image,50000,50048,0.5244
image,50000,50048,0.6532
image,50000,50048,0.5068
image,50000,50048,0.4998
image,50000,50048,0.8034
image,50000,50048,0.6341
image,50000,50048,0.5935
image,50000,50048,0.4985
image,50000,50048,0.5325
image,50000,50048,0.5124
image,50000,50048,0.5518
image,50000,50048,0.5054
image,50000,50048,0.4929
image,50000,50048,0.4951
image,50000,50048,0.5244
image,50000,50048,0.6468
image,50000,50048,0.5371
image,50000,50048,0.5180
image,50000,50048,0.4263
image,50000,50048,0.6188
image,100000,100048,0.5910
image,100000,100048,0.6654
image,100000,100048,0.5990
image,100000,100048,0.7032
image,100000,100048,0.7675
image,100000,100048,0.6685
image,100000,100048,0.6431
image,100000,100048,0.6960
image,100000,100048,0.6467
image,100000,100048,0.5812
image,100000,100048,0.6146
image,100000,100048,0.5731
image,100000,100048,0.5778
image,100000,100048,0.6206
image,100000,100048,0.5761
image,100000,100048,0.5976
image,100000,100048,0.6585
image,100000,100048,0.6982
image,100000,100048,0.7490
image,100000,100048,0.6906
image,100000,100048,0.6802
image,100000,100048,0.6817
image,100000,100048,0.6550
image,100000,100048,0.7275
image,100000,100048,0.6408
image,100000,100048,0.6822
image,100000,100048,0.6397
image,100000,100048,0.6627
image,100000,100048,0.6561
image,100000,100048,0.6487
image,100000,100048,0.6391
image,100000,100048,0.7010
image,100000,100048,0.6753
image,100000,100048,0.7251
image,100000,100048,0.5664
image,100000,100048,0.6440
image,100000,100048,0.6957
image,100000,100048,0.6322
image,100000,100048,0.6781
image,100000,100048,1.1453
image,100000,100048,0.6613
image,100000,100048,0.5876
image,100000,100048,0.5969
image,100000,100048,0.6485
image,100000,100048,0.5866
image,100000,100048,0.5829
image,100000,100048,0.5868
image,100000,100048,0.6221
image,100000,100048,0.7410
image,100000,100048,0.7531
image,100000,100048,0.6454
image,100000,100048,0.6547
image,100000,100048,0.6855
image,100000,100048,0.6998
image,100000,100048,0.6576
image,100000,100048,0.7077
image,100000,100048,0.6514
image,100000,100048,0.6603
image,100000,100048,0.7385
image,100000,100048,0.6442
image,100000,100048,0.7422
image,100000,100048,0.7161
image,100000,100048,0.6715
image,100000,100048,0.7259
image,100000,100048,0.6600
image,100000,100048,0.6599
image,100000,100048,0.6507
image,100000,100048,0.6138
image,100000,100048,0.6789
image,100000,100048,0.6634
image,100000,100048,0.6724
image,100000,100048,0.6671
image,100000,100048,0.6503
image,100000,100048,0.7061
image,100000,100048,0.6453
image,100000,100048,0.6968
image,100000,100048,0.6060
image,100000,100048,0.6518
image,100000,100048,0.7202
image,100000,100048,0.6168
image,100000,100048,0.7699
image,100000,100048,0.7110
image,100000,100048,0.6849
image,100000,100048,0.6159
image,100000,100048,0.6502
image,100000,100048,0.6651
image,100000,100048,0.6672
image,100000,100048,0.6495
image,100000,100048,0.7663
image,100000,100048,0.6538
image,100000,100048,0.6575
image,100000,100048,0.6554
image,100000,100048,0.6633
image,100000,100048,0.7291
image,100000,100048,0.7170
image,100000,100048,0.6553
image,100000,100048,0.7156
image,100000,100048,0.6595
image,100000,100048,0.7652
image,100000,100048,0.6838
image,100000,100048,0.7576
image,100000,100048,0.6745
image,100000,100048,0.5282
image,100000,100048,0.7433
image,100000,100048,0.6584
image,100000,100048,0.6778
image,100000,100048,0.6478
image,100000,100048,0.6472
image,100000,100048,0.7301
image,100000,100048,0.6988
image,100000,100048,0.6758
image,100000,100048,0.6442
image,100000,100048,0.6550
image,100000,100048,0.7086
image,100000,100048,0.6505
image,100000,100048,0.6796
image,100000,100048,0.6482
image,100000,100048,0.6438
image,100000,100048,0.7250
image,100000,100048,0.6725
image,100000,100048,0.6350
image,100000,100048,0.7467
image,100000,100048,0.6792
image,100000,100048,0.7278
image,100000,100048,0.6521
image,100000,100048,0.6815
image,100000,100048,0.6704
image,100000,100048,0.6621
image,100000,100048,0.6982
image,100000,100048,0.6574
image,100000,100048,0.6549
image,100000,100048,0.5957
image,100000,100048,0.6484
image,100000,100048,0.7221
image,100000,100048,0.7168
image,100000,100048,0.6426
image,100000,100048,0.6710
image,100000,100048,0.6469
image,100000,100048,0.6722
image,100000,100048,0.6130
image,100000,100048,0.5285
image,100000,100048,0.6906
image,100000,100048,0.5951
image,100000,100048,0.6458
image,100000,100048,0.6644
image,100000,100048,0.6029
image,100000,100048,0.6255
image,100000,100048,0.6467
image,100000,100048,0.7776
image,100000,100048,0.7017
image,100000,100048,0.6539
image,100000,100048,0.6578
image,100000,100048,0.6613
image,100000,100048,0.6873
image,100000,100048,1.0654
image,100000,100048,0.7076
image,100000,100048,0.6732
image,100000,100048,0.6562
image,100000,100048,0.7037
image,100000,100048,0.6594
image,100000,100048,0.6515
image,100000,100048,0.8351
image,100000,100048,0.7100
image,100000,100048,0.6623
image,100000,100048,0.6723
image,100000,100048,0.6783
image,100000,100048,0.6701
image,100000,100048,0.6832
image,100000,100048,0.6547
image,100000,100048,0.7030
image,100000,100048,0.6499
image,100000,100048,0.6630
image,100000,100048,0.6951
image,100000,100048,0.7279
image,100000,100048,0.6410
image,100000,100048,0.6700
image,100000,100048,0.7058
image,100000,100048,0.6630
image,100000,100048,0.7051
image,100000,100048,0.6721
image,100000,100048,0.6912
image,100000,100048,0.6605
image,100000,100048,1.0966
image,100000,100048,0.7342
image,100000,100048,0.5558
image,100000,100048,0.6104
image,100000,100048,0.6714
image,100000,100048,0.6644
image,100000,100048,0.7240
image,100000,100048,0.6784
image,100000,100048,0.6429
image,100000,100048,0.6849
image,100000,100048,0.6506
image,100000,100048,0.6979
image,100000,100048,0.6675
image,100000,100048,0.6453
image,100000,100048,0.6571
image,100000,100048,0.6650
image,100000,100048,0.7215
image,100000,100048,0.6919
image,100000,100048,0.6462
image,100000,100048,0.6542
image,100000,100048,1.0439
image,100000,100048,0.7370
image,100000,100048,0.6725
image,100000,100048,0.6744
image,100000,100048,0.7013
image,100000,100048,0.6686
image,100000,100048,0.8446
image,100000,100048,0.6055
image,100000,100048,0.6596
image,100000,100048,0.6847
image,100000,100048,0.6982
image,100000,100048,0.7227
image,100000,100048,0.6748
image,100000,100048,0.6667
image,100000,100048,0.6535
image,100000,100048,0.6046
image,100000,100048,0.7819
image,100000,100048,0.6468
image,100000,100048,0.6647
image,100000,100048,0.6586
image,100000,100048,0.6527
image,100000,100048,0.8365
image,100000,100048,0.6585
image,100000,100048,0.7564
image,100000,100048,0.5905
image,100000,100048,0.7153
image,100000,100048,0.8462
image,100000,100048,0.6048
image,100000,100048,0.5782
image,100000,100048,0.5847
image,100000,100048,0.5826
image,100000,100048,0.6215
image,100000,100048,0.6190
image,100000,100048,0.6603
image,100000,100048,0.6845
image,100000,100048,0.6612
image,100000,100048,0.6664
image,100000,100048,0.7334
image,100000,100048,0.7056
image,100000,100048,0.6712
image,100000,100048,0.6432
image,100000,100048,0.7748
image,100000,100048,0.7246
image,100000,100048,0.6850
image,100000,100048,0.6649
image,100000,100048,0.6275
image,100000,100048,0.8026
image,100000,100048,0.7255
image,100000,100048,0.6895
image,100000,100048,0.6429
image,100000,100048,0.6577
image,100000,100048,0.7927
image,100000,100048,0.6710
image,100000,100048,0.6376
image,100000,100048,0.6593
image,100000,100048,0.6863
image,100000,100048,0.7067
image,100000,100048,0.7016
image,100000,100048,0.6084
image,100000,100048,0.6054
image,100000,100048,0.6140
image,100000,100048,0.7630
image,100000,100048,0.8725
image,100000,100048,0.7006
image,100000,100048,0.6489
image,100000,100048,0.7083
image,100000,100048,0.7823
image,100000,100048,0.7789
image,100000,100048,0.6658
image,100000,100048,0.6596
image,100000,100048,0.6449
image,100000,100048,0.7238
image,100000,100048,0.6463
image,100000,100048,0.6646
image,100000,100048,0.6354
image,100000,100048,0.6641
image,100000,100048,0.7604
image,100000,100048,0.6916
image,100000,100048,0.6551
image,100000,100048,0.6563
image,100000,100048,0.6462
image,100000,100048,0.6932
image,100000,100048,0.7372
image,100000,100048,0.6783
image,100000,100048,0.7105
image,100000,100048,0.6549
image,100000,100048,0.7609
image,100000,100048,0.7981
image,100000,100048,0.6907
image,100000,100048,0.6511
image,100000,100048,0.6886
image,100000,100048,0.6236
image,100000,100048,0.5970
image,100000,100048,0.6094
image,100000,100048,0.6061
image,100000,100048,0.5897
image,100000,100048,0.6635
image,100000,100048,0.5982
image,100000,100048,0.6819
image,100000,100048,0.6623
image,100000,100048,0.6804
image,100000,100048,0.6329
image,100000,100048,0.6589
image,100000,100048,0.6587
image,100000,100048,0.6391
image,100000,100048,0.6074
image,100000,100048,0.6679
image,100000,100048,0.6416
image,100000,100048,0.6522
image,100000,100048,0.6099
image,100000,100048,0.6921
image,100000,100048,0.6317
image,100000,100048,0.6067
image,100000,100048,0.6187
image,100000,100048,0.6046
image,100000,100048,0.5832
image,100000,100048,0.6526
image,100000,100048,0.7946
image,100000,100048,0.6988
image,100000,100048,0.5823
image,100000,100048,0.6350
image,100000,100048,0.6201
image,100000,100048,0.6024
image,100000,100048,0.8257
image,100000,100048,0.7380
image,100000,100048,0.7312
image,100000,100048,0.7680
image,100000,100048,0.7276
image,100000,100048,0.7214
image,100000,100048,0.7114
image,100000,100048,0.6671
image,100000,100048,0.8437
image,100000,100048,0.5979
image,100000,100048,0.5780
image,100000,100048,0.5935
image,100000,100048,0.5826
image,100000,100048,0.7373
image,100000,100048,0.7299
image,100000,100048,0.6658
image,100000,100048,0.6468
image,100000,100048,0.6553
image,100000,100048,0.7396
image,100000,100048,0.6673
image,100000,100048,0.4722
image,100000,100048,0.6276
image,100000,100048,0.7231
image,100000,100048,0.6880
image,100000,100048,0.6300
image,100000,100048,0.5897
image,100000,100048,0.5630
image,100000,100048,0.6216
image,100000,100048,0.6902
image,100000,100048,0.6228
image,100000,100048,0.5891
image,100000,100048,0.5965
image,100000,100048,0.6042
image,100000,100048,0.7310
image,100000,100048,0.6015
image,100000,100048,0.6624
image,100000,100048,0.6530
image,100000,100048,0.6539
image,100000,100048,0.7150
image,100000,100048,0.7584
image,100000,100048,0.6535
image,100000,100048,0.8399
image,100000,100048,0.7395
image,100000,100048,0.7721
image,100000,100048,0.6494
image,100000,100048,0.6456
image,100000,100048,0.5370
image,100000,100048,0.6077
image,100000,100048,0.7683
image,100000,100048,0.6990
image,100000,100048,0.6935
image,100000,100048,0.6403
image,100000,100048,0.6417
image,100000,100048,0.7323
image,100000,100048,0.6746
image,100000,100048,0.7095
image,100000,100048,0.5746
image,100000,100048,0.5834
image,100000,100048,0.6297
image,100000,100048,0.6076
image,100000,100048,0.7419
image,100000,100048,0.8264
image,100000,100048,0.7206
image,100000,100048,0.6994
image,100000,100048,0.6931
image,100000,100048,0.6267
image,100000,100048,0.7402
image,100000,100048,0.6557
image,100000,100048,0.8004
image,100000,100048,0.8379
image,100000,100048,0.7189
image,100000,100048,0.6997
image,100000,100048,0.7057
image,100000,100048,0.7704
image,100000,100048,0.6668
image,100000,100048,0.6648
image,100000,100048,0.6890
image,100000,100048,0.7012
image,100000,100048,0.7460
image,100000,100048,0.6111
image,100000,100048,0.5937
image,100000,100048,0.6099
image,100000,100048,0.6612
image,100000,100048,0.6987
image,100000,100048,0.7068
image,100000,100048,0.5989
image,100000,100048,0.5890
image,100000,100048,0.5911
image,100000,100048,0.7314
image,100000,100048,0.7256
image,100000,100048,0.7712
image,100000,100048,0.7449
image,100000,100048,0.6872
image,100000,100048,0.7563
image,100000,100048,0.6478
image,100000,100048,0.6853
image,100000,100048,0.7030
image,100000,100048,0.7049
image,100000,100048,0.7302
image,100000,100048,0.6905
image,100000,100048,0.6917
image,100000,100048,0.6872
image,100000,100048,0.8140
image,100000,100048,0.7699
image,100000,100048,0.7150
image,100000,100048,0.7026
image,100000,100048,0.7500
image,100000,100048,0.6951
image,100000,100048,0.7359
image,100000,100048,0.6715
image,100000,100048,0.7005
image,100000,100048,0.5901
image,100000,100048,0.5958
image,100000,100048,0.7537
image,100000,100048,0.6583
image,100000,100048,0.6985
image,100000,100048,0.7527
image,100000,100048,0.7266
image,100000,100048,0.7452
image,100000,100048,0.7042
image,100000,100048,0.7121
image,100000,100048,0.6853
image,100000,100048,0.6460
image,100000,100048,0.7588
image,100000,100048,0.6412
image,100000,100048,0.6433
image,100000,100048,0.7422
image,100000,100048,0.7023
image,100000,100048,0.7430
image,100000,100048,0.7136
image,100000,100048,0.6031
image,100000,100048,0.7071
image,100000,100048,0.7443
image,100000,100048,0.7525
image,100000,100048,0.6942
image,100000,100048,0.7209
image,100000,100048,0.7155
image,100000,100048,0.6848
image,100000,100048,0.7221
image,100000,100048,0.6805
image,100000,100048,0.7146
image,100000,100048,0.6947
image,100000,100048,0.6830
image,100000,100048,0.8349
image,100000,100048,0.7539
image,100000,100048,0.6927
image,100000,100048,0.6831
image,100000,100048,0.7218
image,100000,100048,0.7331
image,100000,100048,0.6893
image,100000,100048,0.6262
image,100000,100048,0.7854
image,100000,100048,0.6954
image,100000,100048,0.7446
image,100000,100048,0.6873
image,100000,100048,0.6795
image,100000,100048,0.6832
image,100000,100048,0.7072
image,100000,100048,0.7467
image,100000,100048,0.6845
image,100000,100048,0.6961
image,100000,100048,0.6859
image,100000,100048,0.6775
image,100000,100048,0.5993
image,100000,100048,0.7077
image,100000,100048,0.7056
image,100000,100048,0.7165
image,100000,100048,0.6814
image,100000,100048,0.7300
image,100000,100048,0.7048
image,100000,100048,0.7047
image,100000,100048,0.6084
image,100000,100048,0.6541
image,100000,100048,0.7255
image,100000,100048,0.5607
image,100000,100048,0.6265
image,100000,100048,0.5911
image,100000,100048,0.6308
image,100000,100048,0.6527
image,100000,100048,0.6218
image,100000,100048,0.5941
image,100000,100048,0.6667
image,100000,100048,0.6579
image,100000,100048,0.6946
image,100000,100048,0.7250
image,100000,100048,0.6661
image,100000,100048,0.6689
image,100000,100048,0.6264
image,100000,100048,0.6603
image,100000,100048,0.6284
image,100000,100048,0.6576
image,100000,100048,0.6227
image,100000,100048,0.6803
image,100000,100048,0.7296
image,100000,100048,0.6239
image,100000,100048,0.6122
image,100000,100048,0.6245
image,100000,100048,0.6128
image,100000,100048,0.6439
image,100000,100048,0.7319
image,100000,100048,0.6541
image,100000,100048,0.6722
image,100000,100048,0.7450
image,100000,100048,0.7316
image,100000,100048,0.7604
image,100000,100048,0.7074
image,100000,100048,0.6971
image,100000,100048,0.7311
image,100000,100048,0.7508
image,100000,100048,0.6987
image,100000,100048,0.7263
image,100000,100048,0.6884
image,100000,100048,0.6782
image,100000,100048,0.7350
image,100000,100048,0.7015
image,500000,500048,1.4756
image,500000,500048,1.4849
image,500000,500048,1.5920
image,500000,500048,1.4819
image,500000,500048,1.5451
image,500000,500048,1.4705
image,500000,500048,1.4995
image,500000,500048,1.5007
image,500000,500048,1.5548
image,500000,500048,1.4737
image,500000,500048,1.5011
image,500000,500048,1.4490
image,500000,500048,1.5619
image,500000,500048,1.5745
image,500000,500048,1.6135
image,500000,500048,1.5741
image,500000,500048,1.5415
image,500000,500048,1.6816
image,500000,500048,1.6049
image,500000,500048,1.6083
image,500000,500048,1.5892
image,500000,500048,1.5538
image,500000,500048,1.5165
image,500000,500048,1.5641
image,500000,500048,1.6614
image,500000,500048,1.5203
image,500000,500048,1.5649
image,500000,500048,1.7006
image,500000,500048,1.5970
image,500000,500048,1.4745
image,500000,500048,1.6620
image,500000,500048,1.5199
image,500000,500048,1.5605
image,500000,500048,1.6183
image,500000,500048,1.7201
image,500000,500048,1.4745
image,500000,500048,1.5330
image,500000,500048,1.5701
image,500000,500048,1.5239
image,500000,500048,1.5061
image,500000,500048,1.5269
image,500000,500048,1.5035
image,500000,500048,1.5863
image,500000,500048,1.6528
image,500000,500048,1.5949
image,500000,500048,1.5100
image,500000,500048,1.4973
image,500000,500048,1.6135
image,500000,500048,1.5204
image,500000,500048,1.4854
image,500000,500048,1.5114
image,500000,500048,1.5342
image,500000,500048,1.5185
image,500000,500048,1.5088
image,500000,500048,1.5532
image,500000,500048,1.6092
image,500000,500048,1.4752
image,500000,500048,1.5932
image,500000,500048,1.5293
image,500000,500048,1.4827
image,500000,500048,1.5635
image,500000,500048,1.4845
image,500000,500048,1.5303
image,500000,500048,1.6591
image,500000,500048,1.5333
image,500000,500048,1.4550
image,500000,500048,1.5847
image,500000,500048,1.5213
image,500000,500048,1.4834
image,500000,500048,1.5340
image,500000,500048,1.4941
image,500000,500048,1.4897
image,500000,500048,1.5907
image,500000,500048,1.5077
image,500000,500048,1.5910
image,500000,500048,1.6055
image,500000,500048,1.5365
image,500000,500048,1.5779
image,500000,500048,1.5314
image,500000,500048,1.5003
image,500000,500048,1.5006
image,500000,500048,1.5949
image,500000,500048,1.5608
image,500000,500048,1.4571
image,500000,500048,1.6780
image,500000,500048,1.6319
image,500000,500048,1.6689
image,500000,500048,1.4847
image,500000,500048,1.5552
image,500000,500048,1.4627
image,500000,500048,1.4873
image,500000,500048,1.4595
image,500000,500048,1.5290
image,500000,500048,1.4514
image,500000,500048,1.4935
image,500000,500048,1.4651
image,500000,500048,1.7331
image,500000,500048,1.6732
image,500000,500048,1.5676
image,500000,500048,1.4931
image,500000,500048,1.5948
image,500000,500048,1.5046
image,500000,500048,1.5751
image,500000,500048,1.4972
image,500000,500048,1.6031
image,500000,500048,1.5101
image,500000,500048,1.5717
image,500000,500048,1.5640
image,500000,500048,1.5333
image,500000,500048,1.5798
image,500000,500048,1.5179
image,500000,500048,1.5468
image,500000,500048,1.5471
image,500000,500048,1.4900
image,500000,500048,1.5303
image,500000,500048,2.8268
image,500000,500048,1.5397
image,500000,500048,1.6902
image,500000,500048,1.6141
image,500000,500048,1.6634
image,500000,500048,1.6559
image,500000,500048,1.6031
image,500000,500048,1.6328
image,500000,500048,1.4745
image,500000,500048,1.6171
image,500000,500048,1.6686
image,500000,500048,1.5158
image,500000,500048,1.5797
image,500000,500048,1.5320
image,500000,500048,1.5900
image,500000,500048,1.5229
image,500000,500048,1.6107
image,500000,500048,1.5663
image,500000,500048,1.5298
image,500000,500048,1.6136
image,500000,500048,1.5875
image,500000,500048,1.4793
image,500000,500048,1.5282
image,500000,500048,1.5905
image,500000,500048,1.5848
image,500000,500048,1.5102
image,500000,500048,1.5106
image,500000,500048,1.5789
image,500000,500048,1.5315
image,500000,500048,1.5141
image,500000,500048,1.7256
image,500000,500048,1.4618
image,500000,500048,1.5935
image,500000,500048,1.5096
image,500000,500048,1.5687
image,500000,500048,1.5336
image,500000,500048,1.5759
image,500000,500048,1.6305
image,500000,500048,1.4828
image,500000,500048,1.4611
image,500000,500048,1.5482
image,500000,500048,1.4241
image,500000,500048,1.5579
image,500000,500048,1.6401
image,500000,500048,1.5440
image,500000,500048,1.4885
image,500000,500048,1.4571
image,500000,500048,1.6093
image,500000,500048,1.5010
image,500000,500048,1.5533
image,500000,500048,1.5558
image,500000,500048,1.4993
image,500000,500048,1.6224
image,500000,500048,1.5076
image,500000,500048,1.5840
image,500000,500048,1.4485
image,500000,500048,1.5777
image,500000,500048,1.4873
image,500000,500048,1.5770
image,500000,500048,1.4772
image,500000,500048,1.6405
image,500000,500048,1.5656
image,500000,500048,1.5959
image,500000,500048,1.5329
image,500000,500048,1.5252
image,500000,500048,1.5276
image,500000,500048,1.4633
image,500000,500048,1.5409
image,500000,500048,1.4731
image,500000,500048,1.4776
image,500000,500048,1.6459
image,500000,500048,1.5838
image,500000,500048,1.5532
image,500000,500048,1.5060
image,500000,500048,1.4842
image,500000,500048,1.4396
image,500000,500048,1.5342
image,500000,500048,1.4943
image,500000,500048,1.5718
image,500000,500048,1.5458
image,500000,500048,1.4835
image,500000,500048,1.5425
image,500000,500048,1.5316
image,500000,500048,1.4919
image,500000,500048,1.4871
image,500000,500048,1.5986
image,500000,500048,1.5556
image,500000,500048,1.5377
image,500000,500048,1.4745
image,500000,500048,1.5752
image,500000,500048,1.6582
image,500000,500048,1.4884
image,500000,500048,1.2320
image,500000,500048,1.5918
image,500000,500048,1.5019
image,500000,500048,1.6317
image,500000,500048,1.5198
image,500000,500048,1.5464
image,500000,500048,1.5859
image,500000,500048,1.4775
image,500000,500048,1.6317
image,500000,500048,1.4809
image,500000,500048,1.5887
image,500000,500048,1.4641
image,500000,500048,1.4896
image,500000,500048,1.5775
image,500000,500048,1.5994
image,500000,500048,1.6018
image,500000,500048,1.5108
image,500000,500048,1.5639
image,500000,500048,1.6019
image,500000,500048,1.5182
image,500000,500048,1.7579
image,500000,500048,1.5948
image,500000,500048,1.5534
image,500000,500048,1.5415
image,500000,500048,1.5929
image,500000,500048,1.5778
image,500000,500048,1.5207
image,500000,500048,1.5506
image,500000,500048,1.5669
image,500000,500048,1.5366
image,500000,500048,1.5754
image,500000,500048,1.5281
image,500000,500048,1.5213
image,500000,500048,1.5940
image,500000,500048,1.5644
image,500000,500048,1.6975
image,500000,500048,1.4741
image,500000,500048,1.5118
image,500000,500048,1.6345
image,500000,500048,1.5495
image,500000,500048,1.5353
image,500000,500048,1.5691
image,500000,500048,1.6033
image,500000,500048,1.5042
image,500000,500048,1.5149
image,500000,500048,1.5516
image,500000,500048,1.5661
image,500000,500048,1.5872
image,500000,500048,1.5579
image,500000,500048,1.5808
image,500000,500048,1.5436
image,500000,500048,1.6268
image,500000,500048,1.5902
image,500000,500048,1.6060
image,500000,500048,1.5069
image,500000,500048,1.6270
image,500000,500048,1.6699
image,500000,500048,1.5710
image,500000,500048,1.7387
image,500000,500048,1.5769
image,500000,500048,1.6488
image,500000,500048,1.5360
image,500000,500048,1.4375
image,500000,500048,1.5408
image,500000,500048,1.5163
image,500000,500048,1.6260
image,500000,500048,1.4479
image,500000,500048,1.4861
image,500000,500048,1.4887
image,500000,500048,1.4838
image,500000,500048,1.5052
image,500000,500048,1.5042
image,500000,500048,1.5224
image,500000,500048,1.4406
image,500000,500048,1.4999
image,500000,500048,1.4998
image,500000,500048,1.7566
image,500000,500048,1.5323
image,500000,500048,1.5176
image,500000,500048,1.4759
image,500000,500048,1.6464
image,500000,500048,1.7680
image,500000,500048,1.5689
image,500000,500048,1.5121
image,500000,500048,1.5265
image,500000,500048,1.5930
image,500000,500048,1.5354
image,500000,500048,1.5465
image,500000,500048,1.4600
image,500000,500048,1.6157
image,500000,500048,1.5605
image,500000,500048,1.5073
image,500000,500048,1.5298
image,500000,500048,1.4592
image,500000,500048,1.4780
image,500000,500048,1.4857
image,500000,500048,1.4855
image,500000,500048,1.6367
image,500000,500048,1.4854
image,500000,500048,1.4472
image,500000,500048,1.4989
image,500000,500048,1.6642
image,500000,500048,1.5018
image,500000,500048,1.5381
image,500000,500048,1.5516
image,500000,500048,1.5037
image,500000,500048,1.5282
image,500000,500048,1.5477
image,500000,500048,1.4652
image,500000,500048,1.5339
image,500000,500048,1.8059
image,500000,500048,1.4793
image,500000,500048,1.5256
image,500000,500048,1.5644
image,500000,500048,1.5511
image,500000,500048,1.4768
image,500000,500048,1.4743
image,500000,500048,1.4661
image,500000,500048,1.6171
image,500000,500048,1.4470
image,500000,500048,1.8371
image,500000,500048,1.4706
image,500000,500048,1.5954
image,500000,500048,1.6295
image,500000,500048,1.5999
image,500000,500048,1.5272
image,500000,500048,1.4493
image,500000,500048,1.5500
image,500000,500048,1.6274
image,500000,500048,1.6488
image,500000,500048,1.8073
image,500000,500048,1.4904
image,500000,500048,1.5816
image,500000,500048,1.6141
image,500000,500048,1.5455
image,500000,500048,1.5051
image,500000,500048,1.5543
image,500000,500048,1.5147
image,500000,500048,1.6328
image,500000,500048,1.5899
image,500000,500048,1.7945
image,500000,500048,1.7007
image,500000,500048,1.6571
image,500000,500048,1.5989
image,500000,500048,1.5661
image,500000,500048,1.6119
image,500000,500048,1.6056
image,500000,500048,1.5772
image,500000,500048,1.7568
image,500000,500048,1.5123
image,500000,500048,1.7566
image,500000,500048,1.6244
image,500000,500048,1.6371
image,500000,500048,1.5612
image,500000,500048,1.6478
image,500000,500048,1.5771
image,500000,500048,1.5143
image,500000,500048,1.5006
image,500000,500048,1.6406
image,500000,500048,1.4814
image,500000,500048,1.6602
image,500000,500048,1.5780
image,500000,500048,1.4889
image,500000,500048,1.5911
image,500000,500048,1.5052
image,500000,500048,1.6925
image,500000,500048,1.6525
image,500000,500048,1.4893
image,500000,500048,1.4359
image,500000,500048,1.5279
image,500000,500048,1.6602
image,500000,500048,1.6618
image,500000,500048,1.7376
image,500000,500048,1.6389
image,500000,500048,1.4776
image,500000,500048,1.7030
image,500000,500048,1.6010
image,500000,500048,1.7002
image,500000,500048,1.8466
image,500000,500048,1.4388
image,500000,500048,1.7971
image,500000,500048,1.7238
image,500000,500048,1.5067
image,500000,500048,1.7266
image,500000,500048,1.6222
image,500000,500048,1.7231
image,500000,500048,1.6199
image,500000,500048,1.5903
image,500000,500048,1.8567
image,500000,500048,1.4928
image,500000,500048,1.5323
image,500000,500048,1.5368
image,500000,500048,1.5280
image,500000,500048,1.4744
image,500000,500048,1.5811
image,500000,500048,1.6379
image,500000,500048,1.5712
image,500000,500048,1.4580
image,500000,500048,1.5156
image,500000,500048,1.4831
image,500000,500048,1.6377
image,500000,500048,1.5756
image,500000,500048,1.5962
image,500000,500048,1.5345
image,500000,500048,1.6774
image,500000,500048,1.6383
image,500000,500048,1.5496
image,500000,500048,1.6023
image,500000,500048,1.4843
image,500000,500048,1.4982
image,500000,500048,1.5328
image,500000,500048,1.6095
image,500000,500048,1.5999
image,500000,500048,1.5717
image,500000,500048,1.5334
image,500000,500048,1.5442
image,500000,500048,1.5524
image,500000,500048,1.5503
image,500000,500048,1.6054
image,500000,500048,1.5997
image,500000,500048,1.8947
image,500000,500048,1.7575
image,500000,500048,1.5824
image,500000,500048,1.5212
image,500000,500048,1.5999
image,500000,500048,1.6521
image,500000,500048,1.4646
image,500000,500048,1.6069
image,500000,500048,1.6893
image,500000,500048,1.4771
image,500000,500048,1.5530
image,500000,500048,1.5306
image,500000,500048,1.5249
image,500000,500048,1.5752
image,500000,500048,1.5368
image,500000,500048,1.5229
image,500000,500048,1.4722
image,500000,500048,1.5349
image,500000,500048,1.5230
image,500000,500048,1.5042
image,500000,500048,1.6074
image,500000,500048,1.9229
image,500000,500048,1.6796
image,500000,500048,1.5908
image,500000,500048,1.5822
image,500000,500048,1.5975
image,500000,500048,1.5694
image,500000,500048,1.6181
image,500000,500048,1.6029
image,500000,500048,1.5810
image,500000,500048,1.6428
image,500000,500048,1.5929
image,500000,500048,1.5260
image,500000,500048,1.5570
image,500000,500048,1.5284
image,500000,500048,1.4985
image,500000,500048,1.4768
image,500000,500048,1.4966
image,500000,500048,1.5646
image,500000,500048,1.4955
image,500000,500048,1.4970
image,500000,500048,1.6505
image,500000,500048,1.4961
image,500000,500048,1.9191
image,500000,500048,1.5242
image,500000,500048,1.7273
image,500000,500048,1.5454
image,500000,500048,1.6466
image,500000,500048,1.6385
image,500000,500048,1.6124
image,500000,500048,1.5791
image,500000,500048,1.5080
image,500000,500048,1.5592
image,500000,500048,1.6012
image,500000,500048,1.5542
image,500000,500048,1.5511
image,500000,500048,1.5314
image,500000,500048,1.6186
image,500000,500048,1.5832
image,500000,500048,1.6171
image,500000,500048,1.6152
image,500000,500048,1.5586
image,500000,500048,1.5449
image,500000,500048,1.5437
image,500000,500048,1.6713
image,500000,500048,1.6688
image,500000,500048,1.5654
image,500000,500048,1.5219
image,500000,500048,1.5850
image,500000,500048,1.4652
image,500000,500048,1.5857
image,500000,500048,1.5545
image,500000,500048,1.6306
image,500000,500048,1.6007
image,500000,500048,1.5710
image,500000,500048,1.5660
image,500000,500048,1.5960
image,500000,500048,1.5828
image,500000,500048,1.4984
image,500000,500048,1.6271
image,500000,500048,1.5992
image,500000,500048,1.5935
image,500000,500048,1.6218
image,500000,500048,1.6229
image,500000,500048,1.9062
image,500000,500048,1.6296
image,500000,500048,1.6430
image,500000,500048,1.5296
image,500000,500048,1.6124
image,500000,500048,1.5238
image,500000,500048,1.6449
image,500000,500048,1.5607
image,500000,500048,1.5211
image,500000,500048,1.5368
image,500000,500048,1.5202
image,500000,500048,1.6734
image,500000,500048,1.5104
image,500000,500048,1.5476
image,500000,500048,1.5875
image,500000,500048,1.5487
image,500000,500048,1.5422
image,500000,500048,1.5552
image,500000,500048,1.4760
image,500000,500048,1.5142
image,500000,500048,1.5500
image,500000,500048,1.7404
image,500000,500048,1.6303
image,500000,500048,1.5648
image,500000,500048,1.5293
image,500000,500048,1.6114
image,500000,500048,1.5701
image,500000,500048,1.5991
image,500000,500048,1.6228
image,1000000,1000048,3.3716
image,1000000,1000048,3.0957
image,1000000,1000048,3.1192
image,1000000,1000048,3.3626
image,1000000,1000048,3.0572
image,1000000,1000048,3.7643
image,1000000,1000048,4.6406
image,1000000,1000048,3.3116
image,1000000,1000048,3.2189
image,1000000,1000048,3.0681
image,1000000,1000048,3.3260
image,1000000,1000048,3.1172
image,1000000,1000048,3.0930
image,1000000,1000048,3.1789
image,1000000,1000048,4.6052
image,1000000,1000048,3.6878
image,1000000,1000048,4.6408
image,1000000,1000048,3.1068
image,1000000,1000048,3.2620
image,1000000,1000048,3.1506
image,1000000,1000048,4.0383
image,1000000,1000048,3.2919
image,1000000,1000048,3.1369
image,1000000,1000048,3.1899
image,1000000,1000048,4.9537
image,1000000,1000048,4.1474
image,1000000,1000048,4.6576
image,1000000,1000048,4.7280
image,1000000,1000048,3.3903
image,1000000,1000048,3.1588
image,1000000,1000048,3.0587
image,1000000,1000048,3.3663
image,1000000,1000048,3.3686
image,1000000,1000048,4.7255
image,1000000,1000048,3.2700
image,1000000,1000048,3.3016
image,1000000,1000048,3.5075
image,1000000,1000048,3.1294
image,1000000,1000048,3.0556
image,1000000,1000048,3.3042
image,1000000,1000048,3.1104
image,1000000,1000048,3.6890
image,1000000,1000048,3.3149
image,1000000,1000048,3.1311
image,1000000,1000048,3.3709
image,1000000,1000048,3.2944
image,1000000,1000048,3.1801
image,1000000,1000048,3.2598
image,1000000,1000048,3.3469
image,1000000,1000048,3.1246
image,1000000,1000048,3.2869
image,1000000,1000048,3.3526
image,1000000,1000048,3.2493
image,1000000,1000048,3.8385
image,1000000,1000048,4.6975
image,1000000,1000048,3.7358
image,1000000,1000048,4.1190
image,1000000,1000048,3.5820
image,1000000,1000048,3.2133
image,1000000,1000048,3.4661
image,1000000,1000048,3.0411
image,1000000,1000048,3.0587
image,1000000,1000048,4.4659
image,1000000,1000048,4.1831
image,1000000,1000048,4.7707
image,1000000,1000048,3.2225
image,1000000,1000048,3.3790
image,1000000,1000048,4.0905
image,1000000,1000048,3.5300
image,1000000,1000048,3.1212
image,1000000,1000048,3.1171
image,1000000,1000048,5.4256
image,1000000,1000048,3.3561
image,1000000,1000048,3.1675
image,1000000,1000048,3.2069
image,1000000,1000048,3.8654
image,1000000,1000048,3.3372
image,1000000,1000048,3.3043
image,1000000,1000048,3.2788
image,1000000,1000048,3.1082
image,1000000,1000048,3.2673
image,1000000,1000048,3.2637
image,1000000,1000048,3.1672
image,1000000,1000048,3.0015
image,1000000,1000048,3.2388
image,1000000,1000048,3.1005
image,1000000,1000048,3.0834
image,1000000,1000048,3.4711
image,1000000,1000048,3.2899
image,1000000,1000048,3.3026
image,1000000,1000048,2.8197
image,1000000,1000048,3.9064
image,1000000,1000048,4.6766
image,1000000,1000048,3.7005
image,1000000,1000048,3.0169
image,1000000,1000048,3.1023
image,1000000,1000048,3.2854
image,1000000,1000048,3.4090
image,1000000,1000048,3.0814
image,1000000,1000048,3.3327
image,1000000,1000048,4.6332
image,1000000,1000048,3.6825
image,1000000,1000048,4.5741
image,1000000,1000048,3.1404
image,1000000,1000048,3.1011
image,1000000,1000048,3.3055
image,1000000,1000048,3.1719
image,1000000,1000048,3.2042
image,1000000,1000048,3.3716
image,1000000,1000048,3.3721
image,1000000,1000048,4.4931
image,1000000,1000048,3.9868
image,1000000,1000048,4.6236
image,1000000,1000048,4.0751
image,1000000,1000048,3.2623
image,1000000,1000048,3.4544
image,1000000,1000048,3.2673
image,1000000,1000048,3.0914
image,1000000,1000048,3.1038
image,1000000,1000048,4.4924
image,1000000,1000048,3.2155
image,1000000,1000048,3.2706
image,1000000,1000048,3.0492
image,1000000,1000048,3.1052
image,1000000,1000048,3.4100
image,1000000,1000048,3.1065
image,1000000,1000048,3.1041
image,1000000,1000048,3.1006
image,1000000,1000048,3.1265
image,1000000,1000048,3.0394
image,1000000,1000048,2.9784
image,1000000,1000048,3.2538
image,1000000,1000048,3.2303
image,1000000,1000048,3.4272
image,1000000,1000048,3.1246
image,1000000,1000048,3.1588
image,1000000,1000048,3.1030
image,1000000,1000048,3.2913
image,1000000,1000048,3.0335
image,1000000,1000048,3.8566
image,1000000,1000048,4.7039
image,1000000,1000048,3.2399
image,1000000,1000048,3.0525
image,1000000,1000048,3.0449
image,1000000,1000048,3.3085
image,1000000,1000048,3.2716
image,1000000,1000048,3.0708
image,1000000,1000048,3.3106
image,1000000,1000048,4.6280
image,1000000,1000048,4.0005
image,1000000,1000048,4.6198
image,1000000,1000048,3.5168
image,1000000,1000048,3.1289
image,1000000,1000048,3.2060
image,1000000,1000048,3.1247
image,1000000,1000048,3.1264
image,1000000,1000048,3.3657
image,1000000,1000048,4.4985
image,1000000,1000048,3.3446
image,1000000,1000048,3.2114
image,1000000,1000048,3.0798
image,1000000,1000048,3.3196
image,1000000,1000048,3.3034
image,1000000,1000048,3.0753
image,1000000,1000048,3.0946
image,1000000,1000048,3.3042
image,1000000,1000048,3.1169
image,1000000,1000048,3.2745
image,1000000,1000048,3.2122
image,1000000,1000048,3.1543
image,1000000,1000048,3.0875
image,1000000,1000048,3.0961
image,1000000,1000048,3.1321
image,1000000,1000048,3.1573
image,1000000,1000048,3.3318
image,1000000,1000048,3.3019
image,1000000,1000048,3.3213
image,1000000,1000048,3.8402
image,1000000,1000048,4.6462
image,1000000,1000048,3.5556
image,1000000,1000048,3.0710
image,1000000,1000048,3.0925
image,1000000,1000048,3.2585
image,1000000,1000048,3.3361
image,1000000,1000048,3.1257
image,1000000,1000048,3.2971
image,1000000,1000048,4.5572
image,1000000,1000048,3.6549
image,1000000,1000048,4.5081
image,1000000,1000048,106.5235
image,1000000,1000048,6.2711
image,1000000,1000048,2.9904
image,1000000,1000048,5.6389
image,1000000,1000048,2.9871
image,1000000,1000048,3.0649
image,1000000,1000048,4.5929
image,1000000,1000048,3.9189
image,1000000,1000048,4.5781
image,1000000,1000048,3.7363
image,1000000,1000048,3.2460
image,1000000,1000048,3.0984
image,1000000,1000048,3.1184
image,1000000,1000048,3.0939
image,1000000,1000048,3.1048
image,1000000,1000048,3.3012
image,1000000,1000048,4.4842
image,1000000,1000048,3.6290
image,1000000,1000048,4.5503
image,1000000,1000048,3.2225
image,1000000,1000048,3.2465
image,1000000,1000048,3.1714
image,1000000,1000048,3.1801
image,1000000,1000048,3.3113
image,1000000,1000048,3.3110
image,1000000,1000048,4.6695
image,1000000,1000048,3.0719
image,1000000,1000048,3.2891
image,1000000,1000048,3.1148
image,1000000,1000048,3.0849
image,1000000,1000048,3.0890
image,1000000,1000048,3.3130
image,1000000,1000048,3.1218
image,1000000,1000048,3.1582
image,1000000,1000048,3.3378
image,1000000,1000048,3.2221
image,1000000,1000048,3.2228
image,1000000,1000048,3.0381
image,1000000,1000048,3.1244
image,1000000,1000048,3.1198
image,1000000,1000048,3.0952
image,1000000,1000048,3.3907
image,1000000,1000048,3.1310
image,1000000,1000048,3.1013
image,1000000,1000048,3.1280
image,1000000,1000048,3.6213
image,1000000,1000048,4.8887
image,1000000,1000048,3.1515
image,1000000,1000048,3.3859
image,1000000,1000048,3.0991
image,1000000,1000048,3.1489
image,1000000,1000048,3.3272
image,1000000,1000048,3.4508
image,1000000,1000048,5.4966
image,1000000,1000048,4.5738
image,1000000,1000048,3.8013
image,1000000,1000048,4.7297
image,1000000,1000048,3.8639
image,1000000,1000048,3.0451
image,1000000,1000048,3.0711
image,1000000,1000048,3.3573
image,1000000,1000048,3.0620
image,1000000,1000048,3.3818
image,1000000,1000048,4.4663
image,1000000,1000048,3.0624
image,1000000,1000048,3.0332
image,1000000,1000048,3.1037
image,1000000,1000048,2.8735
image,1000000,1000048,3.4167
image,1000000,1000048,3.1211
image,1000000,1000048,3.3414
image,1000000,1000048,3.3864
image,1000000,1000048,2.9990
image,1000000,1000048,3.0098
image,1000000,1000048,3.2398
image,1000000,1000048,3.0034
image,1000000,1000048,3.0596
image,1000000,1000048,3.1423
image,1000000,1000048,3.1442
image,1000000,1000048,3.1374
image,1000000,1000048,3.3239
image,1000000,1000048,3.0904
image,1000000,1000048,3.1740
image,1000000,1000048,3.6494
image,1000000,1000048,4.6942
image,1000000,1000048,3.2084
image,1000000,1000048,3.1372
image,1000000,1000048,3.2294
image,1000000,1000048,3.1488
image,1000000,1000048,3.1370
image,1000000,1000048,3.2653
image,1000000,1000048,3.1121
image,1000000,1000048,4.6306
image,1000000,1000048,3.7052
image,1000000,1000048,4.5636
image,1000000,1000048,3.1584
image,1000000,1000048,3.3027
image,1000000,1000048,3.1406
image,1000000,1000048,3.1145
image,1000000,1000048,3.0895
image,1000000,1000048,3.3309
image,1000000,1000048,3.1717
image,1000000,1000048,4.6167
image,1000000,1000048,4.0101
image,1000000,1000048,5.2153
image,1000000,1000048,3.5229
image,1000000,1000048,3.2379
image,1000000,1000048,3.1029
image,1000000,1000048,3.0597
image,1000000,1000048,3.3106
image,1000000,1000048,3.2662
image,1000000,1000048,4.4627
image,1000000,1000048,2.9813
image,1000000,1000048,3.0319
image,1000000,1000048,3.2606
image,1000000,1000048,3.0451
image,1000000,1000048,3.0843
image,1000000,1000048,3.0913
image,1000000,1000048,3.2729
image,1000000,1000048,3.0730
image,1000000,1000048,3.0897
image,1000000,1000048,3.0523
image,1000000,1000048,3.0274
image,1000000,1000048,3.2688
image,1000000,1000048,3.0538
image,1000000,1000048,3.2645
image,1000000,1000048,3.0627
image,1000000,1000048,3.1059
image,1000000,1000048,3.3092
image,1000000,1000048,3.2092
image,1000000,1000048,3.0851
image,1000000,1000048,3.6101
image,1000000,1000048,4.7140
image,1000000,1000048,3.7008
image,1000000,1000048,3.2025
image,1000000,1000048,3.0962
image,1000000,1000048,3.2766
image,1000000,1000048,3.2725
image,1000000,1000048,3.1046
image,1000000,1000048,3.0756
image,1000000,1000048,4.4962
image,1000000,1000048,3.5360
image,1000000,1000048,4.6793
image,1000000,1000048,3.6917
image,1000000,1000048,3.1099
image,1000000,1000048,3.0448
image,1000000,1000048,3.0615
image,1000000,1000048,3.0640
image,1000000,1000048,3.2781
image,1000000,1000048,4.6773
image,1000000,1000048,3.2688
image,1000000,1000048,3.0145
image,1000000,1000048,3.1274
image,1000000,1000048,3.1074
image,1000000,1000048,3.1137
image,1000000,1000048,3.0547
image,1000000,1000048,3.1233
image,1000000,1000048,3.1170
image,1000000,1000048,3.1135
image,1000000,1000048,3.2073
image,1000000,1000048,3.3311
image,1000000,1000048,3.0235
image,1000000,1000048,3.3684
image,1000000,1000048,3.1460
image,1000000,1000048,3.1417
image,1000000,1000048,3.1035
image,1000000,1000048,3.1032
image,1000000,1000048,3.1424
image,1000000,1000048,3.1268
image,1000000,1000048,3.2254
image,1000000,1000048,3.2701
image,1000000,1000048,3.1661
image,1000000,1000048,3.1617
image,1000000,1000048,3.1258
image,1000000,1000048,3.3350
image,1000000,1000048,3.3217
image,1000000,1000048,3.1399
image,1000000,1000048,3.1403
image,1000000,1000048,3.1195
image,1000000,1000048,3.8274
image,1000000,1000048,4.4752
image,1000000,1000048,3.1585
image,1000000,1000048,3.3006
image,1000000,1000048,3.2656
image,1000000,1000048,3.5914
image,1000000,1000048,3.4289
image,1000000,1000048,3.1261
image,1000000,1000048,3.3303
image,1000000,1000048,4.7619
image,1000000,1000048,3.8399
image,1000000,1000048,4.7322
image,1000000,1000048,3.1934
image,1000000,1000048,3.4540
image,1000000,1000048,3.1618
image,1000000,1000048,3.1652
image,1000000,1000048,3.1292
image,1000000,1000048,3.2795
image,1000000,1000048,4.5863
image,1000000,1000048,3.0086
image,1000000,1000048,3.2839
image,1000000,1000048,3.1067
image,1000000,1000048,3.1026
image,1000000,1000048,3.3575
image,1000000,1000048,3.1231
image,1000000,1000048,3.1480
image,1000000,1000048,3.1743
image,1000000,1000048,3.1754
image,1000000,1000048,3.0757
image,1000000,1000048,2.9906
image,1000000,1000048,2.9939
image,1000000,1000048,3.0549
image,1000000,1000048,3.3603
image,1000000,1000048,3.1631
image,1000000,1000048,3.3422
image,1000000,1000048,3.3032
image,1000000,1000048,3.3468
image,1000000,1000048,3.2845
image,1000000,1000048,4.0353
image,1000000,1000048,4.5147
image,1000000,1000048,3.8923
image,1000000,1000048,3.4253
image,1000000,1000048,3.0904
image,1000000,1000048,3.0988
image,1000000,1000048,3.2035
image,1000000,1000048,3.1043
image,1000000,1000048,3.0659
image,1000000,1000048,4.5185
image,1000000,1000048,3.9329
image,1000000,1000048,4.5451
image,1000000,1000048,3.1366
image,1000000,1000048,3.0961
image,1000000,1000048,3.0960
image,1000000,1000048,3.1140
image,1000000,1000048,3.3694
image,1000000,1000048,3.1323
image,1000000,1000048,3.1318
image,1000000,1000048,4.4708
image,1000000,1000048,3.7866
image,1000000,1000048,4.4906
image,1000000,1000048,3.3486
image,1000000,1000048,3.2509
image,1000000,1000048,3.2318
image,1000000,1000048,3.1045
image,1000000,1000048,3.1262
image,1000000,1000048,3.0811
image,1000000,1000048,4.5200
image,1000000,1000048,3.1893
image,1000000,1000048,3.1313
image,1000000,1000048,3.1095
image,1000000,1000048,3.0807
image,1000000,1000048,3.2647
image,1000000,1000048,3.0552
image,1000000,1000048,3.0893
image,1000000,1000048,3.0387
image,1000000,1000048,3.0932
image,1000000,1000048,3.0367
image,1000000,1000048,3.0365
image,1000000,1000048,3.0967
image,1000000,1000048,3.2484
image,1000000,1000048,3.2502
image,1000000,1000048,3.0934
image,1000000,1000048,3.2760
image,1000000,1000048,3.1872
image,1000000,1000048,3.0895
image,1000000,1000048,3.0031
image,1000000,1000048,3.7823
image,1000000,1000048,4.5581
image,1000000,1000048,3.3193
image,1000000,1000048,3.1214
image,1000000,1000048,3.2419
image,1000000,1000048,3.0761
image,1000000,1000048,3.0638
image,1000000,1000048,3.1976
image,1000000,1000048,3.0288
image,1000000,1000048,4.5200
image,1000000,1000048,3.9282
image,1000000,1000048,4.7640
image,1000000,1000048,3.6887
image,1000000,1000048,3.2884
image,1000000,1000048,3.0849
image,1000000,1000048,3.1090
image,1000000,1000048,3.1400
image,1000000,1000048,3.1263
image,1000000,1000048,4.6075
image,1000000,1000048,2.9756
image,1000000,1000048,2.9852
image,1000000,1000048,3.1262
image,1000000,1000048,3.1310
image,1000000,1000048,3.1560
image,1000000,1000048,3.3778
image,1000000,1000048,3.2894
image,1000000,1000048,3.0816
image,1000000,1000048,3.1217
image,1000000,1000048,3.0720
image,1000000,1000048,3.0394
image,1000000,1000048,3.2789
image,1000000,1000048,3.2050
image,1000000,1000048,3.3640
image,1000000,1000048,3.1519
image,1000000,1000048,102.3692
image,1000000,1000048,2.9944
image,1000000,1000048,4.4616
image,1000000,1000048,3.0645
image,1000000,1000048,2.9468
image,1000000,1000048,3.2376
image,1000000,1000048,3.2354
image,1000000,1000048,3.0811
image,1000000,1000048,3.4865
image,1000000,1000048,3.2713
image,1000000,1000048,3.0119
image,1000000,1000048,3.2989
image,1000000,1000048,3.0541
image,1000000,1000048,3.2255
image,1000000,1000048,3.6170
image,1000000,1000048,4.7502
image,1000000,1000048,3.1218
image,1000000,1000048,2.9438
image,1000000,1000048,3.4063
image,1000000,1000048,3.1714
image,1000000,1000048,3.1557
image,1000000,1000048,3.3740
image,1000000,1000048,3.1074
image,1000000,1000048,4.5528
image,1000000,1000048,3.7954
image,1000000,1000048,4.4964
image,1000000,1000048,3.2333
image,1000000,1000048,3.0570
image,1000000,1000048,2.2712
image,1000000,1000048,3.0581
image,1000000,1000048,3.1325
image,1000000,1000048,3.2767
image,1000000,1000048,4.6723
image,1000000,1000048,3.0472
image,1000000,1000048,3.2076
image,1000000,1000048,3.0683
image,1000000,1000048,3.3092
image,1000000,1000048,3.0839
image,1000000,1000048,3.3178
image,1000000,1000048,3.1409
image,1000000,1000048,3.0607
image,1000000,1000048,3.2733
image,1000000,1000048,3.0048
image,1000000,1000048,3.0779
image,1000000,1000048,2.9828
image,1000000,1000048,3.1192
image,1000000,1000048,3.1671
image,1000000,1000048,3.0724
image,1000000,1000048,3.0857
image,1000000,1000048,3.2970
image,1000000,1000048,3.0674
image,1000000,1000048,3.1065
image,5000000,5000048,13.6388
image,5000000,5000048,13.6830
image,5000000,5000048,14.7949
image,5000000,5000048,15.1166
image,5000000,5000048,14.1006
image,5000000,5000048,15.2670
image,5000000,5000048,15.4071
image,5000000,5000048,14.0943
image,5000000,5000048,13.9909
image,5000000,5000048,14.9951
image,5000000,5000048,14.0243
image,5000000,5000048,15.4932
image,5000000,5000048,14.1349
image,5000000,5000048,14.0500
image,5000000,5000048,14.3298
image,5000000,5000048,15.6333
image,5000000,5000048,15.2102
image,5000000,5000048,14.9968
image,5000000,5000048,13.7912
image,5000000,5000048,14.0602
image,5000000,5000048,14.2973
image,5000000,5000048,14.2379
image,5000000,5000048,15.6057
image,5000000,5000048,15.3722
image,5000000,5000048,13.9916
image,5000000,5000048,15.3016
image,5000000,5000048,13.9562
image,5000000,5000048,13.9308
image,5000000,5000048,13.7384
image,5000000,5000048,15.6197
image,5000000,5000048,15.5506
image,5000000,5000048,15.4745
image,5000000,5000048,13.6464
image,5000000,5000048,13.7248
image,5000000,5000048,14.3229
image,5000000,5000048,15.4347
image,5000000,5000048,13.9357
image,5000000,5000048,14.2527
image,5000000,5000048,14.2542
image,5000000,5000048,14.3422
image,5000000,5000048,15.1368
image,5000000,5000048,13.8553
image,5000000,5000048,14.2568
image,5000000,5000048,15.5339
image,5000000,5000048,14.2753
image,5000000,5000048,14.3864
image,5000000,5000048,14.2006
image,5000000,5000048,14.0614
image,5000000,5000048,14.1113
image,5000000,5000048,14.4295
image,5000000,5000048,15.5715
image,5000000,5000048,15.2791
image,5000000,5000048,14.1745
image,5000000,5000048,13.4529
image,5000000,5000048,14.0187
image,5000000,5000048,14.0534
image,5000000,5000048,14.4808
image,5000000,5000048,13.9170
image,5000000,5000048,14.2120
image,5000000,5000048,14.8699
image,5000000,5000048,15.2956
image,5000000,5000048,15.3390
image,5000000,5000048,14.6262
image,5000000,5000048,15.1269
image,5000000,5000048,14.2318
image,5000000,5000048,15.2956
image,5000000,5000048,14.1330
image,5000000,5000048,14.0716
image,5000000,5000048,14.0258
image,5000000,5000048,15.1661
image,5000000,5000048,15.4988
image,5000000,5000048,13.9883
image,5000000,5000048,13.6996
image,5000000,5000048,14.3144
image,5000000,5000048,14.9478
image,5000000,5000048,13.8548
image,5000000,5000048,14.0289
image,5000000,5000048,14.7912
image,5000000,5000048,13.9394
image,5000000,5000048,14.2972
image,5000000,5000048,13.9359
image,5000000,5000048,14.0064
image,5000000,5000048,15.2408
image,5000000,5000048,13.9749
image,5000000,5000048,15.4175
image,5000000,5000048,14.1759
image,5000000,5000048,13.9628
image,5000000,5000048,14.0890
image,5000000,5000048,15.5084
image,5000000,5000048,13.9469
image,5000000,5000048,15.3312
image,5000000,5000048,14.0340
image,5000000,5000048,13.9496
image,5000000,5000048,15.2887
image,5000000,5000048,14.3099
image,5000000,5000048,15.3350
image,5000000,5000048,14.9667
image,5000000,5000048,15.0493
image,5000000,5000048,14.6892
image,5000000,5000048,14.0380
image,5000000,5000048,14.0951
image,5000000,5000048,14.0680
image,5000000,5000048,14.1500
image,5000000,5000048,15.3580
image,5000000,5000048,14.3844
image,5000000,5000048,14.2533
image,5000000,5000048,13.8045
image,5000000,5000048,13.8707
image,5000000,5000048,15.0642
image,5000000,5000048,15.2409
image,5000000,5000048,13.9995
image,5000000,5000048,14.5453
image,5000000,5000048,14.1982
image,5000000,5000048,14.0580
image,5000000,5000048,14.3391
image,5000000,5000048,15.5309
image,5000000,5000048,14.2828
image,5000000,5000048,13.7644
image,5000000,5000048,15.1829
image,5000000,5000048,15.2191
image,5000000,5000048,14.2135
image,5000000,5000048,14.1349
image,5000000,5000048,14.1609
image,5000000,5000048,14.2190
image,5000000,5000048,14.0849
image,5000000,5000048,14.9598
image,5000000,5000048,14.1565
image,5000000,5000048,15.1313
image,5000000,5000048,14.0810
image,5000000,5000048,14.0401
image,5000000,5000048,15.4294
image,5000000,5000048,14.1997
image,5000000,5000048,14.1139
image,5000000,5000048,13.8409
image,5000000,5000048,14.3420
image,5000000,5000048,13.8934
image,5000000,5000048,14.5203
image,5000000,5000048,14.2478
image,5000000,5000048,15.1215
image,5000000,5000048,14.2007
image,5000000,5000048,13.6637
image,5000000,5000048,13.5946
image,5000000,5000048,13.7320
image,5000000,5000048,13.8217
image,5000000,5000048,14.1716
image,5000000,5000048,15.2044
image,5000000,5000048,14.9103
image,5000000,5000048,13.9821
image,5000000,5000048,15.0987
image,5000000,5000048,13.7154
image,5000000,5000048,13.8896
image,5000000,5000048,14.0344
image,5000000,5000048,14.1935
image,5000000,5000048,14.0268
image,5000000,5000048,15.5261
image,5000000,5000048,13.6849
image,5000000,5000048,13.7443
image,5000000,5000048,14.9314
image,5000000,5000048,14.0680
image,5000000,5000048,14.0738
image,5000000,5000048,15.3216
image,5000000,5000048,14.1233
image,5000000,5000048,14.0671
image,5000000,5000048,13.9170
image,5000000,5000048,15.5350
image,5000000,5000048,14.0795
image,5000000,5000048,15.2983
image,5000000,5000048,14.2420
image,5000000,5000048,14.2867
image,5000000,5000048,14.2517
image,5000000,5000048,14.1815
image,5000000,5000048,14.0033
image,5000000,5000048,15.5023
image,5000000,5000048,14.2044
image,5000000,5000048,14.1583
image,5000000,5000048,14.0471
image,5000000,5000048,14.8932
image,5000000,5000048,15.4204
image,5000000,5000048,14.1248
image,5000000,5000048,14.1626
image,5000000,5000048,14.2491
image,5000000,5000048,13.9731
image,5000000,5000048,15.3604
image,5000000,5000048,14.0840
image,5000000,5000048,15.3264
image,5000000,5000048,14.0266
image,5000000,5000048,14.0659
image,5000000,5000048,14.0178
image,5000000,5000048,14.1078
image,5000000,5000048,14.1189
image,5000000,5000048,14.1610
image,5000000,5000048,14.2481
image,5000000,5000048,14.2083
image,5000000,5000048,15.6112
image,5000000,5000048,15.4743
image,5000000,5000048,14.2683
image,5000000,5000048,15.4888
image,5000000,5000048,14.8606
image,5000000,5000048,15.2178
image,5000000,5000048,14.5290
image,5000000,5000048,14.1153
image,5000000,5000048,14.4597
image,5000000,5000048,13.9883
image,5000000,5000048,14.0815
image,5000000,5000048,15.4115
image,5000000,5000048,14.0814
image,5000000,5000048,13.6890
image,5000000,5000048,13.7042
image,5000000,5000048,13.9003
image,5000000,5000048,14.3842
image,5000000,5000048,13.7639
image,5000000,5000048,15.3393
image,5000000,5000048,13.8597
image,5000000,5000048,13.3613
image,5000000,5000048,14.7332
image,5000000,5000048,13.5348
image,5000000,5000048,13.6678
image,5000000,5000048,13.6159
image,5000000,5000048,15.1710
image,5000000,5000048,14.0053
image,5000000,5000048,15.4844
image,5000000,5000048,15.4682
image,5000000,5000048,13.4783
image,5000000,5000048,13.4352
image,5000000,5000048,13.4203
image,5000000,5000048,15.0175
image,5000000,5000048,15.2788
image,5000000,5000048,13.7103
image,5000000,5000048,14.6572
image,5000000,5000048,13.9686
image,5000000,5000048,13.4238
image,5000000,5000048,14.2715
image,5000000,5000048,14.7479
image,5000000,5000048,14.8727
image,5000000,5000048,15.2340
image,5000000,5000048,13.8103
image,5000000,5000048,13.8239
image,5000000,5000048,13.8092
image,5000000,5000048,13.7830
image,5000000,5000048,13.5441
image,5000000,5000048,13.6097
image,5000000,5000048,13.5737
image,5000000,5000048,13.7212
image,5000000,5000048,15.2780
image,5000000,5000048,15.5241
image,5000000,5000048,15.4435
image,5000000,5000048,15.3881
image,5000000,5000048,13.7255
image,5000000,5000048,14.7566
image,5000000,5000048,15.4625
image,5000000,5000048,14.2193
image,5000000,5000048,13.8418
image,5000000,5000048,15.1550
image,5000000,5000048,15.2436
image,5000000,5000048,14.8385
image,5000000,5000048,16.1657
image,5000000,5000048,13.8426
image,5000000,5000048,13.8155
image,5000000,5000048,15.1786
image,5000000,5000048,16.0028
image,5000000,5000048,13.7239
image,5000000,5000048,14.0463
image,5000000,5000048,13.9661
image,5000000,5000048,17.5237
image,5000000,5000048,18.2896
image,5000000,5000048,13.6489
image,5000000,5000048,17.3021
image,5000000,5000048,17.3881
image,5000000,5000048,17.3687
image,5000000,5000048,14.0400
image,5000000,5000048,17.9577
image,5000000,5000048,16.2466
image,5000000,5000048,14.2422
image,5000000,5000048,13.8193
image,5000000,5000048,14.7476
image,5000000,5000048,13.7055
image,5000000,5000048,14.5118
image,5000000,5000048,14.8584
image,5000000,5000048,14.8968
image,5000000,5000048,14.2504
image,5000000,5000048,13.9317
image,5000000,5000048,13.9717
image,5000000,5000048,13.9875
image,5000000,5000048,13.9235
image,5000000,5000048,13.9704
image,5000000,5000048,13.9880
image,5000000,5000048,13.8916
image,5000000,5000048,14.9203
image,5000000,5000048,13.9372
image,5000000,5000048,15.5607
image,5000000,5000048,15.4696
image,5000000,5000048,15.1462
image,5000000,5000048,14.0852
image,5000000,5000048,14.7746
image,5000000,5000048,13.9072
image,5000000,5000048,10.6592
image,5000000,5000048,13.9355
image,5000000,5000048,14.0151
image,5000000,5000048,14.0203
image,5000000,5000048,15.1814
image,5000000,5000048,15.0175
image,5000000,5000048,15.1551
image,5000000,5000048,14.1451
image,5000000,5000048,14.1094
image,5000000,5000048,14.1511
image,5000000,5000048,14.1001
image,5000000,5000048,14.1392
image,5000000,5000048,14.1327
image,5000000,5000048,15.4805
image,5000000,5000048,14.0377
image,5000000,5000048,14.8400
image,5000000,5000048,14.1172
image,5000000,5000048,15.5463
image,5000000,5000048,13.9174
image,5000000,5000048,13.9858
image,5000000,5000048,14.1008
image,5000000,5000048,16.9855
image,5000000,5000048,14.1174
image,5000000,5000048,16.0726
image,5000000,5000048,14.9110
image,5000000,5000048,17.7680
image,5000000,5000048,14.0124
image,5000000,5000048,14.2032
image,5000000,5000048,14.2525
image,5000000,5000048,17.0451
image,5000000,5000048,14.4129
image,5000000,5000048,14.2002
image,5000000,5000048,14.4607
image,5000000,5000048,16.8245
image,5000000,5000048,17.8609
image,5000000,5000048,13.7665
image,5000000,5000048,17.2983
image,5000000,5000048,14.6949
image,5000000,5000048,15.5317
image,5000000,5000048,14.0894
image,5000000,5000048,16.4607
image,5000000,5000048,16.0339
image,5000000,5000048,14.7414
image,5000000,5000048,14.4990
image,5000000,5000048,14.0502
image,5000000,5000048,14.4330
image,5000000,5000048,15.7433
image,5000000,5000048,14.0603
image,5000000,5000048,14.1123
image,5000000,5000048,14.3598
image,5000000,5000048,15.5120
image,5000000,5000048,14.0448
image,5000000,5000048,13.9670
image,5000000,5000048,14.8322
image,5000000,5000048,14.2634
image,5000000,5000048,14.1031
image,5000000,5000048,13.9078
image,5000000,5000048,15.5319
image,5000000,5000048,15.6304
image,5000000,5000048,16.0788
image,5000000,5000048,14.7663
image,5000000,5000048,14.1839
image,5000000,5000048,14.6876
image,5000000,5000048,14.1797
image,5000000,5000048,13.8804
image,5000000,5000048,16.5941
image,5000000,5000048,17.2129
image,5000000,5000048,15.6622
image,5000000,5000048,15.4356
image,5000000,5000048,14.7297
image,5000000,5000048,14.4772
image,5000000,5000048,15.0515
image,5000000,5000048,13.8320
image,5000000,5000048,13.9110
image,5000000,5000048,14.1928
image,5000000,5000048,14.1523
image,5000000,5000048,14.0433
image,5000000,5000048,17.0300
image,5000000,5000048,13.9672
image,5000000,5000048,14.1952
image,5000000,5000048,14.0536
image,5000000,5000048,14.0739
image,5000000,5000048,15.6641
image,5000000,5000048,14.5880
image,5000000,5000048,18.6078
image,5000000,5000048,14.2280
image,5000000,5000048,14.4925
image,5000000,5000048,18.0235
image,5000000,5000048,14.1148
image,5000000,5000048,14.2639
image,5000000,5000048,14.3988
image,5000000,5000048,15.2342
image,5000000,5000048,16.2420
image,5000000,5000048,14.1366
image,5000000,5000048,18.6039
image,5000000,5000048,14.1010
image,5000000,5000048,17.3796
image,5000000,5000048,14.0696
image,5000000,5000048,14.2530
image,5000000,5000048,14.2248
image,5000000,5000048,15.6751
image,5000000,5000048,14.2820
image,5000000,5000048,18.3725
image,5000000,5000048,15.1354
image,5000000,5000048,14.2983
image,5000000,5000048,15.4748
image,5000000,5000048,14.0023
image,5000000,5000048,16.7912
image,5000000,5000048,14.2392
image,5000000,5000048,14.2442
image,5000000,5000048,14.6700
image,5000000,5000048,14.1985
image,5000000,5000048,17.5546
image,5000000,5000048,15.3277
image,5000000,5000048,18.4701
image,5000000,5000048,14.5139
image,5000000,5000048,16.2863
image,5000000,5000048,13.7928
image,5000000,5000048,13.6915
image,5000000,5000048,17.5241
image,5000000,5000048,14.4730
image,5000000,5000048,14.0852
image,5000000,5000048,15.2819
image,5000000,5000048,14.1566
image,5000000,5000048,14.0740
image,5000000,5000048,14.1036
image,5000000,5000048,15.1268
image,5000000,5000048,13.9991
image,5000000,5000048,14.0807
image,5000000,5000048,18.1084
image,5000000,5000048,13.9898
image,5000000,5000048,14.1715
image,5000000,5000048,14.0392
image,5000000,5000048,13.7690
image,5000000,5000048,14.1490
image,5000000,5000048,13.9589
image,5000000,5000048,13.9316
image,5000000,5000048,13.9675
image,5000000,5000048,13.8182
image,5000000,5000048,15.4135
image,5000000,5000048,15.3698
image,5000000,5000048,14.1384
image,5000000,5000048,15.2803
image,5000000,5000048,14.2464
image,5000000,5000048,15.7837
image,5000000,5000048,15.4367
image,5000000,5000048,15.4730
image,5000000,5000048,15.5038
image,5000000,5000048,15.4754
image,5000000,5000048,15.3249
image,5000000,5000048,13.9129
image,5000000,5000048,14.0978
image,5000000,5000048,13.8890
image,5000000,5000048,15.1675
image,5000000,5000048,13.8667
image,5000000,5000048,13.9874
image,5000000,5000048,15.3052
image,5000000,5000048,13.8069
image,5000000,5000048,15.0388
image,5000000,5000048,15.2197
image,5000000,5000048,13.8828
image,5000000,5000048,15.4626
image,5000000,5000048,14.3434
image,5000000,5000048,13.9499
image,5000000,5000048,14.0291
image,5000000,5000048,13.8612
image,5000000,5000048,13.8627
image,5000000,5000048,14.1487
image,5000000,5000048,15.2111
image,5000000,5000048,14.0874
image,5000000,5000048,15.2304
image,5000000,5000048,14.0345
image,5000000,5000048,14.0022
image,5000000,5000048,15.2035
image,5000000,5000048,13.9277
image,5000000,5000048,15.1475
image,5000000,5000048,13.7392
image,5000000,5000048,13.9329
image,5000000,5000048,14.0690
image,5000000,5000048,14.1373
image,5000000,5000048,14.2712
image,5000000,5000048,14.4727
image,5000000,5000048,13.8797
image,5000000,5000048,13.6538
image,5000000,5000048,13.7711
image,5000000,5000048,13.8050
image,5000000,5000048,13.8891
image,5000000,5000048,14.1055
image,5000000,5000048,15.4033
image,5000000,5000048,14.0969
image,5000000,5000048,15.3296
image,5000000,5000048,14.3713
image,5000000,5000048,13.7595
image,5000000,5000048,13.5968
image,5000000,5000048,14.9450
image,5000000,5000048,13.9082
image,5000000,5000048,14.0415
image,5000000,5000048,15.3777
image,5000000,5000048,14.1133
image,5000000,5000048,14.0443
image,5000000,5000048,13.5884
image,5000000,5000048,13.8299
image,5000000,5000048,13.8416
image,5000000,5000048,14.0070
image,5000000,5000048,14.1970
image,5000000,5000048,14.0896
image,5000000,5000048,14.1855
image,5000000,5000048,15.3905
image,5000000,5000048,15.0669
image,5000000,5000048,15.3131
image,5000000,5000048,14.0471
image,5000000,5000048,15.6022
image,5000000,5000048,14.0237
image,5000000,5000048,16.4700
image,5000000,5000048,13.8684
image,5000000,5000048,13.8831
image,5000000,5000048,15.3516
image,5000000,5000048,13.9702
image,5000000,5000048,15.1510
image,5000000,5000048,14.2728
image,5000000,5000048,14.3601
image,5000000,5000048,14.1157
image,5000000,5000048,15.5102
image,5000000,5000048,15.5226
image,5000000,5000048,14.6353
image,5000000,5000048,14.0702
image,5000000,5000048,14.0285
image,5000000,5000048,13.8764
image,5000000,5000048,14.0230
image,5000000,5000048,14.1366
image,5000000,5000048,15.4817
image,5000000,5000048,14.1558
image,5000000,5000048,14.1140
image,5000000,5000048,14.0983
image,5000000,5000048,14.1189
image,5000000,5000048,15.4216
image,5000000,5000048,14.1223
image,5000000,5000048,13.7753
image,5000000,5000048,13.8176
image,5000000,5000048,14.0553
image,5000000,5000048,15.3189
image,5000000,5000048,15.2903
image,5000000,5000048,15.1468
image,5000000,5000048,15.3039
image,5000000,5000048,13.8280
image,10000000,10000048,26.3409
image,10000000,10000048,25.2529
image,10000000,10000048,25.9676
image,10000000,10000048,26.6344
image,10000000,10000048,28.0175
image,10000000,10000048,27.2081
image,10000000,10000048,27.8848
image,10000000,10000048,26.8154
image,10000000,10000048,25.6454
image,10000000,10000048,25.7487
image,10000000,10000048,27.0622
image,10000000,10000048,26.0775
image,10000000,10000048,27.3682
image,10000000,10000048,26.1492
image,10000000,10000048,28.3656
image,10000000,10000048,25.1479
image,10000000,10000048,25.8011
image,10000000,10000048,25.2957
image,10000000,10000048,26.9075
image,10000000,10000048,26.8345
image,10000000,10000048,28.9223
image,10000000,10000048,27.5211
image,10000000,10000048,26.1510
image,10000000,10000048,25.8382
image,10000000,10000048,26.2395
image,10000000,10000048,26.3069
image,10000000,10000048,27.5845
image,10000000,10000048,27.9206
image,10000000,10000048,24.5182
image,10000000,10000048,23.8150
image,10000000,10000048,26.7401
image,10000000,10000048,25.8230
image,10000000,10000048,25.9091
image,10000000,10000048,26.0500
image,10000000,10000048,26.8528
image,10000000,10000048,24.4625
image,10000000,10000048,25.1598
image,10000000,10000048,25.3274
image,10000000,10000048,25.9864
image,10000000,10000048,26.0720
image,10000000,10000048,26.0257
image,10000000,10000048,26.1633
image,10000000,10000048,24.3758
image,10000000,10000048,24.5476
image,10000000,10000048,24.6217
image,10000000,10000048,25.4609
image,10000000,10000048,25.9862
image,10000000,10000048,28.4163
image,10000000,10000048,25.8653
image,10000000,10000048,24.3061
image,10000000,10000048,25.5789
image,10000000,10000048,25.3573
image,10000000,10000048,27.6490
image,10000000,10000048,28.3883
image,10000000,10000048,25.9829
image,10000000,10000048,27.6365
image,10000000,10000048,24.4555
image,10000000,10000048,25.2635
image,10000000,10000048,25.5330
image,10000000,10000048,26.8288
image,10000000,10000048,26.4390
image,10000000,10000048,26.4685
image,10000000,10000048,24.4387
image,10000000,10000048,27.4075
image,10000000,10000048,26.2894
image,10000000,10000048,26.4157
image,10000000,10000048,29.2380
image,10000000,10000048,26.3981
image,10000000,10000048,25.6671
image,10000000,10000048,26.4495
image,10000000,10000048,24.9426
image,10000000,10000048,26.1990
image,10000000,10000048,27.2118
image,10000000,10000048,31.1791
image,10000000,10000048,26.2485
image,10000000,10000048,25.4533
image,10000000,10000048,27.5285
image,10000000,10000048,28.0516
image,10000000,10000048,26.2852
image,10000000,10000048,28.8098
image,10000000,10000048,27.0442
image,10000000,10000048,28.9462
image,10000000,10000048,25.3888
image,10000000,10000048,25.4092
image,10000000,10000048,25.1942
image,10000000,10000048,25.5964
image,10000000,10000048,25.8168
image,10000000,10000048,26.1215
image,10000000,10000048,25.4529
image,10000000,10000048,26.2685
image,10000000,10000048,23.1611
image,10000000,10000048,26.5606
image,10000000,10000048,27.5122
image,10000000,10000048,26.0189
image,10000000,10000048,28.9015
image,10000000,10000048,27.8441
image,10000000,10000048,26.6501
image,10000000,10000048,24.5321
image,10000000,10000048,25.2196
image,10000000,10000048,25.5869
image,10000000,10000048,27.8542
image,10000000,10000048,26.2377
image,10000000,10000048,26.7511
image,10000000,10000048,24.3294
image,10000000,10000048,24.5609
image,10000000,10000048,25.2559
image,10000000,10000048,27.2878
image,10000000,10000048,26.0926
image,10000000,10000048,27.1224
image,10000000,10000048,26.7053
image,10000000,10000048,26.5049
image,10000000,10000048,25.9540
image,10000000,10000048,26.4555
image,10000000,10000048,27.0411
image,10000000,10000048,28.6917
image,10000000,10000048,26.2222
image,10000000,10000048,24.6387
image,10000000,10000048,25.4466
image,10000000,10000048,26.0554
image,10000000,10000048,26.2166
image,10000000,10000048,26.3667
image,10000000,10000048,25.8121
image,10000000,10000048,28.5808
image,10000000,10000048,25.7032
image,10000000,10000048,24.4572
image,10000000,10000048,25.3617
image,10000000,10000048,27.6722
image,10000000,10000048,25.7986
image,10000000,10000048,26.1144
image,10000000,10000048,24.7851
image,10000000,10000048,24.2402
image,10000000,10000048,26.9888
image,10000000,10000048,25.8216
image,10000000,10000048,26.9771
image,10000000,10000048,27.8591
image,10000000,10000048,27.2967
image,10000000,10000048,24.7224
image,10000000,10000048,26.9376
image,10000000,10000048,26.1861
image,10000000,10000048,25.8846
image,10000000,10000048,27.8858
image,10000000,10000048,26.4202
image,10000000,10000048,25.7114
image,10000000,10000048,26.8506
image,10000000,10000048,24.9769
image,10000000,10000048,25.6246
image,10000000,10000048,26.1687
image,10000000,10000048,27.4535
image,10000000,10000048,24.7349
image,10000000,10000048,24.5172
image,10000000,10000048,25.9198
image,10000000,10000048,26.2053
image,10000000,10000048,26.8864
image,10000000,10000048,28.7601
image,10000000,10000048,25.5266
image,10000000,10000048,25.7859
image,10000000,10000048,26.9210
image,10000000,10000048,27.7585
image,10000000,10000048,25.7843
image,10000000,10000048,26.0052
image,10000000,10000048,26.7757
image,10000000,10000048,25.3167
image,10000000,10000048,26.5137
image,10000000,10000048,24.5230
image,10000000,10000048,24.7501
image,10000000,10000048,25.7956
image,10000000,10000048,25.7262
image,10000000,10000048,26.5228
image,10000000,10000048,26.1915
image,10000000,10000048,24.0334
image,10000000,10000048,26.0493
image,10000000,10000048,27.0079
image,10000000,10000048,25.4694
image,10000000,10000048,25.9305
image,10000000,10000048,25.1656
image,10000000,10000048,24.2542
image,10000000,10000048,24.9268
image,10000000,10000048,27.1162
image,10000000,10000048,25.4854
image,10000000,10000048,26.4900
image,10000000,10000048,27.1411
image,10000000,10000048,27.5271
image,10000000,10000048,24.3080
image,10000000,10000048,24.3970
image,10000000,10000048,25.5960
image,10000000,10000048,25.1799
image,10000000,10000048,26.0058
image,10000000,10000048,27.2403
image,10000000,10000048,26.0481
image,10000000,10000048,24.3308
image,10000000,10000048,27.0293
image,10000000,10000048,25.2570
image,10000000,10000048,25.4710
image,10000000,10000048,27.5021
image,10000000,10000048,28.1999
image,10000000,10000048,25.9074
image,10000000,10000048,23.2877
image,10000000,10000048,24.4920
image,10000000,10000048,26.1615
image,10000000,10000048,26.5074
image,10000000,10000048,26.8835
image,10000000,10000048,26.3814
image,10000000,10000048,26.9245
image,10000000,10000048,25.2655
image,10000000,10000048,25.3646
image,10000000,10000048,25.9692
image,10000000,10000048,26.5903
image,10000000,10000048,28.6840
image,10000000,10000048,27.3365
image,10000000,10000048,26.4829
image,10000000,10000048,25.3971
image,10000000,10000048,25.6522
image,10000000,10000048,26.2545
image,10000000,10000048,26.4840
image,10000000,10000048,26.7968
image,10000000,10000048,27.2199
image,10000000,10000048,27.5675
image,10000000,10000048,25.2569
image,10000000,10000048,25.4867
image,10000000,10000048,26.0563
image,10000000,10000048,26.4484
image,10000000,10000048,28.5859
image,10000000,10000048,27.2313
image,10000000,10000048,26.2002
image,10000000,10000048,24.2120
image,10000000,10000048,24.6490
image,10000000,10000048,24.9911
image,10000000,10000048,25.6331
image,10000000,10000048,25.7622
image,10000000,10000048,25.7280
image,10000000,10000048,26.3829
image,10000000,10000048,24.3030
image,10000000,10000048,24.5840
image,10000000,10000048,25.1030
image,10000000,10000048,25.9127
image,10000000,10000048,28.0639
image,10000000,10000048,26.0139
image,10000000,10000048,25.5226
image,10000000,10000048,24.7031
image,10000000,10000048,25.1457
image,10000000,10000048,24.9632
image,10000000,10000048,27.1778
image,10000000,10000048,22.3619
image,10000000,10000048,26.5668
image,10000000,10000048,25.7015
image,10000000,10000048,27.1954
image,10000000,10000048,24.3375
image,10000000,10000048,24.8181
image,10000000,10000048,25.6897
image,10000000,10000048,25.7010
image,10000000,10000048,28.5174
image,10000000,10000048,26.0435
image,10000000,10000048,24.5579
image,10000000,10000048,24.9239
image,10000000,10000048,26.0815
image,10000000,10000048,26.0541
image,10000000,10000048,25.7952
image,10000000,10000048,24.5404
image,10000000,10000048,24.1891
image,10000000,10000048,26.4559
image,10000000,10000048,25.4711
image,10000000,10000048,25.7741
image,10000000,10000048,26.8863
image,10000000,10000048,25.2268
image,10000000,10000048,26.0784
image,10000000,10000048,24.7072
image,10000000,10000048,24.9319
image,10000000,10000048,25.6606
image,10000000,10000048,25.8012
image,10000000,10000048,26.1618
image,10000000,10000048,25.9765
image,10000000,10000048,25.1721
image,10000000,10000048,24.2254
image,10000000,10000048,24.8942
image,10000000,10000048,25.1443
image,10000000,10000048,25.6870
image,10000000,10000048,26.1346
image,10000000,10000048,25.2514
image,10000000,10000048,24.2914
image,10000000,10000048,26.9510
image,10000000,10000048,26.4393
image,10000000,10000048,26.4261
image,10000000,10000048,27.2821
image,10000000,10000048,28.4609
image,10000000,10000048,22.9961
image,10000000,10000048,25.0537
image,10000000,10000048,25.5484
image,10000000,10000048,25.7164
image,10000000,10000048,26.2028
image,10000000,10000048,26.2435
image,10000000,10000048,26.4232
image,10000000,10000048,24.2053
image,10000000,10000048,24.5680
image,10000000,10000048,25.6644
image,10000000,10000048,27.8027
image,10000000,10000048,28.0836
image,10000000,10000048,27.8109
image,10000000,10000048,26.5922
image,10000000,10000048,23.7596
image,10000000,10000048,26.5495
image,10000000,10000048,27.6703
image,10000000,10000048,27.0306
image,10000000,10000048,27.0677
image,10000000,10000048,26.9583
image,10000000,10000048,27.3213
image,10000000,10000048,25.3382
image,10000000,10000048,25.4184
image,10000000,10000048,25.8248
image,10000000,10000048,26.3477
image,10000000,10000048,26.6860
image,10000000,10000048,27.7248
image,10000000,10000048,27.8215
image,10000000,10000048,24.4497
image,10000000,10000048,24.4452
image,10000000,10000048,26.9140
image,10000000,10000048,25.6767
image,10000000,10000048,26.1674
image,10000000,10000048,27.8358
image,10000000,10000048,24.4750
image,10000000,10000048,24.7710
image,10000000,10000048,24.3578
image,10000000,10000048,27.6921
image,10000000,10000048,26.1108
image,10000000,10000048,26.2718
image,10000000,10000048,24.2943
image,10000000,10000048,24.1521
image,10000000,10000048,24.5554
image,10000000,10000048,26.8772
image,10000000,10000048,25.7079
image,10000000,10000048,25.9225
image,10000000,10000048,25.7787
image,10000000,10000048,24.3499
image,10000000,10000048,26.5126
image,10000000,10000048,26.2348
image,10000000,10000048,27.2933
image,10000000,10000048,27.7668
image,10000000,10000048,26.1454
image,10000000,10000048,24.4416
image,10000000,10000048,24.3656
image,10000000,10000048,25.7054
image,10000000,10000048,26.9155
image,10000000,10000048,25.8469
image,10000000,10000048,26.0055
image,10000000,10000048,27.3757
image,10000000,10000048,26.5219
image,10000000,10000048,21.9969
image,10000000,10000048,23.7708
image,10000000,10000048,25.4468
image,10000000,10000048,25.8274
image,10000000,10000048,25.9079
image,10000000,10000048,26.5938
image,10000000,10000048,24.0886
image,10000000,10000048,25.4895
image,10000000,10000048,25.4182
image,10000000,10000048,26.2219
image,10000000,10000048,26.8594
image,10000000,10000048,25.9571
image,10000000,10000048,26.7717
image,10000000,10000048,24.0949
image,10000000,10000048,26.7312
image,10000000,10000048,25.2385
image,10000000,10000048,25.9636
image,10000000,10000048,26.6903
image,10000000,10000048,26.2759
image,10000000,10000048,25.0158
image,10000000,10000048,24.8039
image,10000000,10000048,25.4556
image,10000000,10000048,24.5557
image,10000000,10000048,26.0558
image,10000000,10000048,26.4515
image,10000000,10000048,26.7140
image,10000000,10000048,26.6259
image,10000000,10000048,26.9312
image,10000000,10000048,25.7967
image,10000000,10000048,25.9281
image,10000000,10000048,26.0646
image,10000000,10000048,27.0703
image,10000000,10000048,24.4586
image,10000000,10000048,25.1292
image,10000000,10000048,25.8022
image,10000000,10000048,20.2077
image,10000000,10000048,26.3391
image,10000000,10000048,24.7252
image,10000000,10000048,24.0080
image,10000000,10000048,24.8371
image,10000000,10000048,26.6898
image,10000000,10000048,26.9460
image,10000000,10000048,27.4434
image,10000000,10000048,24.4282
image,10000000,10000048,26.0142
image,10000000,10000048,25.2442
image,10000000,10000048,25.5809
image,10000000,10000048,25.8793
image,10000000,10000048,26.0254
image,10000000,10000048,24.0198
image,10000000,10000048,24.9243
image,10000000,10000048,25.5419
image,10000000,10000048,26.0190
image,10000000,10000048,26.1404
image,10000000,10000048,24.3343
image,10000000,10000048,24.0854
image,10000000,10000048,26.1147
image,10000000,10000048,26.0037
image,10000000,10000048,25.5750
image,10000000,10000048,26.2936
image,10000000,10000048,25.7891
image,10000000,10000048,25.3923
image,10000000,10000048,25.7467
image,10000000,10000048,26.6542
image,10000000,10000048,25.5378
image,10000000,10000048,26.3744
image,10000000,10000048,25.5729
image,10000000,10000048,24.7555
image,10000000,10000048,27.2165
image,10000000,10000048,26.0371
image,10000000,10000048,26.3106
image,10000000,10000048,26.5070
image,10000000,10000048,24.6702
image,10000000,10000048,24.3990
image,10000000,10000048,25.1215
image,10000000,10000048,27.3056
image,10000000,10000048,26.2175
image,10000000,10000048,26.1843
image,10000000,10000048,25.6544
image,10000000,10000048,24.6005
image,10000000,10000048,26.6478
image,10000000,10000048,25.5517
image,10000000,10000048,25.8873
image,10000000,10000048,26.2328
image,10000000,10000048,26.3618
image,10000000,10000048,25.9099
image,10000000,10000048,24.5185
image,10000000,10000048,25.1053
image,10000000,10000048,26.0357
image,10000000,10000048,25.7051
image,10000000,10000048,26.3265
image,10000000,10000048,26.5892
image,10000000,10000048,24.0467
image,10000000,10000048,25.1128
image,10000000,10000048,27.7040
image,10000000,10000048,26.2075
image,10000000,10000048,25.0282
image,10000000,10000048,25.8476
image,10000000,10000048,24.7009
image,10000000,10000048,27.1280
image,10000000,10000048,25.7736
image,10000000,10000048,27.7419
image,10000000,10000048,26.2832
image,10000000,10000048,28.6594
image,10000000,10000048,27.5761
image,10000000,10000048,26.7070
image,10000000,10000048,24.8959
image,10000000,10000048,25.8777
image,10000000,10000048,17.9433
image,10000000,10000048,26.2698
image,10000000,10000048,26.5218
image,10000000,10000048,25.7946
image,10000000,10000048,24.4381
image,10000000,10000048,24.8452
image,10000000,10000048,25.4670
image,10000000,10000048,26.0832
image,10000000,10000048,26.3464
image,10000000,10000048,26.6164
image,10000000,10000048,24.2652
image,10000000,10000048,24.4950
image,10000000,10000048,25.1281
image,10000000,10000048,25.5597
image,10000000,10000048,25.9275
image,10000000,10000048,26.3349
image,10000000,10000048,25.9867
image,10000000,10000048,25.8916
image,10000000,10000048,24.3394
image,10000000,10000048,24.9750
image,10000000,10000048,25.8790
image,10000000,10000048,29.8977
image,10000000,10000048,26.3133
image,10000000,10000048,27.9985
image,10000000,10000048,24.3794
image,10000000,10000048,24.9632
image,10000000,10000048,25.4820
image,10000000,10000048,25.6650
image,10000000,10000048,27.7070
image,10000000,10000048,26.3077
image,10000000,10000048,26.6131
image,10000000,10000048,25.7875
image,10000000,10000048,24.3839
image,10000000,10000048,24.7846
image,10000000,10000048,27.2460
image,10000000,10000048,27.5266
image,10000000,10000048,26.3771
image,10000000,10000048,26.1675
image,10000000,10000048,26.9300
image,10000000,10000048,23.9679
image,10000000,10000048,25.1518
image,10000000,10000048,26.2092
image,10000000,10000048,27.6710
image,10000000,10000048,26.1187
image,10000000,10000048,26.4965
image,10000000,10000048,26.7515
image,10000000,10000048,24.2365
image,10000000,10000048,24.3511
image,10000000,10000048,25.0225
image,10000000,10000048,25.4043
image,10000000,10000048,26.2432
image,10000000,10000048,26.1966
image,10000000,10000048,28.2074
image,10000000,10000048,26.5978
image,10000000,10000048,25.5624
image,10000000,10000048,26.5313
image,10000000,10000048,24.4810
image,10000000,10000048,27.2995
image,10000000,10000048,25.9868
image,10000000,10000048,25.9431
image,10000000,10000048,26.4165
image,10000000,10000048,25.7958
image,10000000,10000048,25.0428
image,10000000,10000048,25.0314
image,10000000,10000048,26.4101
image,10000000,10000048,26.0516
image,10000000,10000048,26.4246
image,10000000,10000048,22.2513
image,10000000,10000048,27.8447
image,10000000,10000048,24.2030
image,10000000,10000048,25.7103
image,10000000,10000048,25.6665
image,10000000,10000048,26.9464
image,10000000,10000048,26.3484
image,10000000,10000048,26.3642
image,10000000,10000048,26.4628
image,10000000,10000048,25.4587
image,10000000,10000048,25.1187
image,10000000,10000048,28.1468
image,10000000,10000048,26.0588
image,10000000,10000048,26.7482
image,10000000,10000048,28.3112
image,10000000,10000048,26.6836
image,10000000,10000048,24.9268
image,10000000,10000048,24.8931
image,10000000,10000048,25.5704
image,30000000,30000048,45.7509
image,30000000,30000048,47.2254
image,30000000,30000048,48.7682
image,30000000,30000048,46.1551
image,30000000,30000048,46.0855
image,30000000,30000048,45.6992
image,30000000,30000048,46.8300
image,30000000,30000048,45.4762
image,30000000,30000048,47.0716
image,30000000,30000048,48.5638
image,30000000,30000048,49.8437
image,30000000,30000048,58.6426
image,30000000,30000048,41.8077
image,30000000,30000048,43.9998
image,30000000,30000048,43.8005
image,30000000,30000048,45.8013
image,30000000,30000048,47.3545
image,30000000,30000048,58.5469
image,30000000,30000048,48.2283
image,30000000,30000048,61.2637
image,30000000,30000048,64.4322
image,30000000,30000048,46.7607
image,30000000,30000048,44.3779
image,30000000,30000048,45.6761
image,30000000,30000048,46.9498
image,30000000,30000048,50.4497
image,30000000,30000048,47.9169
image,30000000,30000048,45.8847
image,30000000,30000048,45.3302
image,30000000,30000048,47.7806
image,30000000,30000048,40.7678
image,30000000,30000048,44.1225
image,30000000,30000048,45.1196
image,30000000,30000048,46.9282
image,30000000,30000048,47.8594
image,30000000,30000048,44.0764
image,30000000,30000048,46.0083
image,30000000,30000048,42.4231
image,30000000,30000048,42.7633
image,30000000,30000048,44.2803
image,30000000,30000048,46.1709
image,30000000,30000048,46.0820
image,30000000,30000048,46.8335
image,30000000,30000048,48.9185
image,30000000,30000048,47.4800
image,30000000,30000048,45.9714
image,30000000,30000048,44.6215
image,30000000,30000048,45.4505
image,30000000,30000048,45.2873
image,30000000,30000048,49.8219
image,30000000,30000048,48.8434
image,30000000,30000048,48.0864
image,30000000,30000048,48.3452
image,30000000,30000048,47.5716
image,30000000,30000048,46.1279
image,30000000,30000048,44.7823
image,30000000,30000048,65.8328
image,30000000,30000048,43.2365
image,30000000,30000048,44.2850
image,30000000,30000048,44.4105
image,30000000,30000048,45.9724
image,30000000,30000048,49.8118
image,30000000,30000048,49.0117
image,30000000,30000048,49.9682
image,30000000,30000048,46.7089
image,30000000,30000048,45.0663
image,30000000,30000048,45.1678
image,30000000,30000048,45.5996
image,30000000,30000048,46.4053
image,30000000,30000048,47.4901
image,30000000,30000048,46.2044
image,30000000,30000048,46.8416
image,30000000,30000048,48.1627
image,30000000,30000048,46.7014
image,30000000,30000048,44.7345
image,30000000,30000048,44.9221
image,30000000,30000048,44.4514
image,30000000,30000048,45.3077
image,30000000,30000048,56.0405
image,30000000,30000048,50.3347
image,30000000,30000048,48.6320
image,30000000,30000048,48.5505
image,30000000,30000048,48.4908
image,30000000,30000048,45.8670
image,30000000,30000048,43.3467
image,30000000,30000048,44.6068
image,30000000,30000048,45.0564
image,30000000,30000048,45.5022
image,30000000,30000048,45.2450
image,30000000,30000048,42.9402
image,30000000,30000048,47.9518
image,30000000,30000048,49.1185
image,30000000,30000048,48.1209
image,30000000,30000048,45.8676
image,30000000,30000048,48.6741
image,30000000,30000048,44.0423
image,30000000,30000048,44.7394
image,30000000,30000048,57.4909
image,30000000,30000048,46.1580
image,30000000,30000048,46.8863
image,30000000,30000048,48.2833
image,30000000,30000048,47.4241
image,30000000,30000048,44.7409
image,30000000,30000048,46.1174
image,30000000,30000048,59.5256
image,30000000,30000048,47.3000
image,30000000,30000048,46.1180
image,30000000,30000048,46.2358
image,30000000,30000048,48.2598
image,30000000,30000048,48.2918
image,30000000,30000048,46.5688
image,30000000,30000048,44.3803
image,30000000,30000048,44.9421
image,30000000,30000048,44.6104
image,30000000,30000048,49.7705
image,30000000,30000048,45.9333
image,30000000,30000048,46.2836
image,30000000,30000048,47.9990
image,30000000,30000048,48.3747
image,30000000,30000048,48.6536
image,30000000,30000048,46.2273
image,30000000,30000048,67.5262
image,30000000,30000048,48.2699
image,30000000,30000048,53.4595
image,30000000,30000048,58.6589
image,30000000,30000048,51.0828
image,30000000,30000048,48.8521
image,30000000,30000048,53.6271
image,30000000,30000048,44.2227
image,30000000,30000048,43.2055
image,30000000,30000048,44.8268
image,30000000,30000048,42.4968
image,30000000,30000048,45.3870
image,30000000,30000048,46.9543
image,30000000,30000048,51.2493
image,30000000,30000048,48.7914
image,30000000,30000048,49.6085
image,30000000,30000048,49.7717
image,30000000,30000048,44.1226
image,30000000,30000048,43.7354
image,30000000,30000048,44.4864
image,30000000,30000048,45.6700
image,30000000,30000048,45.4585
image,30000000,30000048,43.4849
image,30000000,30000048,41.9124
image,30000000,30000048,48.1430
image,30000000,30000048,42.1488
image,30000000,30000048,43.2993
image,30000000,30000048,42.0100
image,30000000,30000048,45.8257
image,30000000,30000048,47.7075
image,30000000,30000048,60.9249
image,30000000,30000048,49.2417
image,30000000,30000048,48.9223
image,30000000,30000048,45.6461
image,30000000,30000048,46.5627
image,30000000,30000048,47.3211
image,30000000,30000048,46.2551
image,30000000,30000048,48.0543
image,30000000,30000048,42.9707
image,30000000,30000048,49.4831
image,30000000,30000048,47.3493
image,30000000,30000048,46.2940
image,30000000,30000048,46.9021
image,30000000,30000048,47.1291
image,30000000,30000048,47.5143
image,30000000,30000048,56.5942
image,30000000,30000048,49.0893
image,30000000,30000048,49.8186
image,30000000,30000048,49.7883
image,30000000,30000048,47.8114
image,30000000,30000048,46.5561
image,30000000,30000048,45.9815
image,30000000,30000048,46.5153
image,30000000,30000048,51.0384
image,30000000,30000048,65.9282
image,30000000,30000048,56.7978
image,30000000,30000048,46.5699
image,30000000,30000048,43.7609
image,30000000,30000048,113.1671
image,30000000,30000048,78.3671
image,30000000,30000048,47.3818
image,30000000,30000048,48.9604
image,30000000,30000048,61.7658
image,30000000,30000048,44.9241
image,30000000,30000048,60.1906
image,30000000,30000048,42.2358
image,30000000,30000048,43.6320
image,30000000,30000048,44.6236
image,30000000,30000048,51.8499
image,30000000,30000048,43.2903
image,30000000,30000048,47.0504
image,30000000,30000048,48.1055
image,30000000,30000048,45.8964
image,30000000,30000048,47.9133
image,30000000,30000048,46.5899
image,30000000,30000048,47.2925
image,30000000,30000048,46.6590
image,30000000,30000048,52.5730
image,30000000,30000048,50.1169
image,30000000,30000048,56.8537
image,30000000,30000048,47.1409
image,30000000,30000048,44.3428
image,30000000,30000048,44.8730
image,30000000,30000048,44.8509
image,30000000,30000048,48.5947
image,30000000,30000048,48.9125
image,30000000,30000048,59.3179
image,30000000,30000048,48.5969
image,30000000,30000048,47.3376
image,30000000,30000048,46.3505
image,30000000,30000048,45.0574
image,30000000,30000048,45.2526
image,30000000,30000048,59.3997
image,30000000,30000048,48.4384
image,30000000,30000048,56.2869
image,30000000,30000048,46.0736
image,30000000,30000048,46.1067
image,30000000,30000048,48.0248
image,30000000,30000048,49.5998
image,30000000,30000048,46.2430
image,30000000,30000048,44.3438
image,30000000,30000048,43.8096
image,30000000,30000048,44.8331
image,30000000,30000048,44.1301
image,30000000,30000048,52.4898
image,30000000,30000048,48.4278
image,30000000,30000048,52.7350
image,30000000,30000048,50.6375
image,30000000,30000048,67.1266
image,30000000,30000048,58.6618
image,30000000,30000048,44.3126
image,30000000,30000048,44.1521
image,30000000,30000048,45.8209
image,30000000,30000048,47.5024
image,30000000,30000048,48.8101
image,30000000,30000048,48.2804
image,30000000,30000048,48.8037
image,30000000,30000048,71.5427
image,30000000,30000048,596.2209
image,30000000,30000048,519.3672
image,30000000,30000048,532.5811
image,30000000,30000048,549.8458
image,30000000,30000048,462.8581
image,30000000,30000048,373.7489
image,30000000,30000048,311.9866
image,30000000,30000048,615.9996
image,30000000,30000048,539.4193
image,30000000,30000048,457.4970
image,30000000,30000048,367.0024
image,30000000,30000048,280.8715
image,30000000,30000048,189.9690
image,30000000,30000048,996.2568
image,30000000,30000048,913.5780
image,30000000,30000048,822.6849
image,30000000,30000048,731.4226
image,30000000,30000048,639.4690
image,30000000,30000048,559.1904
image,30000000,30000048,468.1610
image,30000000,30000048,377.4695
image,30000000,30000048,287.7628
image,30000000,30000048,536.1614
image,30000000,30000048,498.1262
image,30000000,30000048,440.7125
image,30000000,30000048,455.6294
image,30000000,30000048,467.3229
image,30000000,30000048,378.5330
image,30000000,30000048,830.8422
image,30000000,30000048,1061.7983
image,30000000,30000048,984.1589
image,30000000,30000048,892.8343
image,30000000,30000048,806.2048
image,30000000,30000048,717.8159
image,30000000,30000048,625.5314
image,30000000,30000048,920.9867
image,30000000,30000048,978.0449
image,30000000,30000048,887.1853
image,30000000,30000048,831.3059
image,30000000,30000048,741.0036
image,30000000,30000048,944.4650
image,30000000,30000048,887.5034
image,30000000,30000048,800.2891
image,30000000,30000048,715.4835
image,30000000,30000048,646.1844
image,30000000,30000048,791.6976
image,30000000,30000048,702.3564
image,30000000,30000048,616.1523
image,30000000,30000048,528.3963
image,30000000,30000048,967.4111
image,30000000,30000048,1021.7280
image,30000000,30000048,937.0644
image,30000000,30000048,929.7045
image,30000000,30000048,842.0106
image,30000000,30000048,752.5135
image,30000000,30000048,630.9779
image,30000000,30000048,913.0153
image,30000000,30000048,880.3826
image,30000000,30000048,967.9004
image,30000000,30000048,895.8726
image,30000000,30000048,809.3017
image,30000000,30000048,946.4326
image,30000000,30000048,955.2431
image,30000000,30000048,885.2692
image,30000000,30000048,920.8713
image,30000000,30000048,932.3253
image,30000000,30000048,961.2126
image,30000000,30000048,889.3506
image,30000000,30000048,823.9039
image,30000000,30000048,734.7985
image,30000000,30000048,649.1419
image,30000000,30000048,585.0353
image,30000000,30000048,499.9944
image,30000000,30000048,962.7147
image,30000000,30000048,871.8854
image,30000000,30000048,782.0569
image,30000000,30000048,693.4201
image,30000000,30000048,604.5017
image,30000000,30000048,530.8797
image,30000000,30000048,615.2203
image,30000000,30000048,575.0325
image,30000000,30000048,485.7363
image,30000000,30000048,943.6239
image,30000000,30000048,988.1957
image,30000000,30000048,934.6619
image,30000000,30000048,877.0603
image,30000000,30000048,808.7302
image,30000000,30000048,737.2476
image,30000000,30000048,646.4108
image,30000000,30000048,777.5005
image,30000000,30000048,1018.6307
image,30000000,30000048,929.9603
image,30000000,30000048,869.2729
image,30000000,30000048,970.8663
image,30000000,30000048,894.7184
image,30000000,30000048,809.1885
image,30000000,30000048,719.0352
image,30000000,30000048,629.0489
image,30000000,30000048,944.1084
image,30000000,30000048,891.8983
image,30000000,30000048,841.0516
image,30000000,30000048,1019.9410
image,30000000,30000048,939.4682
image,30000000,30000048,878.2311
image,30000000,30000048,1029.4167
image,30000000,30000048,950.6289
image,30000000,30000048,862.4810
image,30000000,30000048,822.9848
image,30000000,30000048,743.1176
image,30000000,30000048,665.3468
image,30000000,30000048,639.3342
image,30000000,30000048,558.8886
image,30000000,30000048,469.2595
image,30000000,30000048,378.2863
image,30000000,30000048,624.2781
image,30000000,30000048,647.9624
image,30000000,30000048,629.0363
image,30000000,30000048,540.5829
image,30000000,30000048,450.2398
image,30000000,30000048,358.5821
image,30000000,30000048,637.7160
image,30000000,30000048,553.4647
image,30000000,30000048,837.4308
image,30000000,30000048,750.3140
image,30000000,30000048,674.3986
image,30000000,30000048,582.9893
image,30000000,30000048,774.6729
image,30000000,30000048,685.0345
image,30000000,30000048,596.0415
image,30000000,30000048,526.6195
image,30000000,30000048,409.2794
image,30000000,30000048,347.6396
image,30000000,30000048,255.6617
image,30000000,30000048,171.6652
image,30000000,30000048,152.1526
image,30000000,30000048,66.7361
image,30000000,30000048,59.8611
image,30000000,30000048,44.0477
image,30000000,30000048,48.0029
image,30000000,30000048,48.6429
image,30000000,30000048,45.7417
image,30000000,30000048,44.3159
image,30000000,30000048,45.1788
image,30000000,30000048,45.9764
image,30000000,30000048,56.1870
image,30000000,30000048,60.1371
image,30000000,30000048,45.2904
image,30000000,30000048,44.6397
image,30000000,30000048,45.3005
image,30000000,30000048,46.4944
image,30000000,30000048,46.0788
image,30000000,30000048,46.5561
image,30000000,30000048,47.9193
image,30000000,30000048,48.0546
image,30000000,30000048,46.3443
image,30000000,30000048,45.8347
image,30000000,30000048,45.7095
image,30000000,30000048,65.0177
image,30000000,30000048,60.9795
image,30000000,30000048,47.1473
image,30000000,30000048,73.7653
image,30000000,30000048,44.7169
image,30000000,30000048,44.2082
image,30000000,30000048,44.2621
image,30000000,30000048,55.3018
image,30000000,30000048,47.2715
image,30000000,30000048,48.4920
image,30000000,30000048,48.9870
image,30000000,30000048,49.7687
image,30000000,30000048,49.1848
image,30000000,30000048,48.6897
image,30000000,30000048,47.5717
image,30000000,30000048,49.2653
image,30000000,30000048,47.8185
image,30000000,30000048,54.1929
image,30000000,30000048,51.6673
image,30000000,30000048,52.7923
image,30000000,30000048,53.5842
image,30000000,30000048,41.1282
image,30000000,30000048,45.1979
image,30000000,30000048,56.9039
image,30000000,30000048,45.3099
image,30000000,30000048,46.6834
image,30000000,30000048,53.0520
image,30000000,30000048,51.3301
image,30000000,30000048,57.4268
image,30000000,30000048,55.5356
image,30000000,30000048,47.4790
image,30000000,30000048,43.1803
image,30000000,30000048,41.4966
image,30000000,30000048,55.6151
image,30000000,30000048,45.5622
image,30000000,30000048,42.4808
image,30000000,30000048,47.7623
image,30000000,30000048,70.6174
image,30000000,30000048,42.8274
image,30000000,30000048,46.0302
image,30000000,30000048,44.6073
image,30000000,30000048,44.0030
image,30000000,30000048,60.3655
image,30000000,30000048,48.4181
image,30000000,30000048,47.5923
image,30000000,30000048,45.9865
image,30000000,30000048,56.4397
image,30000000,30000048,53.3303
image,30000000,30000048,49.6718
image,30000000,30000048,46.9370
image,30000000,30000048,47.9979
image,30000000,30000048,58.3954
image,30000000,30000048,47.2125
image,30000000,30000048,47.9098
image,30000000,30000048,46.2802
image,30000000,30000048,44.2082
image,30000000,30000048,45.0391
image,30000000,30000048,44.9112
image,30000000,30000048,46.9304
image,30000000,30000048,46.6074
image,30000000,30000048,50.6229
image,30000000,30000048,48.6018
image,30000000,30000048,45.5611
image,30000000,30000048,55.9801
image,30000000,30000048,48.5064
image,30000000,30000048,47.5087
image,30000000,30000048,45.4164
image,30000000,30000048,48.7626
image,30000000,30000048,49.1449
image,30000000,30000048,60.1070
image,30000000,30000048,48.9316
image,30000000,30000048,52.8782
image,30000000,30000048,52.8437
image,30000000,30000048,46.2994
image,30000000,30000048,47.9966
image,30000000,30000048,48.9064
image,30000000,30000048,50.2104
image,50000000,50000048,1232.1585
image,50000000,50000048,1247.2372
image,50000000,50000048,1237.4365
image,50000000,50000048,1191.6216
image,50000000,50000048,1146.5301
image,50000000,50000048,1135.1608
image,50000000,50000048,1364.3535
image,50000000,50000048,1362.5857
image,50000000,50000048,1305.3366
image,50000000,50000048,1220.0139
image,50000000,50000048,1293.5268
image,50000000,50000048,1348.7650
image,50000000,50000048,1286.2517
image,50000000,50000048,1276.6662
image,50000000,50000048,1310.1384
image,50000000,50000048,1263.5175
image,50000000,50000048,1374.1190
image,50000000,50000048,1326.5598
image,50000000,50000048,1399.5636
image,50000000,50000048,1331.8160
image,50000000,50000048,1257.6907
image,50000000,50000048,1297.7510
image,50000000,50000048,1317.6619
image,50000000,50000048,1294.7528
image,50000000,50000048,1336.2298
image,50000000,50000048,1254.0245
image,50000000,50000048,1169.2970
image,50000000,50000048,1256.5466
image,50000000,50000048,1222.8690
image,50000000,50000048,1183.0207
image,50000000,50000048,1230.2303
image,50000000,50000048,1266.8392
image,50000000,50000048,1179.2154
image,50000000,50000048,1255.3030
image,50000000,50000048,1260.5124
image,50000000,50000048,1333.8079
image,50000000,50000048,1210.4107
image,50000000,50000048,1128.5074
image,50000000,50000048,1087.0324
image,50000000,50000048,1383.9736
image,50000000,50000048,1291.5117
image,50000000,50000048,1211.7251
image,50000000,50000048,1289.2951
image,50000000,50000048,1310.8849
image,50000000,50000048,1279.9495
image,50000000,50000048,1275.8752
image,50000000,50000048,1280.7851
image,50000000,50000048,1252.5232
image,50000000,50000048,1214.4679
image,50000000,50000048,1297.3326
image,50000000,50000048,1284.5881
image,50000000,50000048,1233.4186
image,50000000,50000048,1322.3166
image,50000000,50000048,1372.7205
image,50000000,50000048,1510.2123
image,50000000,50000048,1459.7044
image,50000000,50000048,1445.6966
image,50000000,50000048,1359.8936
image,50000000,50000048,1246.9469
image,50000000,50000048,1205.4602
image,50000000,50000048,1161.4525
image,50000000,50000048,1117.3869
image,50000000,50000048,1261.5891
image,50000000,50000048,1369.3457
image,50000000,50000048,1334.5005
image,50000000,50000048,1329.0802
image,50000000,50000048,1434.8426
image,50000000,50000048,1385.8455
image,50000000,50000048,1334.0375
image,50000000,50000048,1373.2617
image,50000000,50000048,1393.6879
image,50000000,50000048,1234.9401
image,50000000,50000048,1284.5288
image,50000000,50000048,1311.9868
image,50000000,50000048,1235.7084
image,50000000,50000048,1311.0032
image,50000000,50000048,1325.3676
image,50000000,50000048,1269.0458
image,50000000,50000048,1292.3171
image,50000000,50000048,1281.4238
image,50000000,50000048,1298.9985
image,50000000,50000048,1287.1216
image,50000000,50000048,1196.4936
image,50000000,50000048,1142.2899
image,50000000,50000048,1189.9832
image,50000000,50000048,1277.0969
image,50000000,50000048,1306.3888
image,50000000,50000048,1292.7860
image,50000000,50000048,1249.6807
image,50000000,50000048,1291.2436
image,50000000,50000048,1230.5133
image,50000000,50000048,1225.5987
image,50000000,50000048,1350.8712
image,50000000,50000048,1349.6743
image,50000000,50000048,1303.4186
image,50000000,50000048,1270.8823
image,100000000,100000048,2581.3224
image,100000000,100000048,2600.3701
image,100000000,100000048,2704.2885
image,100000000,100000048,2592.8138
image,100000000,100000048,2521.7082
image,100000000,100000048,2386.9393
image,100000000,100000048,2464.2019
image,100000000,100000048,2500.2309
image,100000000,100000048,2577.0214
image,100000000,100000048,2543.1688
image,100000000,100000048,2428.8099
image,100000000,100000048,2505.0291
image,100000000,100000048,2530.7960
image,100000000,100000048,2589.7704
image,100000000,100000048,2572.5704
image,100000000,100000048,2544.1894
image,100000000,100000048,2532.1084
image,100000000,100000048,2517.3618
image,100000000,100000048,2646.4318
image,100000000,100000048,2474.1806
image,100000000,100000048,2413.0179
image,100000000,100000048,2599.1281
image,100000000,100000048,2682.4164
image,100000000,100000048,2586.3065
image,100000000,100000048,2815.0424
image,100000000,100000048,2638.4956
